experiment_id,strain,temperature,hour,population,growth_rate,capacity
1,A,20,0,123.0,0.256,65845
1,A,20,1,161.0,0.256,65845
1,A,20,2,198.0,0.256,65845
1,A,20,3,252.0,0.256,65845
1,A,20,4,324.0,0.256,65845
1,A,20,5,398.0,0.256,65845
1,A,20,6,511.0,0.256,65845
1,A,20,7,632.0,0.256,65845
1,A,20,8,806.0,0.256,65845
1,A,20,9,937.0,0.256,65845
1,A,20,10,1183.0,0.256,65845
1,A,20,11,1458.0,0.256,65845
1,A,20,12,1927.0,0.256,65845
1,A,20,13,2349.0,0.256,65845
1,A,20,14,,0.256,65845
1,A,20,15,3707.0,0.256,65845
1,A,20,16,4577.0,0.256,65845
1,A,20,17,6011.0,0.256,65845
1,A,20,18,7095.0,0.256,65845
1,A,20,19,8557.0,0.256,65845
1,A,20,20,10162.0,0.256,65845
1,A,20,21,13181.0,0.256,65845
1,A,20,22,15795.0,0.256,65845
1,A,20,23,17771.0,0.256,65845
1,A,20,24,21667.0,0.256,65845
1,A,20,25,25675.0,0.256,65845
1,A,20,26,28043.0,0.256,65845
1,A,20,27,33382.0,0.256,65845
1,A,20,28,39466.0,0.256,65845
1,A,20,29,39961.0,0.256,65845
1,A,20,30,46567.0,0.256,65845
1,A,20,31,52260.0,0.256,65845
1,A,20,32,51625.0,0.256,65845
1,A,20,33,54560.0,0.256,65845
1,A,20,34,57955.0,0.256,65845
1,A,20,35,60347.0,0.256,65845
1,A,20,36,61639.0,0.256,65845
1,A,20,37,59264.0,0.256,65845
1,A,20,38,61546.0,0.256,65845
1,A,20,39,63883.0,0.256,65845
1,A,20,40,63612.0,0.256,65845
1,A,20,41,66836.0,0.256,65845
1,A,20,42,64307.0,0.256,65845
1,A,20,43,64441.0,0.256,65845
1,A,20,44,68962.0,0.256,65845
1,A,20,45,65306.0,0.256,65845
1,A,20,46,63635.0,0.256,65845
1,A,20,47,65630.0,0.256,65845
1,A,20,48,65231.0,0.256,65845
2,A,20,0,,0.256,65845
2,A,20,1,160.0,0.256,65845
2,A,20,2,196.0,0.256,65845
2,A,20,3,246.0,0.256,65845
2,A,20,4,307.0,0.256,65845
2,A,20,5,,0.256,65845
2,A,20,6,521.0,0.256,65845
2,A,20,7,615.0,0.256,65845
2,A,20,8,785.0,0.256,65845
2,A,20,9,978.0,0.256,65845
2,A,20,10,1193.0,0.256,65845
2,A,20,11,1492.0,0.256,65845
2,A,20,12,1868.0,0.256,65845
2,A,20,13,2230.0,0.256,65845
2,A,20,14,2883.0,0.256,65845
2,A,20,15,3722.0,0.256,65845
2,A,20,16,4686.0,0.256,65845
2,A,20,17,5611.0,0.256,65845
2,A,20,18,6890.0,0.256,65845
2,A,20,19,8728.0,0.256,65845
2,A,20,20,11117.0,0.256,65845
2,A,20,21,12372.0,0.256,65845
2,A,20,22,14999.0,0.256,65845
2,A,20,23,18130.0,0.256,65845
2,A,20,24,22120.0,0.256,65845
2,A,20,25,24840.0,0.256,65845
2,A,20,26,29906.0,0.256,65845
2,A,20,27,32935.0,0.256,65845
2,A,20,28,38515.0,0.256,65845
2,A,20,29,41599.0,0.256,65845
2,A,20,30,45299.0,0.256,65845
2,A,20,31,50661.0,0.256,65845
2,A,20,32,50734.0,0.256,65845
2,A,20,33,54038.0,0.256,65845
2,A,20,34,58838.0,0.256,65845
2,A,20,35,60796.0,0.256,65845
2,A,20,36,61292.0,0.256,65845
2,A,20,37,58008.0,0.256,65845
2,A,20,38,64354.0,0.256,65845
2,A,20,39,64356.0,0.256,65845
2,A,20,40,63571.0,0.256,65845
2,A,20,41,60857.0,0.256,65845
2,A,20,42,66553.0,0.256,65845
2,A,20,43,68584.0,0.256,65845
2,A,20,44,66319.0,0.256,65845
2,A,20,45,68079.0,0.256,65845
2,A,20,46,64269.0,0.256,65845
2,A,20,47,65999.0,0.256,65845
2,A,20,48,64406.0,0.256,65845
3,A,20,0,121.0,0.256,65845
3,A,20,1,156.0,0.256,65845
3,A,20,2,,0.256,65845
3,A,20,3,243.0,0.256,65845
3,A,20,4,305.0,0.256,65845
3,A,20,5,386.0,0.256,65845
3,A,20,6,487.0,0.256,65845
3,A,20,7,618.0,0.256,65845
3,A,20,8,743.0,0.256,65845
3,A,20,9,976.0,0.256,65845
3,A,20,10,1145.0,0.256,65845
3,A,20,11,1518.0,0.256,65845
3,A,20,12,1900.0,0.256,65845
3,A,20,13,2202.0,0.256,65845
3,A,20,14,2920.0,0.256,65845
3,A,20,15,,0.256,65845
3,A,20,16,4621.0,0.256,65845
3,A,20,17,5563.0,0.256,65845
3,A,20,18,6854.0,0.256,65845
3,A,20,19,8639.0,0.256,65845
3,A,20,20,10520.0,0.256,65845
3,A,20,21,13039.0,0.256,65845
3,A,20,22,15422.0,0.256,65845
3,A,20,23,18869.0,0.256,65845
3,A,20,24,22024.0,0.256,65845
3,A,20,25,24908.0,0.256,65845
3,A,20,26,28594.0,0.256,65845
3,A,20,27,33131.0,0.256,65845
3,A,20,28,38340.0,0.256,65845
3,A,20,29,40903.0,0.256,65845
3,A,20,30,47119.0,0.256,65845
3,A,20,31,47169.0,0.256,65845
3,A,20,32,52188.0,0.256,65845
3,A,20,33,53766.0,0.256,65845
3,A,20,34,58119.0,0.256,65845
3,A,20,35,59674.0,0.256,65845
3,A,20,36,60635.0,0.256,65845
3,A,20,37,59778.0,0.256,65845
3,A,20,38,61322.0,0.256,65845
3,A,20,39,62427.0,0.256,65845
3,A,20,40,66137.0,0.256,65845
3,A,20,41,63380.0,0.256,65845
3,A,20,42,65911.0,0.256,65845
3,A,20,43,66963.0,0.256,65845
3,A,20,44,63682.0,0.256,65845
3,A,20,45,64452.0,0.256,65845
3,A,20,46,61222.0,0.256,65845
3,A,20,47,64841.0,0.256,65845
3,A,20,48,67094.0,0.256,65845
4,A,20,0,122.0,0.256,65845
4,A,20,1,159.0,0.256,65845
4,A,20,2,203.0,0.256,65845
4,A,20,3,,0.256,65845
4,A,20,4,308.0,0.256,65845
4,A,20,5,394.0,0.256,65845
4,A,20,6,481.0,0.256,65845
4,A,20,7,608.0,0.256,65845
4,A,20,8,827.0,0.256,65845
4,A,20,9,952.0,0.256,65845
4,A,20,10,1186.0,0.256,65845
4,A,20,11,1523.0,0.256,65845
4,A,20,12,1911.0,0.256,65845
4,A,20,13,2420.0,0.256,65845
4,A,20,14,2883.0,0.256,65845
4,A,20,15,3556.0,0.256,65845
4,A,20,16,4426.0,0.256,65845
4,A,20,17,5773.0,0.256,65845
4,A,20,18,7193.0,0.256,65845
4,A,20,19,8369.0,0.256,65845
4,A,20,20,10311.0,0.256,65845
4,A,20,21,12717.0,0.256,65845
4,A,20,22,14914.0,0.256,65845
4,A,20,23,18096.0,0.256,65845
4,A,20,24,22375.0,0.256,65845
4,A,20,25,24558.0,0.256,65845
4,A,20,26,29820.0,0.256,65845
4,A,20,27,34854.0,0.256,65845
4,A,20,28,36653.0,0.256,65845
4,A,20,29,43375.0,0.256,65845
4,A,20,30,45897.0,0.256,65845
4,A,20,31,48658.0,0.256,65845
4,A,20,32,53975.0,0.256,65845
4,A,20,33,55435.0,0.256,65845
4,A,20,34,57164.0,0.256,65845
4,A,20,35,58400.0,0.256,65845
4,A,20,36,59375.0,0.256,65845
4,A,20,37,61050.0,0.256,65845
4,A,20,38,62534.0,0.256,65845
4,A,20,39,65146.0,0.256,65845
4,A,20,40,63737.0,0.256,65845
4,A,20,41,65194.0,0.256,65845
4,A,20,42,64175.0,0.256,65845
4,A,20,43,66093.0,0.256,65845
4,A,20,44,65195.0,0.256,65845
4,A,20,45,67959.0,0.256,65845
4,A,20,46,,0.256,65845
4,A,20,47,62358.0,0.256,65845
4,A,20,48,65449.0,0.256,65845
5,A,20,0,124.0,0.256,65845
5,A,20,1,162.0,0.256,65845
5,A,20,2,198.0,0.256,65845
5,A,20,3,255.0,0.256,65845
5,A,20,4,319.0,0.256,65845
5,A,20,5,384.0,0.256,65845
5,A,20,6,486.0,0.256,65845
5,A,20,7,616.0,0.256,65845
5,A,20,8,747.0,0.256,65845
5,A,20,9,1066.0,0.256,65845
5,A,20,10,1230.0,0.256,65845
5,A,20,11,1458.0,0.256,65845
5,A,20,12,1815.0,0.256,65845
5,A,20,13,2375.0,0.256,65845
5,A,20,14,2916.0,0.256,65845
5,A,20,15,3501.0,0.256,65845
5,A,20,16,4324.0,0.256,65845
5,A,20,17,5650.0,0.256,65845
5,A,20,18,6871.0,0.256,65845
5,A,20,19,8667.0,0.256,65845
5,A,20,20,10435.0,0.256,65845
5,A,20,21,13147.0,0.256,65845
5,A,20,22,14512.0,0.256,65845
5,A,20,23,18702.0,0.256,65845
5,A,20,24,21231.0,0.256,65845
5,A,20,25,24777.0,0.256,65845
5,A,20,26,30346.0,0.256,65845
5,A,20,27,31716.0,0.256,65845
5,A,20,28,37776.0,0.256,65845
5,A,20,29,41540.0,0.256,65845
5,A,20,30,47536.0,0.256,65845
5,A,20,31,47284.0,0.256,65845
5,A,20,32,53157.0,0.256,65845
5,A,20,33,56099.0,0.256,65845
5,A,20,34,57547.0,0.256,65845
5,A,20,35,59622.0,0.256,65845
5,A,20,36,60628.0,0.256,65845
5,A,20,37,59356.0,0.256,65845
5,A,20,38,61982.0,0.256,65845
5,A,20,39,59997.0,0.256,65845
5,A,20,40,66034.0,0.256,65845
5,A,20,41,66472.0,0.256,65845
5,A,20,42,62185.0,0.256,65845
5,A,20,43,67520.0,0.256,65845
5,A,20,44,64987.0,0.256,65845
5,A,20,45,62475.0,0.256,65845
5,A,20,46,64123.0,0.256,65845
5,A,20,47,66767.0,0.256,65845
5,A,20,48,65485.0,0.256,65845
6,A,20,0,122.0,0.256,65845
6,A,20,1,161.0,0.256,65845
6,A,20,2,197.0,0.256,65845
6,A,20,3,245.0,0.256,65845
6,A,20,4,300.0,0.256,65845
6,A,20,5,397.0,0.256,65845
6,A,20,6,503.0,0.256,65845
6,A,20,7,596.0,0.256,65845
6,A,20,8,765.0,0.256,65845
6,A,20,9,959.0,0.256,65845
6,A,20,10,1217.0,0.256,65845
6,A,20,11,1466.0,0.256,65845
6,A,20,12,2008.0,0.256,65845
6,A,20,13,2385.0,0.256,65845
6,A,20,14,3028.0,0.256,65845
6,A,20,15,3635.0,0.256,65845
6,A,20,16,4846.0,0.256,65845
6,A,20,17,5721.0,0.256,65845
6,A,20,18,6590.0,0.256,65845
6,A,20,19,8820.0,0.256,65845
6,A,20,20,10456.0,0.256,65845
6,A,20,21,12319.0,0.256,65845
6,A,20,22,15328.0,0.256,65845
6,A,20,23,17872.0,0.256,65845
6,A,20,24,22221.0,0.256,65845
6,A,20,25,25959.0,0.256,65845
6,A,20,26,28261.0,0.256,65845
6,A,20,27,34328.0,0.256,65845
6,A,20,28,39065.0,0.256,65845
6,A,20,29,38852.0,0.256,65845
6,A,20,30,47687.0,0.256,65845
6,A,20,31,50433.0,0.256,65845
6,A,20,32,53903.0,0.256,65845
6,A,20,33,57681.0,0.256,65845
6,A,20,34,57495.0,0.256,65845
6,A,20,35,57884.0,0.256,65845
6,A,20,36,61591.0,0.256,65845
6,A,20,37,61781.0,0.256,65845
6,A,20,38,63839.0,0.256,65845
6,A,20,39,59243.0,0.256,65845
6,A,20,40,63422.0,0.256,65845
6,A,20,41,69654.0,0.256,65845
6,A,20,42,65664.0,0.256,65845
6,A,20,43,67118.0,0.256,65845
6,A,20,44,66002.0,0.256,65845
6,A,20,45,64780.0,0.256,65845
6,A,20,46,67222.0,0.256,65845
6,A,20,47,67096.0,0.256,65845
6,A,20,48,64995.0,0.256,65845
7,A,20,0,125.0,0.256,65845
7,A,20,1,161.0,0.256,65845
7,A,20,2,193.0,0.256,65845
7,A,20,3,242.0,0.256,65845
7,A,20,4,323.0,0.256,65845
7,A,20,5,405.0,0.256,65845
7,A,20,6,488.0,0.256,65845
7,A,20,7,645.0,0.256,65845
7,A,20,8,792.0,0.256,65845
7,A,20,9,979.0,0.256,65845
7,A,20,10,1193.0,0.256,65845
7,A,20,11,1551.0,0.256,65845
7,A,20,12,1865.0,0.256,65845
7,A,20,13,,0.256,65845
7,A,20,14,2896.0,0.256,65845
7,A,20,15,3806.0,0.256,65845
7,A,20,16,4579.0,0.256,65845
7,A,20,17,5650.0,0.256,65845
7,A,20,18,7110.0,0.256,65845
7,A,20,19,9204.0,0.256,65845
7,A,20,20,10802.0,0.256,65845
7,A,20,21,12141.0,0.256,65845
7,A,20,22,15363.0,0.256,65845
7,A,20,23,18435.0,0.256,65845
7,A,20,24,21398.0,0.256,65845
7,A,20,25,24761.0,0.256,65845
7,A,20,26,31013.0,0.256,65845
7,A,20,27,34449.0,0.256,65845
7,A,20,28,38951.0,0.256,65845
7,A,20,29,42490.0,0.256,65845
7,A,20,30,47078.0,0.256,65845
7,A,20,31,50228.0,0.256,65845
7,A,20,32,,0.256,65845
7,A,20,33,55040.0,0.256,65845
7,A,20,34,55916.0,0.256,65845
7,A,20,35,58179.0,0.256,65845
7,A,20,36,60857.0,0.256,65845
7,A,20,37,60439.0,0.256,65845
7,A,20,38,63657.0,0.256,65845
7,A,20,39,61986.0,0.256,65845
7,A,20,40,65747.0,0.256,65845
7,A,20,41,61930.0,0.256,65845
7,A,20,42,65578.0,0.256,65845
7,A,20,43,67666.0,0.256,65845
7,A,20,44,67037.0,0.256,65845
7,A,20,45,64443.0,0.256,65845
7,A,20,46,68160.0,0.256,65845
7,A,20,47,65715.0,0.256,65845
7,A,20,48,66408.0,0.256,65845
8,A,20,0,125.0,0.256,65845
8,A,20,1,149.0,0.256,65845
8,A,20,2,201.0,0.256,65845
8,A,20,3,252.0,0.256,65845
8,A,20,4,319.0,0.256,65845
8,A,20,5,380.0,0.256,65845
8,A,20,6,503.0,0.256,65845
8,A,20,7,604.0,0.256,65845
8,A,20,8,745.0,0.256,65845
8,A,20,9,937.0,0.256,65845
8,A,20,10,1219.0,0.256,65845
8,A,20,11,1497.0,0.256,65845
8,A,20,12,1983.0,0.256,65845
8,A,20,13,2423.0,0.256,65845
8,A,20,14,3052.0,0.256,65845
8,A,20,15,3654.0,0.256,65845
8,A,20,16,4413.0,0.256,65845
8,A,20,17,5375.0,0.256,65845
8,A,20,18,6922.0,0.256,65845
8,A,20,19,8891.0,0.256,65845
8,A,20,20,10866.0,0.256,65845
8,A,20,21,12097.0,0.256,65845
8,A,20,22,15482.0,0.256,65845
8,A,20,23,18761.0,0.256,65845
8,A,20,24,21121.0,0.256,65845
8,A,20,25,25506.0,0.256,65845
8,A,20,26,28856.0,0.256,65845
8,A,20,27,33821.0,0.256,65845
8,A,20,28,38108.0,0.256,65845
8,A,20,29,41588.0,0.256,65845
8,A,20,30,45737.0,0.256,65845
8,A,20,31,48446.0,0.256,65845
8,A,20,32,52779.0,0.256,65845
8,A,20,33,49986.0,0.256,65845
8,A,20,34,58404.0,0.256,65845
8,A,20,35,61279.0,0.256,65845
8,A,20,36,58502.0,0.256,65845
8,A,20,37,61719.0,0.256,65845
8,A,20,38,64101.0,0.256,65845
8,A,20,39,62339.0,0.256,65845
8,A,20,40,62901.0,0.256,65845
8,A,20,41,64504.0,0.256,65845
8,A,20,42,66373.0,0.256,65845
8,A,20,43,62462.0,0.256,65845
8,A,20,44,65793.0,0.256,65845
8,A,20,45,66511.0,0.256,65845
8,A,20,46,62867.0,0.256,65845
8,A,20,47,65928.0,0.256,65845
8,A,20,48,68538.0,0.256,65845
9,A,20,0,126.0,0.256,65845
9,A,20,1,157.0,0.256,65845
9,A,20,2,206.0,0.256,65845
9,A,20,3,244.0,0.256,65845
9,A,20,4,310.0,0.256,65845
9,A,20,5,407.0,0.256,65845
9,A,20,6,517.0,0.256,65845
9,A,20,7,596.0,0.256,65845
9,A,20,8,767.0,0.256,65845
9,A,20,9,981.0,0.256,65845
9,A,20,10,1258.0,0.256,65845
9,A,20,11,1537.0,0.256,65845
9,A,20,12,1861.0,0.256,65845
9,A,20,13,2423.0,0.256,65845
9,A,20,14,2753.0,0.256,65845
9,A,20,15,3688.0,0.256,65845
9,A,20,16,4661.0,0.256,65845
9,A,20,17,5835.0,0.256,65845
9,A,20,18,7062.0,0.256,65845
9,A,20,19,8196.0,0.256,65845
9,A,20,20,10768.0,0.256,65845
9,A,20,21,12522.0,0.256,65845
9,A,20,22,15144.0,0.256,65845
9,A,20,23,19005.0,0.256,65845
9,A,20,24,20471.0,0.256,65845
9,A,20,25,27205.0,0.256,65845
9,A,20,26,30290.0,0.256,65845
9,A,20,27,34561.0,0.256,65845
9,A,20,28,37703.0,0.256,65845
9,A,20,29,42884.0,0.256,65845
9,A,20,30,46735.0,0.256,65845
9,A,20,31,49808.0,0.256,65845
9,A,20,32,50219.0,0.256,65845
9,A,20,33,56051.0,0.256,65845
9,A,20,34,58016.0,0.256,65845
9,A,20,35,61107.0,0.256,65845
9,A,20,36,61675.0,0.256,65845
9,A,20,37,62583.0,0.256,65845
9,A,20,38,63309.0,0.256,65845
9,A,20,39,60845.0,0.256,65845
9,A,20,40,60649.0,0.256,65845
9,A,20,41,64415.0,0.256,65845
9,A,20,42,63562.0,0.256,65845
9,A,20,43,66055.0,0.256,65845
9,A,20,44,62944.0,0.256,65845
9,A,20,45,64356.0,0.256,65845
9,A,20,46,66952.0,0.256,65845
9,A,20,47,65645.0,0.256,65845
9,A,20,48,63968.0,0.256,65845
10,A,20,0,128.0,0.256,65845
10,A,20,1,159.0,0.256,65845
10,A,20,2,192.0,0.256,65845
10,A,20,3,244.0,0.256,65845
10,A,20,4,314.0,0.256,65845
10,A,20,5,389.0,0.256,65845
10,A,20,6,487.0,0.256,65845
10,A,20,7,606.0,0.256,65845
10,A,20,8,710.0,0.256,65845
10,A,20,9,981.0,0.256,65845
10,A,20,10,1222.0,0.256,65845
10,A,20,11,,0.256,65845
10,A,20,12,1793.0,0.256,65845
10,A,20,13,2336.0,0.256,65845
10,A,20,14,2948.0,0.256,65845
10,A,20,15,3646.0,0.256,65845
10,A,20,16,4544.0,0.256,65845
10,A,20,17,5268.0,0.256,65845
10,A,20,18,7090.0,0.256,65845
10,A,20,19,8703.0,0.256,65845
10,A,20,20,10668.0,0.256,65845
10,A,20,21,13207.0,0.256,65845
10,A,20,22,15440.0,0.256,65845
10,A,20,23,19093.0,0.256,65845
10,A,20,24,20943.0,0.256,65845
10,A,20,25,25979.0,0.256,65845
10,A,20,26,29256.0,0.256,65845
10,A,20,27,35038.0,0.256,65845
10,A,20,28,37282.0,0.256,65845
10,A,20,29,41281.0,0.256,65845
10,A,20,30,44948.0,0.256,65845
10,A,20,31,50105.0,0.256,65845
10,A,20,32,51282.0,0.256,65845
10,A,20,33,56641.0,0.256,65845
10,A,20,34,58752.0,0.256,65845
10,A,20,35,59428.0,0.256,65845
10,A,20,36,61061.0,0.256,65845
10,A,20,37,60801.0,0.256,65845
10,A,20,38,66461.0,0.256,65845
10,A,20,39,65136.0,0.256,65845
10,A,20,40,61895.0,0.256,65845
10,A,20,41,66448.0,0.256,65845
10,A,20,42,62701.0,0.256,65845
10,A,20,43,65616.0,0.256,65845
10,A,20,44,66409.0,0.256,65845
10,A,20,45,64666.0,0.256,65845
10,A,20,46,64248.0,0.256,65845
10,A,20,47,66150.0,0.256,65845
10,A,20,48,66613.0,0.256,65845
11,A,25,0,,0.35,90000
11,A,25,1,184.0,0.35,90000
11,A,25,2,235.0,0.35,90000
11,A,25,3,330.0,0.35,90000
11,A,25,4,433.0,0.35,90000
11,A,25,5,603.0,0.35,90000
11,A,25,6,784.0,0.35,90000
11,A,25,7,1064.0,0.35,90000
11,A,25,8,,0.35,90000
11,A,25,9,1946.0,0.35,90000
11,A,25,10,2622.0,0.35,90000
11,A,25,11,3529.0,0.35,90000
11,A,25,12,4815.0,0.35,90000
11,A,25,13,6122.0,0.35,90000
11,A,25,14,8749.0,0.35,90000
11,A,25,15,10876.0,0.35,90000
11,A,25,16,14037.0,0.35,90000
11,A,25,17,18754.0,0.35,90000
11,A,25,18,23439.0,0.35,90000
11,A,25,19,29411.0,0.35,90000
11,A,25,20,37009.0,0.35,90000
11,A,25,21,42695.0,0.35,90000
11,A,25,22,53783.0,0.35,90000
11,A,25,23,57345.0,0.35,90000
11,A,25,24,65367.0,0.35,90000
11,A,25,25,75005.0,0.35,90000
11,A,25,26,80055.0,0.35,90000
11,A,25,27,81930.0,0.35,90000
11,A,25,28,80170.0,0.35,90000
11,A,25,29,84618.0,0.35,90000
11,A,25,30,85319.0,0.35,90000
11,A,25,31,86068.0,0.35,90000
11,A,25,32,87484.0,0.35,90000
11,A,25,33,89725.0,0.35,90000
11,A,25,34,91269.0,0.35,90000
11,A,25,35,89782.0,0.35,90000
11,A,25,36,86956.0,0.35,90000
11,A,25,37,89431.0,0.35,90000
11,A,25,38,90061.0,0.35,90000
11,A,25,39,91781.0,0.35,90000
11,A,25,40,87816.0,0.35,90000
11,A,25,41,88214.0,0.35,90000
11,A,25,42,87760.0,0.35,90000
11,A,25,43,86502.0,0.35,90000
11,A,25,44,90536.0,0.35,90000
11,A,25,45,88031.0,0.35,90000
11,A,25,46,91985.0,0.35,90000
11,A,25,47,91796.0,0.35,90000
11,A,25,48,89603.0,0.35,90000
12,A,25,0,135.0,0.35,90000
12,A,25,1,179.0,0.35,90000
12,A,25,2,246.0,0.35,90000
12,A,25,3,331.0,0.35,90000
12,A,25,4,461.0,0.35,90000
12,A,25,5,592.0,0.35,90000
12,A,25,6,835.0,0.35,90000
12,A,25,7,1112.0,0.35,90000
12,A,25,8,1483.0,0.35,90000
12,A,25,9,1904.0,0.35,90000
12,A,25,10,2569.0,0.35,90000
12,A,25,11,3546.0,0.35,90000
12,A,25,12,4759.0,0.35,90000
12,A,25,13,6078.0,0.35,90000
12,A,25,14,8799.0,0.35,90000
12,A,25,15,11080.0,0.35,90000
12,A,25,16,14360.0,0.35,90000
12,A,25,17,18948.0,0.35,90000
12,A,25,18,23280.0,0.35,90000
12,A,25,19,28087.0,0.35,90000
12,A,25,20,36803.0,0.35,90000
12,A,25,21,43600.0,0.35,90000
12,A,25,22,52449.0,0.35,90000
12,A,25,23,60391.0,0.35,90000
12,A,25,24,63871.0,0.35,90000
12,A,25,25,71288.0,0.35,90000
12,A,25,26,79867.0,0.35,90000
12,A,25,27,84974.0,0.35,90000
12,A,25,28,83974.0,0.35,90000
12,A,25,29,86384.0,0.35,90000
12,A,25,30,88270.0,0.35,90000
12,A,25,31,89023.0,0.35,90000
12,A,25,32,95850.0,0.35,90000
12,A,25,33,93780.0,0.35,90000
12,A,25,34,87874.0,0.35,90000
12,A,25,35,88911.0,0.35,90000
12,A,25,36,92951.0,0.35,90000
12,A,25,37,91484.0,0.35,90000
12,A,25,38,92530.0,0.35,90000
12,A,25,39,91812.0,0.35,90000
12,A,25,40,87770.0,0.35,90000
12,A,25,41,86706.0,0.35,90000
12,A,25,42,86120.0,0.35,90000
12,A,25,43,88207.0,0.35,90000
12,A,25,44,91194.0,0.35,90000
12,A,25,45,88644.0,0.35,90000
12,A,25,46,95516.0,0.35,90000
12,A,25,47,85785.0,0.35,90000
12,A,25,48,89370.0,0.35,90000
13,A,25,0,139.0,0.35,90000
13,A,25,1,193.0,0.35,90000
13,A,25,2,239.0,0.35,90000
13,A,25,3,335.0,0.35,90000
13,A,25,4,457.0,0.35,90000
13,A,25,5,568.0,0.35,90000
13,A,25,6,832.0,0.35,90000
13,A,25,7,1100.0,0.35,90000
13,A,25,8,1455.0,0.35,90000
13,A,25,9,2038.0,0.35,90000
13,A,25,10,2665.0,0.35,90000
13,A,25,11,3481.0,0.35,90000
13,A,25,12,4950.0,0.35,90000
13,A,25,13,6216.0,0.35,90000
13,A,25,14,8719.0,0.35,90000
13,A,25,15,10273.0,0.35,90000
13,A,25,16,14851.0,0.35,90000
13,A,25,17,18533.0,0.35,90000
13,A,25,18,24097.0,0.35,90000
13,A,25,19,30200.0,0.35,90000
13,A,25,20,38179.0,0.35,90000
13,A,25,21,43557.0,0.35,90000
13,A,25,22,,0.35,90000
13,A,25,23,59644.0,0.35,90000
13,A,25,24,68181.0,0.35,90000
13,A,25,25,73162.0,0.35,90000
13,A,25,26,78639.0,0.35,90000
13,A,25,27,82558.0,0.35,90000
13,A,25,28,80084.0,0.35,90000
13,A,25,29,85621.0,0.35,90000
13,A,25,30,87787.0,0.35,90000
13,A,25,31,88960.0,0.35,90000
13,A,25,32,95562.0,0.35,90000
13,A,25,33,91516.0,0.35,90000
13,A,25,34,93113.0,0.35,90000
13,A,25,35,88629.0,0.35,90000
13,A,25,36,92120.0,0.35,90000
13,A,25,37,94856.0,0.35,90000
13,A,25,38,88854.0,0.35,90000
13,A,25,39,88404.0,0.35,90000
13,A,25,40,86042.0,0.35,90000
13,A,25,41,86604.0,0.35,90000
13,A,25,42,94637.0,0.35,90000
13,A,25,43,86139.0,0.35,90000
13,A,25,44,89856.0,0.35,90000
13,A,25,45,92219.0,0.35,90000
13,A,25,46,90609.0,0.35,90000
13,A,25,47,90840.0,0.35,90000
13,A,25,48,89912.0,0.35,90000
14,A,25,0,139.0,0.35,90000
14,A,25,1,175.0,0.35,90000
14,A,25,2,243.0,0.35,90000
14,A,25,3,331.0,0.35,90000
14,A,25,4,423.0,0.35,90000
14,A,25,5,590.0,0.35,90000
14,A,25,6,809.0,0.35,90000
14,A,25,7,1145.0,0.35,90000
14,A,25,8,1446.0,0.35,90000
14,A,25,9,2051.0,0.35,90000
14,A,25,10,2603.0,0.35,90000
14,A,25,11,3742.0,0.35,90000
14,A,25,12,4703.0,0.35,90000
14,A,25,13,6538.0,0.35,90000
14,A,25,14,9140.0,0.35,90000
14,A,25,15,11396.0,0.35,90000
14,A,25,16,15098.0,0.35,90000
14,A,25,17,18121.0,0.35,90000
14,A,25,18,24317.0,0.35,90000
14,A,25,19,30714.0,0.35,90000
14,A,25,20,36853.0,0.35,90000
14,A,25,21,45064.0,0.35,90000
14,A,25,22,50842.0,0.35,90000
14,A,25,23,59381.0,0.35,90000
14,A,25,24,64716.0,0.35,90000
14,A,25,25,69831.0,0.35,90000
14,A,25,26,79677.0,0.35,90000
14,A,25,27,79631.0,0.35,90000
14,A,25,28,85103.0,0.35,90000
14,A,25,29,90970.0,0.35,90000
14,A,25,30,90345.0,0.35,90000
14,A,25,31,86676.0,0.35,90000
14,A,25,32,88241.0,0.35,90000
14,A,25,33,87558.0,0.35,90000
14,A,25,34,89565.0,0.35,90000
14,A,25,35,94340.0,0.35,90000
14,A,25,36,94222.0,0.35,90000
14,A,25,37,88514.0,0.35,90000
14,A,25,38,86259.0,0.35,90000
14,A,25,39,92831.0,0.35,90000
14,A,25,40,83809.0,0.35,90000
14,A,25,41,91573.0,0.35,90000
14,A,25,42,83854.0,0.35,90000
14,A,25,43,91146.0,0.35,90000
14,A,25,44,90612.0,0.35,90000
14,A,25,45,88860.0,0.35,90000
14,A,25,46,86993.0,0.35,90000
14,A,25,47,91494.0,0.35,90000
14,A,25,48,91232.0,0.35,90000
15,A,25,0,136.0,0.35,90000
15,A,25,1,195.0,0.35,90000
15,A,25,2,244.0,0.35,90000
15,A,25,3,326.0,0.35,90000
15,A,25,4,467.0,0.35,90000
15,A,25,5,659.0,0.35,90000
15,A,25,6,798.0,0.35,90000
15,A,25,7,1089.0,0.35,90000
15,A,25,8,1453.0,0.35,90000
15,A,25,9,1999.0,0.35,90000
15,A,25,10,2724.0,0.35,90000
15,A,25,11,3486.0,0.35,90000
15,A,25,12,4727.0,0.35,90000
15,A,25,13,6158.0,0.35,90000
15,A,25,14,8453.0,0.35,90000
15,A,25,15,10978.0,0.35,90000
15,A,25,16,14637.0,0.35,90000
15,A,25,17,18581.0,0.35,90000
15,A,25,18,24011.0,0.35,90000
15,A,25,19,28554.0,0.35,90000
15,A,25,20,36362.0,0.35,90000
15,A,25,21,44123.0,0.35,90000
15,A,25,22,52856.0,0.35,90000
15,A,25,23,58283.0,0.35,90000
15,A,25,24,66122.0,0.35,90000
15,A,25,25,75303.0,0.35,90000
15,A,25,26,,0.35,90000
15,A,25,27,80025.0,0.35,90000
15,A,25,28,84233.0,0.35,90000
15,A,25,29,85308.0,0.35,90000
15,A,25,30,88083.0,0.35,90000
15,A,25,31,87571.0,0.35,90000
15,A,25,32,86410.0,0.35,90000
15,A,25,33,89605.0,0.35,90000
15,A,25,34,85443.0,0.35,90000
15,A,25,35,91491.0,0.35,90000
15,A,25,36,92465.0,0.35,90000
15,A,25,37,92271.0,0.35,90000
15,A,25,38,86233.0,0.35,90000
15,A,25,39,89613.0,0.35,90000
15,A,25,40,92302.0,0.35,90000
15,A,25,41,90644.0,0.35,90000
15,A,25,42,90886.0,0.35,90000
15,A,25,43,90458.0,0.35,90000
15,A,25,44,92218.0,0.35,90000
15,A,25,45,89660.0,0.35,90000
15,A,25,46,85698.0,0.35,90000
15,A,25,47,90872.0,0.35,90000
15,A,25,48,95937.0,0.35,90000
16,A,25,0,138.0,0.35,90000
16,A,25,1,186.0,0.35,90000
16,A,25,2,261.0,0.35,90000
16,A,25,3,324.0,0.35,90000
16,A,25,4,434.0,0.35,90000
16,A,25,5,596.0,0.35,90000
16,A,25,6,825.0,0.35,90000
16,A,25,7,1155.0,0.35,90000
16,A,25,8,1523.0,0.35,90000
16,A,25,9,1980.0,0.35,90000
16,A,25,10,2778.0,0.35,90000
16,A,25,11,3600.0,0.35,90000
16,A,25,12,4810.0,0.35,90000
16,A,25,13,6314.0,0.35,90000
16,A,25,14,8181.0,0.35,90000
16,A,25,15,11006.0,0.35,90000
16,A,25,16,14056.0,0.35,90000
16,A,25,17,17568.0,0.35,90000
16,A,25,18,23334.0,0.35,90000
16,A,25,19,31282.0,0.35,90000
16,A,25,20,36789.0,0.35,90000
16,A,25,21,42826.0,0.35,90000
16,A,25,22,52845.0,0.35,90000
16,A,25,23,64584.0,0.35,90000
16,A,25,24,67060.0,0.35,90000
16,A,25,25,78684.0,0.35,90000
16,A,25,26,79382.0,0.35,90000
16,A,25,27,76723.0,0.35,90000
16,A,25,28,85280.0,0.35,90000
16,A,25,29,91844.0,0.35,90000
16,A,25,30,88971.0,0.35,90000
16,A,25,31,85399.0,0.35,90000
16,A,25,32,90178.0,0.35,90000
16,A,25,33,93063.0,0.35,90000
16,A,25,34,85584.0,0.35,90000
16,A,25,35,90310.0,0.35,90000
16,A,25,36,90962.0,0.35,90000
16,A,25,37,93045.0,0.35,90000
16,A,25,38,89135.0,0.35,90000
16,A,25,39,87859.0,0.35,90000
16,A,25,40,91940.0,0.35,90000
16,A,25,41,91136.0,0.35,90000
16,A,25,42,90100.0,0.35,90000
16,A,25,43,88950.0,0.35,90000
16,A,25,44,92522.0,0.35,90000
16,A,25,45,88887.0,0.35,90000
16,A,25,46,96223.0,0.35,90000
16,A,25,47,89298.0,0.35,90000
16,A,25,48,93713.0,0.35,90000
17,A,25,0,140.0,0.35,90000
17,A,25,1,185.0,0.35,90000
17,A,25,2,245.0,0.35,90000
17,A,25,3,343.0,0.35,90000
17,A,25,4,450.0,0.35,90000
17,A,25,5,588.0,0.35,90000
17,A,25,6,817.0,0.35,90000
17,A,25,7,1111.0,0.35,90000
17,A,25,8,1399.0,0.35,90000
17,A,25,9,2050.0,0.35,90000
17,A,25,10,2512.0,0.35,90000
17,A,25,11,3592.0,0.35,90000
17,A,25,12,4751.0,0.35,90000
17,A,25,13,6015.0,0.35,90000
17,A,25,14,8346.0,0.35,90000
17,A,25,15,10722.0,0.35,90000
17,A,25,16,14631.0,0.35,90000
17,A,25,17,18350.0,0.35,90000
17,A,25,18,24070.0,0.35,90000
17,A,25,19,30379.0,0.35,90000
17,A,25,20,38300.0,0.35,90000
17,A,25,21,43520.0,0.35,90000
17,A,25,22,55271.0,0.35,90000
17,A,25,23,56507.0,0.35,90000
17,A,25,24,64938.0,0.35,90000
17,A,25,25,72125.0,0.35,90000
17,A,25,26,73979.0,0.35,90000
17,A,25,27,77225.0,0.35,90000
17,A,25,28,85039.0,0.35,90000
17,A,25,29,81547.0,0.35,90000
17,A,25,30,85298.0,0.35,90000
17,A,25,31,90417.0,0.35,90000
17,A,25,32,91929.0,0.35,90000
17,A,25,33,88242.0,0.35,90000
17,A,25,34,91431.0,0.35,90000
17,A,25,35,91769.0,0.35,90000
17,A,25,36,91234.0,0.35,90000
17,A,25,37,89080.0,0.35,90000
17,A,25,38,87264.0,0.35,90000
17,A,25,39,86040.0,0.35,90000
17,A,25,40,93735.0,0.35,90000
17,A,25,41,91335.0,0.35,90000
17,A,25,42,89561.0,0.35,90000
17,A,25,43,89741.0,0.35,90000
17,A,25,44,92061.0,0.35,90000
17,A,25,45,,0.35,90000
17,A,25,46,89775.0,0.35,90000
17,A,25,47,87026.0,0.35,90000
17,A,25,48,92069.0,0.35,90000
18,A,25,0,133.0,0.35,90000
18,A,25,1,174.0,0.35,90000
18,A,25,2,256.0,0.35,90000
18,A,25,3,350.0,0.35,90000
18,A,25,4,452.0,0.35,90000
18,A,25,5,602.0,0.35,90000
18,A,25,6,809.0,0.35,90000
18,A,25,7,1082.0,0.35,90000
18,A,25,8,1451.0,0.35,90000
18,A,25,9,1928.0,0.35,90000
18,A,25,10,2587.0,0.35,90000
18,A,25,11,3496.0,0.35,90000
18,A,25,12,4730.0,0.35,90000
18,A,25,13,6343.0,0.35,90000
18,A,25,14,8499.0,0.35,90000
18,A,25,15,10696.0,0.35,90000
18,A,25,16,14690.0,0.35,90000
18,A,25,17,18121.0,0.35,90000
18,A,25,18,23118.0,0.35,90000
18,A,25,19,30376.0,0.35,90000
18,A,25,20,35010.0,0.35,90000
18,A,25,21,,0.35,90000
18,A,25,22,,0.35,90000
18,A,25,23,59136.0,0.35,90000
18,A,25,24,68321.0,0.35,90000
18,A,25,25,74781.0,0.35,90000
18,A,25,26,75188.0,0.35,90000
18,A,25,27,78850.0,0.35,90000
18,A,25,28,88057.0,0.35,90000
18,A,25,29,87068.0,0.35,90000
18,A,25,30,91019.0,0.35,90000
18,A,25,31,84040.0,0.35,90000
18,A,25,32,92631.0,0.35,90000
18,A,25,33,90151.0,0.35,90000
18,A,25,34,86089.0,0.35,90000
18,A,25,35,89797.0,0.35,90000
18,A,25,36,93702.0,0.35,90000
18,A,25,37,91412.0,0.35,90000
18,A,25,38,86607.0,0.35,90000
18,A,25,39,85559.0,0.35,90000
18,A,25,40,93080.0,0.35,90000
18,A,25,41,89059.0,0.35,90000
18,A,25,42,87706.0,0.35,90000
18,A,25,43,88521.0,0.35,90000
18,A,25,44,87895.0,0.35,90000
18,A,25,45,85925.0,0.35,90000
18,A,25,46,,0.35,90000
18,A,25,47,90606.0,0.35,90000
18,A,25,48,85865.0,0.35,90000
19,A,25,0,139.0,0.35,90000
19,A,25,1,177.0,0.35,90000
19,A,25,2,248.0,0.35,90000
19,A,25,3,339.0,0.35,90000
19,A,25,4,458.0,0.35,90000
19,A,25,5,629.0,0.35,90000
19,A,25,6,769.0,0.35,90000
19,A,25,7,1027.0,0.35,90000
19,A,25,8,1400.0,0.35,90000
19,A,25,9,1940.0,0.35,90000
19,A,25,10,2687.0,0.35,90000
19,A,25,11,3428.0,0.35,90000
19,A,25,12,4592.0,0.35,90000
19,A,25,13,6222.0,0.35,90000
19,A,25,14,8218.0,0.35,90000
19,A,25,15,11751.0,0.35,90000
19,A,25,16,13970.0,0.35,90000
19,A,25,17,19661.0,0.35,90000
19,A,25,18,25473.0,0.35,90000
19,A,25,19,29858.0,0.35,90000
19,A,25,20,36747.0,0.35,90000
19,A,25,21,44390.0,0.35,90000
19,A,25,22,51370.0,0.35,90000
19,A,25,23,58966.0,0.35,90000
19,A,25,24,64354.0,0.35,90000
19,A,25,25,73803.0,0.35,90000
19,A,25,26,79881.0,0.35,90000
19,A,25,27,79457.0,0.35,90000
19,A,25,28,86158.0,0.35,90000
19,A,25,29,84696.0,0.35,90000
19,A,25,30,85370.0,0.35,90000
19,A,25,31,88397.0,0.35,90000
19,A,25,32,87801.0,0.35,90000
19,A,25,33,93613.0,0.35,90000
19,A,25,34,93084.0,0.35,90000
19,A,25,35,93190.0,0.35,90000
19,A,25,36,91873.0,0.35,90000
19,A,25,37,86182.0,0.35,90000
19,A,25,38,88268.0,0.35,90000
19,A,25,39,89510.0,0.35,90000
19,A,25,40,94628.0,0.35,90000
19,A,25,41,87671.0,0.35,90000
19,A,25,42,93171.0,0.35,90000
19,A,25,43,84584.0,0.35,90000
19,A,25,44,88647.0,0.35,90000
19,A,25,45,88928.0,0.35,90000
19,A,25,46,92896.0,0.35,90000
19,A,25,47,92649.0,0.35,90000
19,A,25,48,90289.0,0.35,90000
20,A,25,0,137.0,0.35,90000
20,A,25,1,175.0,0.35,90000
20,A,25,2,232.0,0.35,90000
20,A,25,3,342.0,0.35,90000
20,A,25,4,,0.35,90000
20,A,25,5,622.0,0.35,90000
20,A,25,6,801.0,0.35,90000
20,A,25,7,1112.0,0.35,90000
20,A,25,8,1391.0,0.35,90000
20,A,25,9,1968.0,0.35,90000
20,A,25,10,2631.0,0.35,90000
20,A,25,11,3703.0,0.35,90000
20,A,25,12,4799.0,0.35,90000
20,A,25,13,6523.0,0.35,90000
20,A,25,14,8049.0,0.35,90000
20,A,25,15,10973.0,0.35,90000
20,A,25,16,14107.0,0.35,90000
20,A,25,17,19177.0,0.35,90000
20,A,25,18,24091.0,0.35,90000
20,A,25,19,30176.0,0.35,90000
20,A,25,20,34766.0,0.35,90000
20,A,25,21,,0.35,90000
20,A,25,22,52009.0,0.35,90000
20,A,25,23,60240.0,0.35,90000
20,A,25,24,72333.0,0.35,90000
20,A,25,25,76531.0,0.35,90000
20,A,25,26,78414.0,0.35,90000
20,A,25,27,83367.0,0.35,90000
20,A,25,28,80968.0,0.35,90000
20,A,25,29,84152.0,0.35,90000
20,A,25,30,89456.0,0.35,90000
20,A,25,31,86926.0,0.35,90000
20,A,25,32,88182.0,0.35,90000
20,A,25,33,85375.0,0.35,90000
20,A,25,34,87690.0,0.35,90000
20,A,25,35,87916.0,0.35,90000
20,A,25,36,88361.0,0.35,90000
20,A,25,37,94681.0,0.35,90000
20,A,25,38,89568.0,0.35,90000
20,A,25,39,90175.0,0.35,90000
20,A,25,40,93031.0,0.35,90000
20,A,25,41,89156.0,0.35,90000
20,A,25,42,91873.0,0.35,90000
20,A,25,43,84959.0,0.35,90000
20,A,25,44,89062.0,0.35,90000
20,A,25,45,91470.0,0.35,90000
20,A,25,46,88006.0,0.35,90000
20,A,25,47,91350.0,0.35,90000
20,A,25,48,89066.0,0.35,90000
21,A,30,0,128.0,0.256,65845
21,A,30,1,163.0,0.256,65845
21,A,30,2,197.0,0.256,65845
21,A,30,3,240.0,0.256,65845
21,A,30,4,302.0,0.256,65845
21,A,30,5,392.0,0.256,65845
21,A,30,6,490.0,0.256,65845
21,A,30,7,585.0,0.256,65845
21,A,30,8,795.0,0.256,65845
21,A,30,9,1003.0,0.256,65845
21,A,30,10,1211.0,0.256,65845
21,A,30,11,1530.0,0.256,65845
21,A,30,12,1912.0,0.256,65845
21,A,30,13,2299.0,0.256,65845
21,A,30,14,2947.0,0.256,65845
21,A,30,15,3707.0,0.256,65845
21,A,30,16,4536.0,0.256,65845
21,A,30,17,5420.0,0.256,65845
21,A,30,18,6653.0,0.256,65845
21,A,30,19,8384.0,0.256,65845
21,A,30,20,10239.0,0.256,65845
21,A,30,21,12416.0,0.256,65845
21,A,30,22,14331.0,0.256,65845
21,A,30,23,,0.256,65845
21,A,30,24,21354.0,0.256,65845
21,A,30,25,25310.0,0.256,65845
21,A,30,26,28220.0,0.256,65845
21,A,30,27,34107.0,0.256,65845
21,A,30,28,37779.0,0.256,65845
21,A,30,29,42980.0,0.256,65845
21,A,30,30,44704.0,0.256,65845
21,A,30,31,50407.0,0.256,65845
21,A,30,32,52912.0,0.256,65845
21,A,30,33,54463.0,0.256,65845
21,A,30,34,,0.256,65845
21,A,30,35,57728.0,0.256,65845
21,A,30,36,60517.0,0.256,65845
21,A,30,37,61829.0,0.256,65845
21,A,30,38,62628.0,0.256,65845
21,A,30,39,63982.0,0.256,65845
21,A,30,40,65358.0,0.256,65845
21,A,30,41,62306.0,0.256,65845
21,A,30,42,65568.0,0.256,65845
21,A,30,43,60527.0,0.256,65845
21,A,30,44,63038.0,0.256,65845
21,A,30,45,69441.0,0.256,65845
21,A,30,46,66823.0,0.256,65845
21,A,30,47,65427.0,0.256,65845
21,A,30,48,70547.0,0.256,65845
22,A,30,0,122.0,0.256,65845
22,A,30,1,156.0,0.256,65845
22,A,30,2,191.0,0.256,65845
22,A,30,3,251.0,0.256,65845
22,A,30,4,304.0,0.256,65845
22,A,30,5,367.0,0.256,65845
22,A,30,6,468.0,0.256,65845
22,A,30,7,601.0,0.256,65845
22,A,30,8,784.0,0.256,65845
22,A,30,9,976.0,0.256,65845
22,A,30,10,1234.0,0.256,65845
22,A,30,11,1525.0,0.256,65845
22,A,30,12,1852.0,0.256,65845
22,A,30,13,2488.0,0.256,65845
22,A,30,14,2882.0,0.256,65845
22,A,30,15,3708.0,0.256,65845
22,A,30,16,4455.0,0.256,65845
22,A,30,17,5555.0,0.256,65845
22,A,30,18,6885.0,0.256,65845
22,A,30,19,8291.0,0.256,65845
22,A,30,20,10711.0,0.256,65845
22,A,30,21,12664.0,0.256,65845
22,A,30,22,15758.0,0.256,65845
22,A,30,23,19029.0,0.256,65845
22,A,30,24,22133.0,0.256,65845
22,A,30,25,25572.0,0.256,65845
22,A,30,26,29886.0,0.256,65845
22,A,30,27,32957.0,0.256,65845
22,A,30,28,38232.0,0.256,65845
22,A,30,29,39223.0,0.256,65845
22,A,30,30,44481.0,0.256,65845
22,A,30,31,50392.0,0.256,65845
22,A,30,32,49865.0,0.256,65845
22,A,30,33,55566.0,0.256,65845
22,A,30,34,58642.0,0.256,65845
22,A,30,35,59208.0,0.256,65845
22,A,30,36,59053.0,0.256,65845
22,A,30,37,,0.256,65845
22,A,30,38,66681.0,0.256,65845
22,A,30,39,66174.0,0.256,65845
22,A,30,40,61096.0,0.256,65845
22,A,30,41,67934.0,0.256,65845
22,A,30,42,63573.0,0.256,65845
22,A,30,43,68007.0,0.256,65845
22,A,30,44,65179.0,0.256,65845
22,A,30,45,66561.0,0.256,65845
22,A,30,46,68272.0,0.256,65845
22,A,30,47,63562.0,0.256,65845
22,A,30,48,68282.0,0.256,65845
23,A,30,0,125.0,0.256,65845
23,A,30,1,161.0,0.256,65845
23,A,30,2,197.0,0.256,65845
23,A,30,3,246.0,0.256,65845
23,A,30,4,298.0,0.256,65845
23,A,30,5,388.0,0.256,65845
23,A,30,6,503.0,0.256,65845
23,A,30,7,598.0,0.256,65845
23,A,30,8,803.0,0.256,65845
23,A,30,9,985.0,0.256,65845
23,A,30,10,1157.0,0.256,65845
23,A,30,11,1512.0,0.256,65845
23,A,30,12,1916.0,0.256,65845
23,A,30,13,2353.0,0.256,65845
23,A,30,14,2980.0,0.256,65845
23,A,30,15,3774.0,0.256,65845
23,A,30,16,4500.0,0.256,65845
23,A,30,17,5718.0,0.256,65845
23,A,30,18,6916.0,0.256,65845
23,A,30,19,8295.0,0.256,65845
23,A,30,20,10603.0,0.256,65845
23,A,30,21,12508.0,0.256,65845
23,A,30,22,15215.0,0.256,65845
23,A,30,23,18772.0,0.256,65845
23,A,30,24,20383.0,0.256,65845
23,A,30,25,25884.0,0.256,65845
23,A,30,26,29761.0,0.256,65845
23,A,30,27,33733.0,0.256,65845
23,A,30,28,38417.0,0.256,65845
23,A,30,29,42296.0,0.256,65845
23,A,30,30,46405.0,0.256,65845
23,A,30,31,46999.0,0.256,65845
23,A,30,32,51777.0,0.256,65845
23,A,30,33,55573.0,0.256,65845
23,A,30,34,57166.0,0.256,65845
23,A,30,35,59526.0,0.256,65845
23,A,30,36,59237.0,0.256,65845
23,A,30,37,65242.0,0.256,65845
23,A,30,38,62972.0,0.256,65845
23,A,30,39,64973.0,0.256,65845
23,A,30,40,65849.0,0.256,65845
23,A,30,41,63567.0,0.256,65845
23,A,30,42,63831.0,0.256,65845
23,A,30,43,62984.0,0.256,65845
23,A,30,44,66121.0,0.256,65845
23,A,30,45,68028.0,0.256,65845
23,A,30,46,66868.0,0.256,65845
23,A,30,47,62826.0,0.256,65845
23,A,30,48,67705.0,0.256,65845
24,A,30,0,130.0,0.256,65845
24,A,30,1,159.0,0.256,65845
24,A,30,2,188.0,0.256,65845
24,A,30,3,234.0,0.256,65845
24,A,30,4,305.0,0.256,65845
24,A,30,5,373.0,0.256,65845
24,A,30,6,496.0,0.256,65845
24,A,30,7,639.0,0.256,65845
24,A,30,8,804.0,0.256,65845
24,A,30,9,994.0,0.256,65845
24,A,30,10,1249.0,0.256,65845
24,A,30,11,1566.0,0.256,65845
24,A,30,12,1905.0,0.256,65845
24,A,30,13,2307.0,0.256,65845
24,A,30,14,3119.0,0.256,65845
24,A,30,15,3880.0,0.256,65845
24,A,30,16,4275.0,0.256,65845
24,A,30,17,5869.0,0.256,65845
24,A,30,18,7036.0,0.256,65845
24,A,30,19,8424.0,0.256,65845
24,A,30,20,10969.0,0.256,65845
24,A,30,21,12420.0,0.256,65845
24,A,30,22,15274.0,0.256,65845
24,A,30,23,18405.0,0.256,65845
24,A,30,24,22635.0,0.256,65845
24,A,30,25,25067.0,0.256,65845
24,A,30,26,29753.0,0.256,65845
24,A,30,27,33203.0,0.256,65845
24,A,30,28,38373.0,0.256,65845
24,A,30,29,43966.0,0.256,65845
24,A,30,30,47725.0,0.256,65845
24,A,30,31,49741.0,0.256,65845
24,A,30,32,52920.0,0.256,65845
24,A,30,33,53204.0,0.256,65845
24,A,30,34,60105.0,0.256,65845
24,A,30,35,60078.0,0.256,65845
24,A,30,36,63794.0,0.256,65845
24,A,30,37,62977.0,0.256,65845
24,A,30,38,63528.0,0.256,65845
24,A,30,39,63867.0,0.256,65845
24,A,30,40,61514.0,0.256,65845
24,A,30,41,66588.0,0.256,65845
24,A,30,42,66830.0,0.256,65845
24,A,30,43,64233.0,0.256,65845
24,A,30,44,66624.0,0.256,65845
24,A,30,45,66078.0,0.256,65845
24,A,30,46,64773.0,0.256,65845
24,A,30,47,64368.0,0.256,65845
24,A,30,48,63303.0,0.256,65845
25,A,30,0,122.0,0.256,65845
25,A,30,1,164.0,0.256,65845
25,A,30,2,204.0,0.256,65845
25,A,30,3,250.0,0.256,65845
25,A,30,4,323.0,0.256,65845
25,A,30,5,395.0,0.256,65845
25,A,30,6,487.0,0.256,65845
25,A,30,7,628.0,0.256,65845
25,A,30,8,770.0,0.256,65845
25,A,30,9,964.0,0.256,65845
25,A,30,10,1234.0,0.256,65845
25,A,30,11,1472.0,0.256,65845
25,A,30,12,1977.0,0.256,65845
25,A,30,13,2406.0,0.256,65845
25,A,30,14,2911.0,0.256,65845
25,A,30,15,3765.0,0.256,65845
25,A,30,16,4415.0,0.256,65845
25,A,30,17,5419.0,0.256,65845
25,A,30,18,6923.0,0.256,65845
25,A,30,19,8673.0,0.256,65845
25,A,30,20,10305.0,0.256,65845
25,A,30,21,12325.0,0.256,65845
25,A,30,22,16360.0,0.256,65845
25,A,30,23,18635.0,0.256,65845
25,A,30,24,21182.0,0.256,65845
25,A,30,25,25353.0,0.256,65845
25,A,30,26,30427.0,0.256,65845
25,A,30,27,33739.0,0.256,65845
25,A,30,28,36646.0,0.256,65845
25,A,30,29,45216.0,0.256,65845
25,A,30,30,48287.0,0.256,65845
25,A,30,31,47499.0,0.256,65845
25,A,30,32,54125.0,0.256,65845
25,A,30,33,56696.0,0.256,65845
25,A,30,34,56449.0,0.256,65845
25,A,30,35,59185.0,0.256,65845
25,A,30,36,59969.0,0.256,65845
25,A,30,37,63283.0,0.256,65845
25,A,30,38,66701.0,0.256,65845
25,A,30,39,64356.0,0.256,65845
25,A,30,40,63904.0,0.256,65845
25,A,30,41,68000.0,0.256,65845
25,A,30,42,65188.0,0.256,65845
25,A,30,43,63861.0,0.256,65845
25,A,30,44,64421.0,0.256,65845
25,A,30,45,64893.0,0.256,65845
25,A,30,46,67164.0,0.256,65845
25,A,30,47,67803.0,0.256,65845
25,A,30,48,68112.0,0.256,65845
26,A,30,0,130.0,0.256,65845
26,A,30,1,151.0,0.256,65845
26,A,30,2,202.0,0.256,65845
26,A,30,3,241.0,0.256,65845
26,A,30,4,316.0,0.256,65845
26,A,30,5,395.0,0.256,65845
26,A,30,6,483.0,0.256,65845
26,A,30,7,610.0,0.256,65845
26,A,30,8,765.0,0.256,65845
26,A,30,9,981.0,0.256,65845
26,A,30,10,1225.0,0.256,65845
26,A,30,11,1604.0,0.256,65845
26,A,30,12,1921.0,0.256,65845
26,A,30,13,2418.0,0.256,65845
26,A,30,14,3002.0,0.256,65845
26,A,30,15,3677.0,0.256,65845
26,A,30,16,4711.0,0.256,65845
26,A,30,17,5548.0,0.256,65845
26,A,30,18,7059.0,0.256,65845
26,A,30,19,8434.0,0.256,65845
26,A,30,20,10446.0,0.256,65845
26,A,30,21,12119.0,0.256,65845
26,A,30,22,14773.0,0.256,65845
26,A,30,23,18887.0,0.256,65845
26,A,30,24,22019.0,0.256,65845
26,A,30,25,26106.0,0.256,65845
26,A,30,26,29395.0,0.256,65845
26,A,30,27,32909.0,0.256,65845
26,A,30,28,,0.256,65845
26,A,30,29,43492.0,0.256,65845
26,A,30,30,44711.0,0.256,65845
26,A,30,31,46334.0,0.256,65845
26,A,30,32,51932.0,0.256,65845
26,A,30,33,55328.0,0.256,65845
26,A,30,34,54922.0,0.256,65845
26,A,30,35,57240.0,0.256,65845
26,A,30,36,62009.0,0.256,65845
26,A,30,37,64520.0,0.256,65845
26,A,30,38,66148.0,0.256,65845
26,A,30,39,63162.0,0.256,65845
26,A,30,40,65252.0,0.256,65845
26,A,30,41,64509.0,0.256,65845
26,A,30,42,63125.0,0.256,65845
26,A,30,43,64240.0,0.256,65845
26,A,30,44,66808.0,0.256,65845
26,A,30,45,63521.0,0.256,65845
26,A,30,46,64365.0,0.256,65845
26,A,30,47,65599.0,0.256,65845
26,A,30,48,64376.0,0.256,65845
27,A,30,0,121.0,0.256,65845
27,A,30,1,156.0,0.256,65845
27,A,30,2,206.0,0.256,65845
27,A,30,3,251.0,0.256,65845
27,A,30,4,,0.256,65845
27,A,30,5,,0.256,65845
27,A,30,6,484.0,0.256,65845
27,A,30,7,625.0,0.256,65845
27,A,30,8,773.0,0.256,65845
27,A,30,9,,0.256,65845
27,A,30,10,1189.0,0.256,65845
27,A,30,11,1526.0,0.256,65845
27,A,30,12,1909.0,0.256,65845
27,A,30,13,2342.0,0.256,65845
27,A,30,14,,0.256,65845
27,A,30,15,3567.0,0.256,65845
27,A,30,16,4484.0,0.256,65845
27,A,30,17,5589.0,0.256,65845
27,A,30,18,6501.0,0.256,65845
27,A,30,19,8684.0,0.256,65845
27,A,30,20,10235.0,0.256,65845
27,A,30,21,12695.0,0.256,65845
27,A,30,22,14874.0,0.256,65845
27,A,30,23,18771.0,0.256,65845
27,A,30,24,21591.0,0.256,65845
27,A,30,25,25069.0,0.256,65845
27,A,30,26,30481.0,0.256,65845
27,A,30,27,33088.0,0.256,65845
27,A,30,28,35991.0,0.256,65845
27,A,30,29,43672.0,0.256,65845
27,A,30,30,45230.0,0.256,65845
27,A,30,31,47936.0,0.256,65845
27,A,30,32,52064.0,0.256,65845
27,A,30,33,57424.0,0.256,65845
27,A,30,34,58330.0,0.256,65845
27,A,30,35,57907.0,0.256,65845
27,A,30,36,61084.0,0.256,65845
27,A,30,37,66672.0,0.256,65845
27,A,30,38,64671.0,0.256,65845
27,A,30,39,66056.0,0.256,65845
27,A,30,40,63447.0,0.256,65845
27,A,30,41,64368.0,0.256,65845
27,A,30,42,69022.0,0.256,65845
27,A,30,43,64558.0,0.256,65845
27,A,30,44,66318.0,0.256,65845
27,A,30,45,67231.0,0.256,65845
27,A,30,46,67167.0,0.256,65845
27,A,30,47,65417.0,0.256,65845
27,A,30,48,67650.0,0.256,65845
28,A,30,0,124.0,0.256,65845
28,A,30,1,153.0,0.256,65845
28,A,30,2,201.0,0.256,65845
28,A,30,3,249.0,0.256,65845
28,A,30,4,307.0,0.256,65845
28,A,30,5,391.0,0.256,65845
28,A,30,6,473.0,0.256,65845
28,A,30,7,624.0,0.256,65845
28,A,30,8,799.0,0.256,65845
28,A,30,9,915.0,0.256,65845
28,A,30,10,1178.0,0.256,65845
28,A,30,11,1490.0,0.256,65845
28,A,30,12,1828.0,0.256,65845
28,A,30,13,2385.0,0.256,65845
28,A,30,14,3081.0,0.256,65845
28,A,30,15,3688.0,0.256,65845
28,A,30,16,4750.0,0.256,65845
28,A,30,17,5675.0,0.256,65845
28,A,30,18,7066.0,0.256,65845
28,A,30,19,8459.0,0.256,65845
28,A,30,20,10591.0,0.256,65845
28,A,30,21,,0.256,65845
28,A,30,22,15990.0,0.256,65845
28,A,30,23,17807.0,0.256,65845
28,A,30,24,21176.0,0.256,65845
28,A,30,25,25708.0,0.256,65845
28,A,30,26,28806.0,0.256,65845
28,A,30,27,34273.0,0.256,65845
28,A,30,28,38528.0,0.256,65845
28,A,30,29,42229.0,0.256,65845
28,A,30,30,43523.0,0.256,65845
28,A,30,31,49304.0,0.256,65845
28,A,30,32,52874.0,0.256,65845
28,A,30,33,55296.0,0.256,65845
28,A,30,34,57364.0,0.256,65845
28,A,30,35,58191.0,0.256,65845
28,A,30,36,60109.0,0.256,65845
28,A,30,37,62867.0,0.256,65845
28,A,30,38,63735.0,0.256,65845
28,A,30,39,62596.0,0.256,65845
28,A,30,40,65310.0,0.256,65845
28,A,30,41,66718.0,0.256,65845
28,A,30,42,67225.0,0.256,65845
28,A,30,43,65002.0,0.256,65845
28,A,30,44,69818.0,0.256,65845
28,A,30,45,62541.0,0.256,65845
28,A,30,46,66756.0,0.256,65845
28,A,30,47,65980.0,0.256,65845
28,A,30,48,65590.0,0.256,65845
29,A,30,0,125.0,0.256,65845
29,A,30,1,155.0,0.256,65845
29,A,30,2,199.0,0.256,65845
29,A,30,3,247.0,0.256,65845
29,A,30,4,308.0,0.256,65845
29,A,30,5,388.0,0.256,65845
29,A,30,6,485.0,0.256,65845
29,A,30,7,629.0,0.256,65845
29,A,30,8,802.0,0.256,65845
29,A,30,9,965.0,0.256,65845
29,A,30,10,1225.0,0.256,65845
29,A,30,11,1590.0,0.256,65845
29,A,30,12,1843.0,0.256,65845
29,A,30,13,2412.0,0.256,65845
29,A,30,14,,0.256,65845
29,A,30,15,3721.0,0.256,65845
29,A,30,16,23300.0,0.256,65845
29,A,30,17,5900.0,0.256,65845
29,A,30,18,6845.0,0.256,65845
29,A,30,19,,0.256,65845
29,A,30,20,10414.0,0.256,65845
29,A,30,21,13183.0,0.256,65845
29,A,30,22,14852.0,0.256,65845
29,A,30,23,19013.0,0.256,65845
29,A,30,24,22909.0,0.256,65845
29,A,30,25,27071.0,0.256,65845
29,A,30,26,30596.0,0.256,65845
29,A,30,27,33763.0,0.256,65845
29,A,30,28,37230.0,0.256,65845
29,A,30,29,43202.0,0.256,65845
29,A,30,30,46682.0,0.256,65845
29,A,30,31,47177.0,0.256,65845
29,A,30,32,50783.0,0.256,65845
29,A,30,33,56328.0,0.256,65845
29,A,30,34,57540.0,0.256,65845
29,A,30,35,,0.256,65845
29,A,30,36,59069.0,0.256,65845
29,A,30,37,60983.0,0.256,65845
29,A,30,38,64421.0,0.256,65845
29,A,30,39,65231.0,0.256,65845
29,A,30,40,65540.0,0.256,65845
29,A,30,41,64778.0,0.256,65845
29,A,30,42,65182.0,0.256,65845
29,A,30,43,64970.0,0.256,65845
29,A,30,44,68942.0,0.256,65845
29,A,30,45,62998.0,0.256,65845
29,A,30,46,67208.0,0.256,65845
29,A,30,47,67664.0,0.256,65845
29,A,30,48,66524.0,0.256,65845
30,A,30,0,117.0,0.256,65845
30,A,30,1,158.0,0.256,65845
30,A,30,2,198.0,0.256,65845
30,A,30,3,243.0,0.256,65845
30,A,30,4,307.0,0.256,65845
30,A,30,5,388.0,0.256,65845
30,A,30,6,499.0,0.256,65845
30,A,30,7,604.0,0.256,65845
30,A,30,8,782.0,0.256,65845
30,A,30,9,936.0,0.256,65845
30,A,30,10,1284.0,0.256,65845
30,A,30,11,1447.0,0.256,65845
30,A,30,12,1888.0,0.256,65845
30,A,30,13,2286.0,0.256,65845
30,A,30,14,2853.0,0.256,65845
30,A,30,15,3709.0,0.256,65845
30,A,30,16,4729.0,0.256,65845
30,A,30,17,5514.0,0.256,65845
30,A,30,18,7042.0,0.256,65845
30,A,30,19,8423.0,0.256,65845
30,A,30,20,10709.0,0.256,65845
30,A,30,21,11729.0,0.256,65845
30,A,30,22,15588.0,0.256,65845
30,A,30,23,18145.0,0.256,65845
30,A,30,24,21586.0,0.256,65845
30,A,30,25,25166.0,0.256,65845
30,A,30,26,27996.0,0.256,65845
30,A,30,27,34470.0,0.256,65845
30,A,30,28,38265.0,0.256,65845
30,A,30,29,40844.0,0.256,65845
30,A,30,30,45229.0,0.256,65845
30,A,30,31,48814.0,0.256,65845
30,A,30,32,49442.0,0.256,65845
30,A,30,33,55222.0,0.256,65845
30,A,30,34,58491.0,0.256,65845
30,A,30,35,59386.0,0.256,65845
30,A,30,36,60638.0,0.256,65845
30,A,30,37,58937.0,0.256,65845
30,A,30,38,61560.0,0.256,65845
30,A,30,39,60501.0,0.256,65845
30,A,30,40,62829.0,0.256,65845
30,A,30,41,64895.0,0.256,65845
30,A,30,42,70480.0,0.256,65845
30,A,30,43,64663.0,0.256,65845
30,A,30,44,65187.0,0.256,65845
30,A,30,45,64415.0,0.256,65845
30,A,30,46,64757.0,0.256,65845
30,A,30,47,67551.0,0.256,65845
30,A,30,48,64446.0,0.256,65845
31,A,37,0,106.0,0.058,14877
31,A,37,1,114.0,0.058,14877
31,A,37,2,115.0,0.058,14877
31,A,37,3,133.0,0.058,14877
31,A,37,4,130.0,0.058,14877
31,A,37,5,140.0,0.058,14877
31,A,37,6,154.0,0.058,14877
31,A,37,7,154.0,0.058,14877
31,A,37,8,151.0,0.058,14877
31,A,37,9,176.0,0.058,14877
31,A,37,10,,0.058,14877
31,A,37,11,,0.058,14877
31,A,37,12,212.0,0.058,14877
31,A,37,13,219.0,0.058,14877
31,A,37,14,243.0,0.058,14877
31,A,37,15,257.0,0.058,14877
31,A,37,16,259.0,0.058,14877
31,A,37,17,283.0,0.058,14877
31,A,37,18,285.0,0.058,14877
31,A,37,19,310.0,0.058,14877
31,A,37,20,331.0,0.058,14877
31,A,37,21,329.0,0.058,14877
31,A,37,22,363.0,0.058,14877
31,A,37,23,357.0,0.058,14877
31,A,37,24,387.0,0.058,14877
31,A,37,25,406.0,0.058,14877
31,A,37,26,458.0,0.058,14877
31,A,37,27,459.0,0.058,14877
31,A,37,28,522.0,0.058,14877
31,A,37,29,511.0,0.058,14877
31,A,37,30,545.0,0.058,14877
31,A,37,31,564.0,0.058,14877
31,A,37,32,620.0,0.058,14877
31,A,37,33,643.0,0.058,14877
31,A,37,34,686.0,0.058,14877
31,A,37,35,737.0,0.058,14877
31,A,37,36,766.0,0.058,14877
31,A,37,37,791.0,0.058,14877
31,A,37,38,822.0,0.058,14877
31,A,37,39,903.0,0.058,14877
31,A,37,40,1000.0,0.058,14877
31,A,37,41,1038.0,0.058,14877
31,A,37,42,1059.0,0.058,14877
31,A,37,43,1092.0,0.058,14877
31,A,37,44,1204.0,0.058,14877
31,A,37,45,1243.0,0.058,14877
31,A,37,46,1277.0,0.058,14877
31,A,37,47,1349.0,0.058,14877
31,A,37,48,1413.0,0.058,14877
32,A,37,0,103.0,0.058,14877
32,A,37,1,111.0,0.058,14877
32,A,37,2,116.0,0.058,14877
32,A,37,3,126.0,0.058,14877
32,A,37,4,131.0,0.058,14877
32,A,37,5,134.0,0.058,14877
32,A,37,6,149.0,0.058,14877
32,A,37,7,165.0,0.058,14877
32,A,37,8,159.0,0.058,14877
32,A,37,9,177.0,0.058,14877
32,A,37,10,180.0,0.058,14877
32,A,37,11,197.0,0.058,14877
32,A,37,12,223.0,0.058,14877
32,A,37,13,226.0,0.058,14877
32,A,37,14,227.0,0.058,14877
32,A,37,15,239.0,0.058,14877
32,A,37,16,254.0,0.058,14877
32,A,37,17,277.0,0.058,14877
32,A,37,18,285.0,0.058,14877
32,A,37,19,294.0,0.058,14877
32,A,37,20,324.0,0.058,14877
32,A,37,21,317.0,0.058,14877
32,A,37,22,351.0,0.058,14877
32,A,37,23,395.0,0.058,14877
32,A,37,24,395.0,0.058,14877
32,A,37,25,421.0,0.058,14877
32,A,37,26,433.0,0.058,14877
32,A,37,27,458.0,0.058,14877
32,A,37,28,478.0,0.058,14877
32,A,37,29,510.0,0.058,14877
32,A,37,30,531.0,0.058,14877
32,A,37,31,534.0,0.058,14877
32,A,37,32,616.0,0.058,14877
32,A,37,33,632.0,0.058,14877
32,A,37,34,709.0,0.058,14877
32,A,37,35,740.0,0.058,14877
32,A,37,36,782.0,0.058,14877
32,A,37,37,838.0,0.058,14877
32,A,37,38,887.0,0.058,14877
32,A,37,39,889.0,0.058,14877
32,A,37,40,987.0,0.058,14877
32,A,37,41,1060.0,0.058,14877
32,A,37,42,1075.0,0.058,14877
32,A,37,43,1070.0,0.058,14877
32,A,37,44,1162.0,0.058,14877
32,A,37,45,,0.058,14877
32,A,37,46,1273.0,0.058,14877
32,A,37,47,1329.0,0.058,14877
32,A,37,48,1502.0,0.058,14877
33,A,37,0,105.0,0.058,14877
33,A,37,1,111.0,0.058,14877
33,A,37,2,121.0,0.058,14877
33,A,37,3,122.0,0.058,14877
33,A,37,4,140.0,0.058,14877
33,A,37,5,141.0,0.058,14877
33,A,37,6,150.0,0.058,14877
33,A,37,7,150.0,0.058,14877
33,A,37,8,162.0,0.058,14877
33,A,37,9,179.0,0.058,14877
33,A,37,10,185.0,0.058,14877
33,A,37,11,195.0,0.058,14877
33,A,37,12,205.0,0.058,14877
33,A,37,13,221.0,0.058,14877
33,A,37,14,218.0,0.058,14877
33,A,37,15,256.0,0.058,14877
33,A,37,16,266.0,0.058,14877
33,A,37,17,281.0,0.058,14877
33,A,37,18,273.0,0.058,14877
33,A,37,19,307.0,0.058,14877
33,A,37,20,337.0,0.058,14877
33,A,37,21,337.0,0.058,14877
33,A,37,22,350.0,0.058,14877
33,A,37,23,360.0,0.058,14877
33,A,37,24,,0.058,14877
33,A,37,25,430.0,0.058,14877
33,A,37,26,423.0,0.058,14877
33,A,37,27,453.0,0.058,14877
33,A,37,28,510.0,0.058,14877
33,A,37,29,508.0,0.058,14877
33,A,37,30,555.0,0.058,14877
33,A,37,31,585.0,0.058,14877
33,A,37,32,635.0,0.058,14877
33,A,37,33,636.0,0.058,14877
33,A,37,34,689.0,0.058,14877
33,A,37,35,707.0,0.058,14877
33,A,37,36,798.0,0.058,14877
33,A,37,37,802.0,0.058,14877
33,A,37,38,898.0,0.058,14877
33,A,37,39,880.0,0.058,14877
33,A,37,40,946.0,0.058,14877
33,A,37,41,1044.0,0.058,14877
33,A,37,42,1067.0,0.058,14877
33,A,37,43,1133.0,0.058,14877
33,A,37,44,1160.0,0.058,14877
33,A,37,45,1229.0,0.058,14877
33,A,37,46,1278.0,0.058,14877
33,A,37,47,1372.0,0.058,14877
33,A,37,48,1480.0,0.058,14877
34,A,37,0,110.0,0.058,14877
34,A,37,1,114.0,0.058,14877
34,A,37,2,112.0,0.058,14877
34,A,37,3,129.0,0.058,14877
34,A,37,4,136.0,0.058,14877
34,A,37,5,139.0,0.058,14877
34,A,37,6,147.0,0.058,14877
34,A,37,7,146.0,0.058,14877
34,A,37,8,161.0,0.058,14877
34,A,37,9,179.0,0.058,14877
34,A,37,10,194.0,0.058,14877
34,A,37,11,195.0,0.058,14877
34,A,37,12,201.0,0.058,14877
34,A,37,13,217.0,0.058,14877
34,A,37,14,233.0,0.058,14877
34,A,37,15,235.0,0.058,14877
34,A,37,16,257.0,0.058,14877
34,A,37,17,276.0,0.058,14877
34,A,37,18,297.0,0.058,14877
34,A,37,19,299.0,0.058,14877
34,A,37,20,311.0,0.058,14877
34,A,37,21,339.0,0.058,14877
34,A,37,22,353.0,0.058,14877
34,A,37,23,376.0,0.058,14877
34,A,37,24,393.0,0.058,14877
34,A,37,25,423.0,0.058,14877
34,A,37,26,438.0,0.058,14877
34,A,37,27,479.0,0.058,14877
34,A,37,28,495.0,0.058,14877
34,A,37,29,515.0,0.058,14877
34,A,37,30,583.0,0.058,14877
34,A,37,31,595.0,0.058,14877
34,A,37,32,620.0,0.058,14877
34,A,37,33,642.0,0.058,14877
34,A,37,34,648.0,0.058,14877
34,A,37,35,738.0,0.058,14877
34,A,37,36,,0.058,14877
34,A,37,37,792.0,0.058,14877
34,A,37,38,861.0,0.058,14877
34,A,37,39,882.0,0.058,14877
34,A,37,40,952.0,0.058,14877
34,A,37,41,1007.0,0.058,14877
34,A,37,42,1031.0,0.058,14877
34,A,37,43,1093.0,0.058,14877
34,A,37,44,1191.0,0.058,14877
34,A,37,45,1207.0,0.058,14877
34,A,37,46,1236.0,0.058,14877
34,A,37,47,1291.0,0.058,14877
34,A,37,48,1431.0,0.058,14877
35,A,37,0,111.0,0.058,14877
35,A,37,1,112.0,0.058,14877
35,A,37,2,,0.058,14877
35,A,37,3,129.0,0.058,14877
35,A,37,4,,0.058,14877
35,A,37,5,146.0,0.058,14877
35,A,37,6,140.0,0.058,14877
35,A,37,7,156.0,0.058,14877
35,A,37,8,172.0,0.058,14877
35,A,37,9,176.0,0.058,14877
35,A,37,10,191.0,0.058,14877
35,A,37,11,203.0,0.058,14877
35,A,37,12,207.0,0.058,14877
35,A,37,13,209.0,0.058,14877
35,A,37,14,224.0,0.058,14877
35,A,37,15,247.0,0.058,14877
35,A,37,16,275.0,0.058,14877
35,A,37,17,275.0,0.058,14877
35,A,37,18,269.0,0.058,14877
35,A,37,19,303.0,0.058,14877
35,A,37,20,321.0,0.058,14877
35,A,37,21,341.0,0.058,14877
35,A,37,22,365.0,0.058,14877
35,A,37,23,340.0,0.058,14877
35,A,37,24,432.0,0.058,14877
35,A,37,25,436.0,0.058,14877
35,A,37,26,457.0,0.058,14877
35,A,37,27,478.0,0.058,14877
35,A,37,28,484.0,0.058,14877
35,A,37,29,523.0,0.058,14877
35,A,37,30,590.0,0.058,14877
35,A,37,31,600.0,0.058,14877
35,A,37,32,633.0,0.058,14877
35,A,37,33,654.0,0.058,14877
35,A,37,34,686.0,0.058,14877
35,A,37,35,733.0,0.058,14877
35,A,37,36,797.0,0.058,14877
35,A,37,37,841.0,0.058,14877
35,A,37,38,882.0,0.058,14877
35,A,37,39,872.0,0.058,14877
35,A,37,40,944.0,0.058,14877
35,A,37,41,1001.0,0.058,14877
35,A,37,42,1027.0,0.058,14877
35,A,37,43,1137.0,0.058,14877
35,A,37,44,1143.0,0.058,14877
35,A,37,45,1326.0,0.058,14877
35,A,37,46,1316.0,0.058,14877
35,A,37,47,1371.0,0.058,14877
35,A,37,48,1402.0,0.058,14877
36,A,37,0,105.0,0.058,14877
36,A,37,1,117.0,0.058,14877
36,A,37,2,113.0,0.058,14877
36,A,37,3,123.0,0.058,14877
36,A,37,4,137.0,0.058,14877
36,A,37,5,128.0,0.058,14877
36,A,37,6,148.0,0.058,14877
36,A,37,7,152.0,0.058,14877
36,A,37,8,170.0,0.058,14877
36,A,37,9,169.0,0.058,14877
36,A,37,10,176.0,0.058,14877
36,A,37,11,193.0,0.058,14877
36,A,37,12,217.0,0.058,14877
36,A,37,13,215.0,0.058,14877
36,A,37,14,231.0,0.058,14877
36,A,37,15,245.0,0.058,14877
36,A,37,16,251.0,0.058,14877
36,A,37,17,270.0,0.058,14877
36,A,37,18,286.0,0.058,14877
36,A,37,19,309.0,0.058,14877
36,A,37,20,321.0,0.058,14877
36,A,37,21,,0.058,14877
36,A,37,22,340.0,0.058,14877
36,A,37,23,402.0,0.058,14877
36,A,37,24,398.0,0.058,14877
36,A,37,25,420.0,0.058,14877
36,A,37,26,457.0,0.058,14877
36,A,37,27,495.0,0.058,14877
36,A,37,28,501.0,0.058,14877
36,A,37,29,532.0,0.058,14877
36,A,37,30,538.0,0.058,14877
36,A,37,31,589.0,0.058,14877
36,A,37,32,,0.058,14877
36,A,37,33,641.0,0.058,14877
36,A,37,34,702.0,0.058,14877
36,A,37,35,702.0,0.058,14877
36,A,37,36,806.0,0.058,14877
36,A,37,37,776.0,0.058,14877
36,A,37,38,879.0,0.058,14877
36,A,37,39,877.0,0.058,14877
36,A,37,40,966.0,0.058,14877
36,A,37,41,1044.0,0.058,14877
36,A,37,42,1002.0,0.058,14877
36,A,37,43,1108.0,0.058,14877
36,A,37,44,1172.0,0.058,14877
36,A,37,45,1185.0,0.058,14877
36,A,37,46,1276.0,0.058,14877
36,A,37,47,1417.0,0.058,14877
36,A,37,48,1387.0,0.058,14877
37,A,37,0,104.0,0.058,14877
37,A,37,1,107.0,0.058,14877
37,A,37,2,114.0,0.058,14877
37,A,37,3,126.0,0.058,14877
37,A,37,4,137.0,0.058,14877
37,A,37,5,134.0,0.058,14877
37,A,37,6,150.0,0.058,14877
37,A,37,7,159.0,0.058,14877
37,A,37,8,155.0,0.058,14877
37,A,37,9,177.0,0.058,14877
37,A,37,10,177.0,0.058,14877
37,A,37,11,187.0,0.058,14877
37,A,37,12,198.0,0.058,14877
37,A,37,13,211.0,0.058,14877
37,A,37,14,229.0,0.058,14877
37,A,37,15,247.0,0.058,14877
37,A,37,16,265.0,0.058,14877
37,A,37,17,260.0,0.058,14877
37,A,37,18,302.0,0.058,14877
37,A,37,19,295.0,0.058,14877
37,A,37,20,302.0,0.058,14877
37,A,37,21,345.0,0.058,14877
37,A,37,22,364.0,0.058,14877
37,A,37,23,391.0,0.058,14877
37,A,37,24,410.0,0.058,14877
37,A,37,25,437.0,0.058,14877
37,A,37,26,434.0,0.058,14877
37,A,37,27,466.0,0.058,14877
37,A,37,28,488.0,0.058,14877
37,A,37,29,530.0,0.058,14877
37,A,37,30,545.0,0.058,14877
37,A,37,31,610.0,0.058,14877
37,A,37,32,627.0,0.058,14877
37,A,37,33,665.0,0.058,14877
37,A,37,34,679.0,0.058,14877
37,A,37,35,716.0,0.058,14877
37,A,37,36,758.0,0.058,14877
37,A,37,37,809.0,0.058,14877
37,A,37,38,793.0,0.058,14877
37,A,37,39,871.0,0.058,14877
37,A,37,40,967.0,0.058,14877
37,A,37,41,1005.0,0.058,14877
37,A,37,42,1072.0,0.058,14877
37,A,37,43,1104.0,0.058,14877
37,A,37,44,1146.0,0.058,14877
37,A,37,45,1235.0,0.058,14877
37,A,37,46,1275.0,0.058,14877
37,A,37,47,1390.0,0.058,14877
37,A,37,48,1436.0,0.058,14877
38,A,37,0,106.0,0.058,14877
38,A,37,1,113.0,0.058,14877
38,A,37,2,116.0,0.058,14877
38,A,37,3,122.0,0.058,14877
38,A,37,4,130.0,0.058,14877
38,A,37,5,139.0,0.058,14877
38,A,37,6,154.0,0.058,14877
38,A,37,7,154.0,0.058,14877
38,A,37,8,163.0,0.058,14877
38,A,37,9,179.0,0.058,14877
38,A,37,10,192.0,0.058,14877
38,A,37,11,198.0,0.058,14877
38,A,37,12,,0.058,14877
38,A,37,13,218.0,0.058,14877
38,A,37,14,231.0,0.058,14877
38,A,37,15,244.0,0.058,14877
38,A,37,16,264.0,0.058,14877
38,A,37,17,273.0,0.058,14877
38,A,37,18,288.0,0.058,14877
38,A,37,19,295.0,0.058,14877
38,A,37,20,312.0,0.058,14877
38,A,37,21,339.0,0.058,14877
38,A,37,22,355.0,0.058,14877
38,A,37,23,390.0,0.058,14877
38,A,37,24,396.0,0.058,14877
38,A,37,25,430.0,0.058,14877
38,A,37,26,444.0,0.058,14877
38,A,37,27,456.0,0.058,14877
38,A,37,28,480.0,0.058,14877
38,A,37,29,520.0,0.058,14877
38,A,37,30,557.0,0.058,14877
38,A,37,31,,0.058,14877
38,A,37,32,637.0,0.058,14877
38,A,37,33,665.0,0.058,14877
38,A,37,34,706.0,0.058,14877
38,A,37,35,730.0,0.058,14877
38,A,37,36,783.0,0.058,14877
38,A,37,37,821.0,0.058,14877
38,A,37,38,807.0,0.058,14877
38,A,37,39,882.0,0.058,14877
38,A,37,40,999.0,0.058,14877
38,A,37,41,978.0,0.058,14877
38,A,37,42,1069.0,0.058,14877
38,A,37,43,5665.0,0.058,14877
38,A,37,44,1178.0,0.058,14877
38,A,37,45,1252.0,0.058,14877
38,A,37,46,1391.0,0.058,14877
38,A,37,47,1295.0,0.058,14877
38,A,37,48,1384.0,0.058,14877
39,A,37,0,111.0,0.058,14877
39,A,37,1,115.0,0.058,14877
39,A,37,2,116.0,0.058,14877
39,A,37,3,132.0,0.058,14877
39,A,37,4,129.0,0.058,14877
39,A,37,5,136.0,0.058,14877
39,A,37,6,148.0,0.058,14877
39,A,37,7,154.0,0.058,14877
39,A,37,8,165.0,0.058,14877
39,A,37,9,171.0,0.058,14877
39,A,37,10,179.0,0.058,14877
39,A,37,11,193.0,0.058,14877
39,A,37,12,211.0,0.058,14877
39,A,37,13,212.0,0.058,14877
39,A,37,14,223.0,0.058,14877
39,A,37,15,248.0,0.058,14877
39,A,37,16,255.0,0.058,14877
39,A,37,17,288.0,0.058,14877
39,A,37,18,304.0,0.058,14877
39,A,37,19,297.0,0.058,14877
39,A,37,20,,0.058,14877
39,A,37,21,327.0,0.058,14877
39,A,37,22,361.0,0.058,14877
39,A,37,23,370.0,0.058,14877
39,A,37,24,412.0,0.058,14877
39,A,37,25,407.0,0.058,14877
39,A,37,26,438.0,0.058,14877
39,A,37,27,472.0,0.058,14877
39,A,37,28,519.0,0.058,14877
39,A,37,29,509.0,0.058,14877
39,A,37,30,562.0,0.058,14877
39,A,37,31,585.0,0.058,14877
39,A,37,32,622.0,0.058,14877
39,A,37,33,644.0,0.058,14877
39,A,37,34,680.0,0.058,14877
39,A,37,35,727.0,0.058,14877
39,A,37,36,769.0,0.058,14877
39,A,37,37,779.0,0.058,14877
39,A,37,38,851.0,0.058,14877
39,A,37,39,903.0,0.058,14877
39,A,37,40,974.0,0.058,14877
39,A,37,41,986.0,0.058,14877
39,A,37,42,1105.0,0.058,14877
39,A,37,43,1049.0,0.058,14877
39,A,37,44,1112.0,0.058,14877
39,A,37,45,1200.0,0.058,14877
39,A,37,46,1293.0,0.058,14877
39,A,37,47,1416.0,0.058,14877
39,A,37,48,1457.0,0.058,14877
40,A,37,0,107.0,0.058,14877
40,A,37,1,112.0,0.058,14877
40,A,37,2,115.0,0.058,14877
40,A,37,3,132.0,0.058,14877
40,A,37,4,136.0,0.058,14877
40,A,37,5,137.0,0.058,14877
40,A,37,6,147.0,0.058,14877
40,A,37,7,156.0,0.058,14877
40,A,37,8,169.0,0.058,14877
40,A,37,9,179.0,0.058,14877
40,A,37,10,189.0,0.058,14877
40,A,37,11,194.0,0.058,14877
40,A,37,12,211.0,0.058,14877
40,A,37,13,220.0,0.058,14877
40,A,37,14,227.0,0.058,14877
40,A,37,15,1225.0,0.058,14877
40,A,37,16,256.0,0.058,14877
40,A,37,17,271.0,0.058,14877
40,A,37,18,292.0,0.058,14877
40,A,37,19,297.0,0.058,14877
40,A,37,20,343.0,0.058,14877
40,A,37,21,346.0,0.058,14877
40,A,37,22,363.0,0.058,14877
40,A,37,23,391.0,0.058,14877
40,A,37,24,399.0,0.058,14877
40,A,37,25,440.0,0.058,14877
40,A,37,26,414.0,0.058,14877
40,A,37,27,475.0,0.058,14877
40,A,37,28,489.0,0.058,14877
40,A,37,29,501.0,0.058,14877
40,A,37,30,575.0,0.058,14877
40,A,37,31,606.0,0.058,14877
40,A,37,32,612.0,0.058,14877
40,A,37,33,680.0,0.058,14877
40,A,37,34,732.0,0.058,14877
40,A,37,35,717.0,0.058,14877
40,A,37,36,780.0,0.058,14877
40,A,37,37,819.0,0.058,14877
40,A,37,38,827.0,0.058,14877
40,A,37,39,,0.058,14877
40,A,37,40,967.0,0.058,14877
40,A,37,41,943.0,0.058,14877
40,A,37,42,1035.0,0.058,14877
40,A,37,43,1117.0,0.058,14877
40,A,37,44,1181.0,0.058,14877
40,A,37,45,1206.0,0.058,14877
40,A,37,46,1293.0,0.058,14877
40,A,37,47,1400.0,0.058,14877
40,A,37,48,1455.0,0.058,14877
41,B,20,0,119.0,0.158,42976
41,B,20,1,137.0,0.158,42976
41,B,20,2,157.0,0.158,42976
41,B,20,3,174.0,0.158,42976
41,B,20,4,206.0,0.158,42976
41,B,20,5,238.0,0.158,42976
41,B,20,6,283.0,0.158,42976
41,B,20,7,315.0,0.158,42976
41,B,20,8,357.0,0.158,42976
41,B,20,9,424.0,0.158,42976
41,B,20,10,472.0,0.158,42976
41,B,20,11,568.0,0.158,42976
41,B,20,12,699.0,0.158,42976
41,B,20,13,,0.158,42976
41,B,20,14,924.0,0.158,42976
41,B,20,15,977.0,0.158,42976
41,B,20,16,1150.0,0.158,42976
41,B,20,17,1353.0,0.158,42976
41,B,20,18,1555.0,0.158,42976
41,B,20,19,1793.0,0.158,42976
41,B,20,20,2106.0,0.158,42976
41,B,20,21,2465.0,0.158,42976
41,B,20,22,2876.0,0.158,42976
41,B,20,23,3094.0,0.158,42976
41,B,20,24,3475.0,0.158,42976
41,B,20,25,3882.0,0.158,42976
41,B,20,26,4672.0,0.158,42976
41,B,20,27,5212.0,0.158,42976
41,B,20,28,6056.0,0.158,42976
41,B,20,29,6473.0,0.158,42976
41,B,20,30,8089.0,0.158,42976
41,B,20,31,9148.0,0.158,42976
41,B,20,32,10077.0,0.158,42976
41,B,20,33,11392.0,0.158,42976
41,B,20,34,11933.0,0.158,42976
41,B,20,35,14015.0,0.158,42976
41,B,20,36,15447.0,0.158,42976
41,B,20,37,16472.0,0.158,42976
41,B,20,38,19202.0,0.158,42976
41,B,20,39,19641.0,0.158,42976
41,B,20,40,21626.0,0.158,42976
41,B,20,41,24207.0,0.158,42976
41,B,20,42,25038.0,0.158,42976
41,B,20,43,27536.0,0.158,42976
41,B,20,44,28374.0,0.158,42976
41,B,20,45,29015.0,0.158,42976
41,B,20,46,30909.0,0.158,42976
41,B,20,47,31682.0,0.158,42976
41,B,20,48,33382.0,0.158,42976
42,B,20,0,115.0,0.158,42976
42,B,20,1,136.0,0.158,42976
42,B,20,2,159.0,0.158,42976
42,B,20,3,172.0,0.158,42976
42,B,20,4,206.0,0.158,42976
42,B,20,5,239.0,0.158,42976
42,B,20,6,285.0,0.158,42976
42,B,20,7,327.0,0.158,42976
42,B,20,8,372.0,0.158,42976
42,B,20,9,418.0,0.158,42976
42,B,20,10,495.0,0.158,42976
42,B,20,11,554.0,0.158,42976
42,B,20,12,635.0,0.158,42976
42,B,20,13,779.0,0.158,42976
42,B,20,14,868.0,0.158,42976
42,B,20,15,993.0,0.158,42976
42,B,20,16,1207.0,0.158,42976
42,B,20,17,1359.0,0.158,42976
42,B,20,18,1697.0,0.158,42976
42,B,20,19,1900.0,0.158,42976
42,B,20,20,2137.0,0.158,42976
42,B,20,21,2381.0,0.158,42976
42,B,20,22,2698.0,0.158,42976
42,B,20,23,3365.0,0.158,42976
42,B,20,24,3590.0,0.158,42976
42,B,20,25,3877.0,0.158,42976
42,B,20,26,4710.0,0.158,42976
42,B,20,27,5402.0,0.158,42976
42,B,20,28,6205.0,0.158,42976
42,B,20,29,6550.0,0.158,42976
42,B,20,30,8373.0,0.158,42976
42,B,20,31,8949.0,0.158,42976
42,B,20,32,10188.0,0.158,42976
42,B,20,33,11486.0,0.158,42976
42,B,20,34,12672.0,0.158,42976
42,B,20,35,14367.0,0.158,42976
42,B,20,36,15543.0,0.158,42976
42,B,20,37,17821.0,0.158,42976
42,B,20,38,18338.0,0.158,42976
42,B,20,39,19733.0,0.158,42976
42,B,20,40,21466.0,0.158,42976
42,B,20,41,24200.0,0.158,42976
42,B,20,42,25968.0,0.158,42976
42,B,20,43,26371.0,0.158,42976
42,B,20,44,27851.0,0.158,42976
42,B,20,45,29917.0,0.158,42976
42,B,20,46,31682.0,0.158,42976
42,B,20,47,32562.0,0.158,42976
42,B,20,48,35656.0,0.158,42976
43,B,20,0,114.0,0.158,42976
43,B,20,1,134.0,0.158,42976
43,B,20,2,153.0,0.158,42976
43,B,20,3,180.0,0.158,42976
43,B,20,4,210.0,0.158,42976
43,B,20,5,240.0,0.158,42976
43,B,20,6,278.0,0.158,42976
43,B,20,7,311.0,0.158,42976
43,B,20,8,380.0,0.158,42976
43,B,20,9,426.0,0.158,42976
43,B,20,10,494.0,0.158,42976
43,B,20,11,568.0,0.158,42976
43,B,20,12,681.0,0.158,42976
43,B,20,13,791.0,0.158,42976
43,B,20,14,899.0,0.158,42976
43,B,20,15,1002.0,0.158,42976
43,B,20,16,1203.0,0.158,42976
43,B,20,17,1336.0,0.158,42976
43,B,20,18,1558.0,0.158,42976
43,B,20,19,1749.0,0.158,42976
43,B,20,20,2043.0,0.158,42976
43,B,20,21,2476.0,0.158,42976
43,B,20,22,2740.0,0.158,42976
43,B,20,23,3101.0,0.158,42976
43,B,20,24,3744.0,0.158,42976
43,B,20,25,4115.0,0.158,42976
43,B,20,26,4782.0,0.158,42976
43,B,20,27,5152.0,0.158,42976
43,B,20,28,5832.0,0.158,42976
43,B,20,29,6585.0,0.158,42976
43,B,20,30,7882.0,0.158,42976
43,B,20,31,8384.0,0.158,42976
43,B,20,32,10139.0,0.158,42976
43,B,20,33,11618.0,0.158,42976
43,B,20,34,12540.0,0.158,42976
43,B,20,35,13795.0,0.158,42976
43,B,20,36,15645.0,0.158,42976
43,B,20,37,16560.0,0.158,42976
43,B,20,38,19365.0,0.158,42976
43,B,20,39,20371.0,0.158,42976
43,B,20,40,22383.0,0.158,42976
43,B,20,41,23420.0,0.158,42976
43,B,20,42,26379.0,0.158,42976
43,B,20,43,27799.0,0.158,42976
43,B,20,44,28375.0,0.158,42976
43,B,20,45,30866.0,0.158,42976
43,B,20,46,31755.0,0.158,42976
43,B,20,47,32590.0,0.158,42976
43,B,20,48,33039.0,0.158,42976
44,B,20,0,116.0,0.158,42976
44,B,20,1,,0.158,42976
44,B,20,2,162.0,0.158,42976
44,B,20,3,176.0,0.158,42976
44,B,20,4,220.0,0.158,42976
44,B,20,5,228.0,0.158,42976
44,B,20,6,262.0,0.158,42976
44,B,20,7,304.0,0.158,42976
44,B,20,8,384.0,0.158,42976
44,B,20,9,413.0,0.158,42976
44,B,20,10,512.0,0.158,42976
44,B,20,11,571.0,0.158,42976
44,B,20,12,650.0,0.158,42976
44,B,20,13,767.0,0.158,42976
44,B,20,14,901.0,0.158,42976
44,B,20,15,1054.0,0.158,42976
44,B,20,16,1228.0,0.158,42976
44,B,20,17,1332.0,0.158,42976
44,B,20,18,1619.0,0.158,42976
44,B,20,19,1823.0,0.158,42976
44,B,20,20,2112.0,0.158,42976
44,B,20,21,2490.0,0.158,42976
44,B,20,22,2756.0,0.158,42976
44,B,20,23,3217.0,0.158,42976
44,B,20,24,3763.0,0.158,42976
44,B,20,25,3932.0,0.158,42976
44,B,20,26,4619.0,0.158,42976
44,B,20,27,5168.0,0.158,42976
44,B,20,28,5732.0,0.158,42976
44,B,20,29,6915.0,0.158,42976
44,B,20,30,8155.0,0.158,42976
44,B,20,31,9003.0,0.158,42976
44,B,20,32,9862.0,0.158,42976
44,B,20,33,11633.0,0.158,42976
44,B,20,34,12957.0,0.158,42976
44,B,20,35,14673.0,0.158,42976
44,B,20,36,16267.0,0.158,42976
44,B,20,37,17063.0,0.158,42976
44,B,20,38,18383.0,0.158,42976
44,B,20,39,20174.0,0.158,42976
44,B,20,40,22544.0,0.158,42976
44,B,20,41,22034.0,0.158,42976
44,B,20,42,25003.0,0.158,42976
44,B,20,43,,0.158,42976
44,B,20,44,28116.0,0.158,42976
44,B,20,45,29538.0,0.158,42976
44,B,20,46,31338.0,0.158,42976
44,B,20,47,,0.158,42976
44,B,20,48,32625.0,0.158,42976
45,B,20,0,115.0,0.158,42976
45,B,20,1,135.0,0.158,42976
45,B,20,2,161.0,0.158,42976
45,B,20,3,189.0,0.158,42976
45,B,20,4,209.0,0.158,42976
45,B,20,5,237.0,0.158,42976
45,B,20,6,261.0,0.158,42976
45,B,20,7,334.0,0.158,42976
45,B,20,8,372.0,0.158,42976
45,B,20,9,436.0,0.158,42976
45,B,20,10,507.0,0.158,42976
45,B,20,11,580.0,0.158,42976
45,B,20,12,662.0,0.158,42976
45,B,20,13,767.0,0.158,42976
45,B,20,14,908.0,0.158,42976
45,B,20,15,974.0,0.158,42976
45,B,20,16,1187.0,0.158,42976
45,B,20,17,1373.0,0.158,42976
45,B,20,18,1669.0,0.158,42976
45,B,20,19,1778.0,0.158,42976
45,B,20,20,2035.0,0.158,42976
45,B,20,21,2389.0,0.158,42976
45,B,20,22,2800.0,0.158,42976
45,B,20,23,3035.0,0.158,42976
45,B,20,24,3702.0,0.158,42976
45,B,20,25,4199.0,0.158,42976
45,B,20,26,4478.0,0.158,42976
45,B,20,27,5100.0,0.158,42976
45,B,20,28,6343.0,0.158,42976
45,B,20,29,6956.0,0.158,42976
45,B,20,30,8265.0,0.158,42976
45,B,20,31,8808.0,0.158,42976
45,B,20,32,9427.0,0.158,42976
45,B,20,33,11058.0,0.158,42976
45,B,20,34,12202.0,0.158,42976
45,B,20,35,14154.0,0.158,42976
45,B,20,36,15250.0,0.158,42976
45,B,20,37,,0.158,42976
45,B,20,38,17612.0,0.158,42976
45,B,20,39,20076.0,0.158,42976
45,B,20,40,22953.0,0.158,42976
45,B,20,41,23668.0,0.158,42976
45,B,20,42,26076.0,0.158,42976
45,B,20,43,25171.0,0.158,42976
45,B,20,44,28702.0,0.158,42976
45,B,20,45,30146.0,0.158,42976
45,B,20,46,32060.0,0.158,42976
45,B,20,47,32621.0,0.158,42976
45,B,20,48,31405.0,0.158,42976
46,B,20,0,114.0,0.158,42976
46,B,20,1,133.0,0.158,42976
46,B,20,2,159.0,0.158,42976
46,B,20,3,179.0,0.158,42976
46,B,20,4,210.0,0.158,42976
46,B,20,5,236.0,0.158,42976
46,B,20,6,282.0,0.158,42976
46,B,20,7,323.0,0.158,42976
46,B,20,8,374.0,0.158,42976
46,B,20,9,426.0,0.158,42976
46,B,20,10,498.0,0.158,42976
46,B,20,11,580.0,0.158,42976
46,B,20,12,668.0,0.158,42976
46,B,20,13,692.0,0.158,42976
46,B,20,14,877.0,0.158,42976
46,B,20,15,1046.0,0.158,42976
46,B,20,16,1202.0,0.158,42976
46,B,20,17,1328.0,0.158,42976
46,B,20,18,1588.0,0.158,42976
46,B,20,19,1774.0,0.158,42976
46,B,20,20,2104.0,0.158,42976
46,B,20,21,2331.0,0.158,42976
46,B,20,22,2759.0,0.158,42976
46,B,20,23,3050.0,0.158,42976
46,B,20,24,3600.0,0.158,42976
46,B,20,25,4144.0,0.158,42976
46,B,20,26,4743.0,0.158,42976
46,B,20,27,5432.0,0.158,42976
46,B,20,28,6420.0,0.158,42976
46,B,20,29,6860.0,0.158,42976
46,B,20,30,7994.0,0.158,42976
46,B,20,31,8784.0,0.158,42976
46,B,20,32,10203.0,0.158,42976
46,B,20,33,11348.0,0.158,42976
46,B,20,34,12192.0,0.158,42976
46,B,20,35,14161.0,0.158,42976
46,B,20,36,15516.0,0.158,42976
46,B,20,37,16818.0,0.158,42976
46,B,20,38,18424.0,0.158,42976
46,B,20,39,20968.0,0.158,42976
46,B,20,40,21951.0,0.158,42976
46,B,20,41,23512.0,0.158,42976
46,B,20,42,25798.0,0.158,42976
46,B,20,43,27193.0,0.158,42976
46,B,20,44,29003.0,0.158,42976
46,B,20,45,30713.0,0.158,42976
46,B,20,46,30105.0,0.158,42976
46,B,20,47,32979.0,0.158,42976
46,B,20,48,35162.0,0.158,42976
47,B,20,0,117.0,0.158,42976
47,B,20,1,138.0,0.158,42976
47,B,20,2,159.0,0.158,42976
47,B,20,3,188.0,0.158,42976
47,B,20,4,208.0,0.158,42976
47,B,20,5,240.0,0.158,42976
47,B,20,6,253.0,0.158,42976
47,B,20,7,330.0,0.158,42976
47,B,20,8,388.0,0.158,42976
47,B,20,9,428.0,0.158,42976
47,B,20,10,493.0,0.158,42976
47,B,20,11,592.0,0.158,42976
47,B,20,12,638.0,0.158,42976
47,B,20,13,753.0,0.158,42976
47,B,20,14,849.0,0.158,42976
47,B,20,15,1077.0,0.158,42976
47,B,20,16,1198.0,0.158,42976
47,B,20,17,1318.0,0.158,42976
47,B,20,18,1603.0,0.158,42976
47,B,20,19,1810.0,0.158,42976
47,B,20,20,2100.0,0.158,42976
47,B,20,21,2541.0,0.158,42976
47,B,20,22,2695.0,0.158,42976
47,B,20,23,3351.0,0.158,42976
47,B,20,24,3463.0,0.158,42976
47,B,20,25,4089.0,0.158,42976
47,B,20,26,4724.0,0.158,42976
47,B,20,27,5261.0,0.158,42976
47,B,20,28,6015.0,0.158,42976
47,B,20,29,7179.0,0.158,42976
47,B,20,30,7769.0,0.158,42976
47,B,20,31,8997.0,0.158,42976
47,B,20,32,9962.0,0.158,42976
47,B,20,33,11339.0,0.158,42976
47,B,20,34,12550.0,0.158,42976
47,B,20,35,13578.0,0.158,42976
47,B,20,36,15523.0,0.158,42976
47,B,20,37,17327.0,0.158,42976
47,B,20,38,18722.0,0.158,42976
47,B,20,39,21175.0,0.158,42976
47,B,20,40,22722.0,0.158,42976
47,B,20,41,22480.0,0.158,42976
47,B,20,42,24251.0,0.158,42976
47,B,20,43,24713.0,0.158,42976
47,B,20,44,27409.0,0.158,42976
47,B,20,45,30107.0,0.158,42976
47,B,20,46,30162.0,0.158,42976
47,B,20,47,31064.0,0.158,42976
47,B,20,48,33020.0,0.158,42976
48,B,20,0,119.0,0.158,42976
48,B,20,1,131.0,0.158,42976
48,B,20,2,154.0,0.158,42976
48,B,20,3,184.0,0.158,42976
48,B,20,4,202.0,0.158,42976
48,B,20,5,233.0,0.158,42976
48,B,20,6,269.0,0.158,42976
48,B,20,7,331.0,0.158,42976
48,B,20,8,380.0,0.158,42976
48,B,20,9,436.0,0.158,42976
48,B,20,10,489.0,0.158,42976
48,B,20,11,584.0,0.158,42976
48,B,20,12,668.0,0.158,42976
48,B,20,13,746.0,0.158,42976
48,B,20,14,958.0,0.158,42976
48,B,20,15,1031.0,0.158,42976
48,B,20,16,1191.0,0.158,42976
48,B,20,17,1395.0,0.158,42976
48,B,20,18,1594.0,0.158,42976
48,B,20,19,1873.0,0.158,42976
48,B,20,20,2048.0,0.158,42976
48,B,20,21,2432.0,0.158,42976
48,B,20,22,2641.0,0.158,42976
48,B,20,23,3161.0,0.158,42976
48,B,20,24,3822.0,0.158,42976
48,B,20,25,,0.158,42976
48,B,20,26,5009.0,0.158,42976
48,B,20,27,5293.0,0.158,42976
48,B,20,28,5980.0,0.158,42976
48,B,20,29,7027.0,0.158,42976
48,B,20,30,7530.0,0.158,42976
48,B,20,31,8976.0,0.158,42976
48,B,20,32,10218.0,0.158,42976
48,B,20,33,11142.0,0.158,42976
48,B,20,34,12632.0,0.158,42976
48,B,20,35,13619.0,0.158,42976
48,B,20,36,15545.0,0.158,42976
48,B,20,37,17025.0,0.158,42976
48,B,20,38,18851.0,0.158,42976
48,B,20,39,19421.0,0.158,42976
48,B,20,40,20751.0,0.158,42976
48,B,20,41,22552.0,0.158,42976
48,B,20,42,25106.0,0.158,42976
48,B,20,43,26805.0,0.158,42976
48,B,20,44,29323.0,0.158,42976
48,B,20,45,29821.0,0.158,42976
48,B,20,46,31048.0,0.158,42976
48,B,20,47,34643.0,0.158,42976
48,B,20,48,32831.0,0.158,42976
49,B,20,0,114.0,0.158,42976
49,B,20,1,135.0,0.158,42976
49,B,20,2,158.0,0.158,42976
49,B,20,3,184.0,0.158,42976
49,B,20,4,210.0,0.158,42976
49,B,20,5,239.0,0.158,42976
49,B,20,6,272.0,0.158,42976
49,B,20,7,336.0,0.158,42976
49,B,20,8,370.0,0.158,42976
49,B,20,9,2215.0,0.158,42976
49,B,20,10,479.0,0.158,42976
49,B,20,11,561.0,0.158,42976
49,B,20,12,661.0,0.158,42976
49,B,20,13,817.0,0.158,42976
49,B,20,14,922.0,0.158,42976
49,B,20,15,1053.0,0.158,42976
49,B,20,16,1115.0,0.158,42976
49,B,20,17,1403.0,0.158,42976
49,B,20,18,1568.0,0.158,42976
49,B,20,19,1824.0,0.158,42976
49,B,20,20,2130.0,0.158,42976
49,B,20,21,2318.0,0.158,42976
49,B,20,22,2747.0,0.158,42976
49,B,20,23,3111.0,0.158,42976
49,B,20,24,3490.0,0.158,42976
49,B,20,25,4099.0,0.158,42976
49,B,20,26,4742.0,0.158,42976
49,B,20,27,5162.0,0.158,42976
49,B,20,28,6008.0,0.158,42976
49,B,20,29,7127.0,0.158,42976
49,B,20,30,7799.0,0.158,42976
49,B,20,31,9030.0,0.158,42976
49,B,20,32,10148.0,0.158,42976
49,B,20,33,11252.0,0.158,42976
49,B,20,34,12608.0,0.158,42976
49,B,20,35,14008.0,0.158,42976
49,B,20,36,15339.0,0.158,42976
49,B,20,37,17361.0,0.158,42976
49,B,20,38,18638.0,0.158,42976
49,B,20,39,19532.0,0.158,42976
49,B,20,40,21543.0,0.158,42976
49,B,20,41,22364.0,0.158,42976
49,B,20,42,25124.0,0.158,42976
49,B,20,43,26213.0,0.158,42976
49,B,20,44,28804.0,0.158,42976
49,B,20,45,28517.0,0.158,42976
49,B,20,46,32461.0,0.158,42976
49,B,20,47,32315.0,0.158,42976
49,B,20,48,32043.0,0.158,42976
50,B,20,0,121.0,0.158,42976
50,B,20,1,133.0,0.158,42976
50,B,20,2,151.0,0.158,42976
50,B,20,3,179.0,0.158,42976
50,B,20,4,193.0,0.158,42976
50,B,20,5,236.0,0.158,42976
50,B,20,6,271.0,0.158,42976
50,B,20,7,315.0,0.158,42976
50,B,20,8,,0.158,42976
50,B,20,9,448.0,0.158,42976
50,B,20,10,533.0,0.158,42976
50,B,20,11,566.0,0.158,42976
50,B,20,12,658.0,0.158,42976
50,B,20,13,751.0,0.158,42976
50,B,20,14,888.0,0.158,42976
50,B,20,15,1037.0,0.158,42976
50,B,20,16,1151.0,0.158,42976
50,B,20,17,1446.0,0.158,42976
50,B,20,18,1562.0,0.158,42976
50,B,20,19,1822.0,0.158,42976
50,B,20,20,1990.0,0.158,42976
50,B,20,21,2417.0,0.158,42976
50,B,20,22,2778.0,0.158,42976
50,B,20,23,3074.0,0.158,42976
50,B,20,24,3762.0,0.158,42976
50,B,20,25,4111.0,0.158,42976
50,B,20,26,4497.0,0.158,42976
50,B,20,27,5149.0,0.158,42976
50,B,20,28,6132.0,0.158,42976
50,B,20,29,6996.0,0.158,42976
50,B,20,30,7851.0,0.158,42976
50,B,20,31,9163.0,0.158,42976
50,B,20,32,10251.0,0.158,42976
50,B,20,33,11701.0,0.158,42976
50,B,20,34,12176.0,0.158,42976
50,B,20,35,13693.0,0.158,42976
50,B,20,36,16364.0,0.158,42976
50,B,20,37,17013.0,0.158,42976
50,B,20,38,18089.0,0.158,42976
50,B,20,39,20144.0,0.158,42976
50,B,20,40,22766.0,0.158,42976
50,B,20,41,23039.0,0.158,42976
50,B,20,42,25761.0,0.158,42976
50,B,20,43,25606.0,0.158,42976
50,B,20,44,28385.0,0.158,42976
50,B,20,45,29256.0,0.158,42976
50,B,20,46,,0.158,42976
50,B,20,47,32136.0,0.158,42976
50,B,20,48,34047.0,0.158,42976
51,B,25,0,135.0,0.402,109742
51,B,25,1,196.0,0.402,109742
51,B,25,2,,0.402,109742
51,B,25,3,391.0,0.402,109742
51,B,25,4,560.0,0.402,109742
51,B,25,5,811.0,0.402,109742
51,B,25,6,1032.0,0.402,109742
51,B,25,7,1471.0,0.402,109742
51,B,25,8,1987.0,0.402,109742
51,B,25,9,2873.0,0.402,109742
51,B,25,10,3981.0,0.402,109742
51,B,25,11,5389.0,0.402,109742
51,B,25,12,7815.0,0.402,109742
51,B,25,13,10791.0,0.402,109742
51,B,25,14,69540.0,0.402,109742
51,B,25,15,19802.0,0.402,109742
51,B,25,16,27324.0,0.402,109742
51,B,25,17,33729.0,0.402,109742
51,B,25,18,41551.0,0.402,109742
51,B,25,19,51861.0,0.402,109742
51,B,25,20,65848.0,0.402,109742
51,B,25,21,77884.0,0.402,109742
51,B,25,22,85753.0,0.402,109742
51,B,25,23,93514.0,0.402,109742
51,B,25,24,99335.0,0.402,109742
51,B,25,25,103716.0,0.402,109742
51,B,25,26,,0.402,109742
51,B,25,27,111621.0,0.402,109742
51,B,25,28,117898.0,0.402,109742
51,B,25,29,111579.0,0.402,109742
51,B,25,30,107923.0,0.402,109742
51,B,25,31,111322.0,0.402,109742
51,B,25,32,107174.0,0.402,109742
51,B,25,33,109419.0,0.402,109742
51,B,25,34,113383.0,0.402,109742
51,B,25,35,110543.0,0.402,109742
51,B,25,36,111701.0,0.402,109742
51,B,25,37,103114.0,0.402,109742
51,B,25,38,105322.0,0.402,109742
51,B,25,39,112992.0,0.402,109742
51,B,25,40,110189.0,0.402,109742
51,B,25,41,,0.402,109742
51,B,25,42,115163.0,0.402,109742
51,B,25,43,109821.0,0.402,109742
51,B,25,44,107874.0,0.402,109742
51,B,25,45,114740.0,0.402,109742
51,B,25,46,113666.0,0.402,109742
51,B,25,47,106845.0,0.402,109742
51,B,25,48,105503.0,0.402,109742
52,B,25,0,146.0,0.402,109742
52,B,25,1,201.0,0.402,109742
52,B,25,2,283.0,0.402,109742
52,B,25,3,386.0,0.402,109742
52,B,25,4,529.0,0.402,109742
52,B,25,5,726.0,0.402,109742
52,B,25,6,1036.0,0.402,109742
52,B,25,7,1530.0,0.402,109742
52,B,25,8,2154.0,0.402,109742
52,B,25,9,2878.0,0.402,109742
52,B,25,10,3890.0,0.402,109742
52,B,25,11,5365.0,0.402,109742
52,B,25,12,8249.0,0.402,109742
52,B,25,13,10645.0,0.402,109742
52,B,25,14,13761.0,0.402,109742
52,B,25,15,19708.0,0.402,109742
52,B,25,16,26904.0,0.402,109742
52,B,25,17,33236.0,0.402,109742
52,B,25,18,42081.0,0.402,109742
52,B,25,19,53990.0,0.402,109742
52,B,25,20,67666.0,0.402,109742
52,B,25,21,76154.0,0.402,109742
52,B,25,22,81519.0,0.402,109742
52,B,25,23,93116.0,0.402,109742
52,B,25,24,97237.0,0.402,109742
52,B,25,25,102584.0,0.402,109742
52,B,25,26,105969.0,0.402,109742
52,B,25,27,110495.0,0.402,109742
52,B,25,28,112009.0,0.402,109742
52,B,25,29,117658.0,0.402,109742
52,B,25,30,109816.0,0.402,109742
52,B,25,31,110626.0,0.402,109742
52,B,25,32,111163.0,0.402,109742
52,B,25,33,109540.0,0.402,109742
52,B,25,34,117187.0,0.402,109742
52,B,25,35,114347.0,0.402,109742
52,B,25,36,106641.0,0.402,109742
52,B,25,37,112341.0,0.402,109742
52,B,25,38,109248.0,0.402,109742
52,B,25,39,114812.0,0.402,109742
52,B,25,40,111193.0,0.402,109742
52,B,25,41,105072.0,0.402,109742
52,B,25,42,112318.0,0.402,109742
52,B,25,43,119023.0,0.402,109742
52,B,25,44,109379.0,0.402,109742
52,B,25,45,103485.0,0.402,109742
52,B,25,46,115568.0,0.402,109742
52,B,25,47,107476.0,0.402,109742
52,B,25,48,113576.0,0.402,109742
53,B,25,0,140.0,0.402,109742
53,B,25,1,192.0,0.402,109742
53,B,25,2,274.0,0.402,109742
53,B,25,3,373.0,0.402,109742
53,B,25,4,537.0,0.402,109742
53,B,25,5,768.0,0.402,109742
53,B,25,6,1025.0,0.402,109742
53,B,25,7,1539.0,0.402,109742
53,B,25,8,2184.0,0.402,109742
53,B,25,9,2778.0,0.402,109742
53,B,25,10,4158.0,0.402,109742
53,B,25,11,5571.0,0.402,109742
53,B,25,12,7426.0,0.402,109742
53,B,25,13,10553.0,0.402,109742
53,B,25,14,14531.0,0.402,109742
53,B,25,15,18974.0,0.402,109742
53,B,25,16,25684.0,0.402,109742
53,B,25,17,33733.0,0.402,109742
53,B,25,18,44787.0,0.402,109742
53,B,25,19,53566.0,0.402,109742
53,B,25,20,65521.0,0.402,109742
53,B,25,21,76872.0,0.402,109742
53,B,25,22,86715.0,0.402,109742
53,B,25,23,91134.0,0.402,109742
53,B,25,24,94641.0,0.402,109742
53,B,25,25,102844.0,0.402,109742
53,B,25,26,103271.0,0.402,109742
53,B,25,27,108152.0,0.402,109742
53,B,25,28,103731.0,0.402,109742
53,B,25,29,108241.0,0.402,109742
53,B,25,30,108322.0,0.402,109742
53,B,25,31,112080.0,0.402,109742
53,B,25,32,110369.0,0.402,109742
53,B,25,33,110062.0,0.402,109742
53,B,25,34,112738.0,0.402,109742
53,B,25,35,108750.0,0.402,109742
53,B,25,36,108858.0,0.402,109742
53,B,25,37,110108.0,0.402,109742
53,B,25,38,113103.0,0.402,109742
53,B,25,39,113008.0,0.402,109742
53,B,25,40,111539.0,0.402,109742
53,B,25,41,109417.0,0.402,109742
53,B,25,42,114114.0,0.402,109742
53,B,25,43,105607.0,0.402,109742
53,B,25,44,105463.0,0.402,109742
53,B,25,45,109017.0,0.402,109742
53,B,25,46,114920.0,0.402,109742
53,B,25,47,115399.0,0.402,109742
53,B,25,48,110205.0,0.402,109742
54,B,25,0,132.0,0.402,109742
54,B,25,1,195.0,0.402,109742
54,B,25,2,280.0,0.402,109742
54,B,25,3,369.0,0.402,109742
54,B,25,4,527.0,0.402,109742
54,B,25,5,792.0,0.402,109742
54,B,25,6,1044.0,0.402,109742
54,B,25,7,1523.0,0.402,109742
54,B,25,8,2004.0,0.402,109742
54,B,25,9,2820.0,0.402,109742
54,B,25,10,3988.0,0.402,109742
54,B,25,11,5688.0,0.402,109742
54,B,25,12,7674.0,0.402,109742
54,B,25,13,10514.0,0.402,109742
54,B,25,14,14110.0,0.402,109742
54,B,25,15,20030.0,0.402,109742
54,B,25,16,24865.0,0.402,109742
54,B,25,17,34205.0,0.402,109742
54,B,25,18,41501.0,0.402,109742
54,B,25,19,55858.0,0.402,109742
54,B,25,20,62232.0,0.402,109742
54,B,25,21,74678.0,0.402,109742
54,B,25,22,81741.0,0.402,109742
54,B,25,23,93873.0,0.402,109742
54,B,25,24,103452.0,0.402,109742
54,B,25,25,101567.0,0.402,109742
54,B,25,26,109632.0,0.402,109742
54,B,25,27,105489.0,0.402,109742
54,B,25,28,117050.0,0.402,109742
54,B,25,29,110080.0,0.402,109742
54,B,25,30,109674.0,0.402,109742
54,B,25,31,109442.0,0.402,109742
54,B,25,32,111108.0,0.402,109742
54,B,25,33,114971.0,0.402,109742
54,B,25,34,112672.0,0.402,109742
54,B,25,35,107709.0,0.402,109742
54,B,25,36,105985.0,0.402,109742
54,B,25,37,103341.0,0.402,109742
54,B,25,38,112086.0,0.402,109742
54,B,25,39,,0.402,109742
54,B,25,40,103212.0,0.402,109742
54,B,25,41,108390.0,0.402,109742
54,B,25,42,114415.0,0.402,109742
54,B,25,43,106256.0,0.402,109742
54,B,25,44,108932.0,0.402,109742
54,B,25,45,105212.0,0.402,109742
54,B,25,46,112951.0,0.402,109742
54,B,25,47,109073.0,0.402,109742
54,B,25,48,111299.0,0.402,109742
55,B,25,0,137.0,0.402,109742
55,B,25,1,193.0,0.402,109742
55,B,25,2,277.0,0.402,109742
55,B,25,3,366.0,0.402,109742
55,B,25,4,577.0,0.402,109742
55,B,25,5,799.0,0.402,109742
55,B,25,6,1074.0,0.402,109742
55,B,25,7,1461.0,0.402,109742
55,B,25,8,2117.0,0.402,109742
55,B,25,9,2979.0,0.402,109742
55,B,25,10,3925.0,0.402,109742
55,B,25,11,5445.0,0.402,109742
55,B,25,12,7675.0,0.402,109742
55,B,25,13,10557.0,0.402,109742
55,B,25,14,14107.0,0.402,109742
55,B,25,15,19673.0,0.402,109742
55,B,25,16,26645.0,0.402,109742
55,B,25,17,35069.0,0.402,109742
55,B,25,18,43991.0,0.402,109742
55,B,25,19,55634.0,0.402,109742
55,B,25,20,63782.0,0.402,109742
55,B,25,21,74339.0,0.402,109742
55,B,25,22,85240.0,0.402,109742
55,B,25,23,89932.0,0.402,109742
55,B,25,24,,0.402,109742
55,B,25,25,106931.0,0.402,109742
55,B,25,26,101866.0,0.402,109742
55,B,25,27,99210.0,0.402,109742
55,B,25,28,106965.0,0.402,109742
55,B,25,29,108594.0,0.402,109742
55,B,25,30,107821.0,0.402,109742
55,B,25,31,107086.0,0.402,109742
55,B,25,32,108262.0,0.402,109742
55,B,25,33,109387.0,0.402,109742
55,B,25,34,111143.0,0.402,109742
55,B,25,35,109782.0,0.402,109742
55,B,25,36,108706.0,0.402,109742
55,B,25,37,110536.0,0.402,109742
55,B,25,38,108240.0,0.402,109742
55,B,25,39,106677.0,0.402,109742
55,B,25,40,111008.0,0.402,109742
55,B,25,41,105692.0,0.402,109742
55,B,25,42,108684.0,0.402,109742
55,B,25,43,106016.0,0.402,109742
55,B,25,44,108557.0,0.402,109742
55,B,25,45,116010.0,0.402,109742
55,B,25,46,108067.0,0.402,109742
55,B,25,47,110172.0,0.402,109742
55,B,25,48,112916.0,0.402,109742
56,B,25,0,138.0,0.402,109742
56,B,25,1,203.0,0.402,109742
56,B,25,2,272.0,0.402,109742
56,B,25,3,387.0,0.402,109742
56,B,25,4,506.0,0.402,109742
56,B,25,5,763.0,0.402,109742
56,B,25,6,1059.0,0.402,109742
56,B,25,7,1516.0,0.402,109742
56,B,25,8,2012.0,0.402,109742
56,B,25,9,2797.0,0.402,109742
56,B,25,10,4081.0,0.402,109742
56,B,25,11,5869.0,0.402,109742
56,B,25,12,7484.0,0.402,109742
56,B,25,13,10436.0,0.402,109742
56,B,25,14,15154.0,0.402,109742
56,B,25,15,19374.0,0.402,109742
56,B,25,16,25929.0,0.402,109742
56,B,25,17,34718.0,0.402,109742
56,B,25,18,,0.402,109742
56,B,25,19,54479.0,0.402,109742
56,B,25,20,61893.0,0.402,109742
56,B,25,21,76246.0,0.402,109742
56,B,25,22,85346.0,0.402,109742
56,B,25,23,89582.0,0.402,109742
56,B,25,24,90633.0,0.402,109742
56,B,25,25,108738.0,0.402,109742
56,B,25,26,107919.0,0.402,109742
56,B,25,27,101369.0,0.402,109742
56,B,25,28,107063.0,0.402,109742
56,B,25,29,108686.0,0.402,109742
56,B,25,30,106367.0,0.402,109742
56,B,25,31,107725.0,0.402,109742
56,B,25,32,113123.0,0.402,109742
56,B,25,33,109400.0,0.402,109742
56,B,25,34,106071.0,0.402,109742
56,B,25,35,105964.0,0.402,109742
56,B,25,36,109180.0,0.402,109742
56,B,25,37,112913.0,0.402,109742
56,B,25,38,110810.0,0.402,109742
56,B,25,39,110600.0,0.402,109742
56,B,25,40,106923.0,0.402,109742
56,B,25,41,108906.0,0.402,109742
56,B,25,42,113097.0,0.402,109742
56,B,25,43,110726.0,0.402,109742
56,B,25,44,113996.0,0.402,109742
56,B,25,45,112305.0,0.402,109742
56,B,25,46,109859.0,0.402,109742
56,B,25,47,110145.0,0.402,109742
56,B,25,48,117166.0,0.402,109742
57,B,25,0,137.0,0.402,109742
57,B,25,1,206.0,0.402,109742
57,B,25,2,275.0,0.402,109742
57,B,25,3,390.0,0.402,109742
57,B,25,4,544.0,0.402,109742
57,B,25,5,776.0,0.402,109742
57,B,25,6,1064.0,0.402,109742
57,B,25,7,1587.0,0.402,109742
57,B,25,8,2078.0,0.402,109742
57,B,25,9,2891.0,0.402,109742
57,B,25,10,4014.0,0.402,109742
57,B,25,11,5508.0,0.402,109742
57,B,25,12,7722.0,0.402,109742
57,B,25,13,10846.0,0.402,109742
57,B,25,14,14701.0,0.402,109742
57,B,25,15,18669.0,0.402,109742
57,B,25,16,26161.0,0.402,109742
57,B,25,17,34845.0,0.402,109742
57,B,25,18,41973.0,0.402,109742
57,B,25,19,53756.0,0.402,109742
57,B,25,20,64083.0,0.402,109742
57,B,25,21,71904.0,0.402,109742
57,B,25,22,80960.0,0.402,109742
57,B,25,23,96645.0,0.402,109742
57,B,25,24,101164.0,0.402,109742
57,B,25,25,107256.0,0.402,109742
57,B,25,26,101676.0,0.402,109742
57,B,25,27,107526.0,0.402,109742
57,B,25,28,107940.0,0.402,109742
57,B,25,29,105800.0,0.402,109742
57,B,25,30,106257.0,0.402,109742
57,B,25,31,113773.0,0.402,109742
57,B,25,32,105865.0,0.402,109742
57,B,25,33,108366.0,0.402,109742
57,B,25,34,108625.0,0.402,109742
57,B,25,35,107756.0,0.402,109742
57,B,25,36,113444.0,0.402,109742
57,B,25,37,110147.0,0.402,109742
57,B,25,38,102008.0,0.402,109742
57,B,25,39,113771.0,0.402,109742
57,B,25,40,108546.0,0.402,109742
57,B,25,41,103927.0,0.402,109742
57,B,25,42,106606.0,0.402,109742
57,B,25,43,119714.0,0.402,109742
57,B,25,44,109348.0,0.402,109742
57,B,25,45,103682.0,0.402,109742
57,B,25,46,121392.0,0.402,109742
57,B,25,47,107337.0,0.402,109742
57,B,25,48,104951.0,0.402,109742
58,B,25,0,135.0,0.402,109742
58,B,25,1,195.0,0.402,109742
58,B,25,2,285.0,0.402,109742
58,B,25,3,389.0,0.402,109742
58,B,25,4,524.0,0.402,109742
58,B,25,5,721.0,0.402,109742
58,B,25,6,994.0,0.402,109742
58,B,25,7,1468.0,0.402,109742
58,B,25,8,2148.0,0.402,109742
58,B,25,9,2928.0,0.402,109742
58,B,25,10,4170.0,0.402,109742
58,B,25,11,5560.0,0.402,109742
58,B,25,12,7341.0,0.402,109742
58,B,25,13,10403.0,0.402,109742
58,B,25,14,14331.0,0.402,109742
58,B,25,15,19039.0,0.402,109742
58,B,25,16,26129.0,0.402,109742
58,B,25,17,34007.0,0.402,109742
58,B,25,18,43260.0,0.402,109742
58,B,25,19,52302.0,0.402,109742
58,B,25,20,64875.0,0.402,109742
58,B,25,21,79414.0,0.402,109742
58,B,25,22,84412.0,0.402,109742
58,B,25,23,91080.0,0.402,109742
58,B,25,24,101882.0,0.402,109742
58,B,25,25,99528.0,0.402,109742
58,B,25,26,105887.0,0.402,109742
58,B,25,27,105666.0,0.402,109742
58,B,25,28,109341.0,0.402,109742
58,B,25,29,107515.0,0.402,109742
58,B,25,30,107217.0,0.402,109742
58,B,25,31,108841.0,0.402,109742
58,B,25,32,103823.0,0.402,109742
58,B,25,33,113494.0,0.402,109742
58,B,25,34,109043.0,0.402,109742
58,B,25,35,114026.0,0.402,109742
58,B,25,36,108135.0,0.402,109742
58,B,25,37,108783.0,0.402,109742
58,B,25,38,113073.0,0.402,109742
58,B,25,39,112359.0,0.402,109742
58,B,25,40,111394.0,0.402,109742
58,B,25,41,116051.0,0.402,109742
58,B,25,42,109543.0,0.402,109742
58,B,25,43,111712.0,0.402,109742
58,B,25,44,109328.0,0.402,109742
58,B,25,45,106505.0,0.402,109742
58,B,25,46,113181.0,0.402,109742
58,B,25,47,109160.0,0.402,109742
58,B,25,48,112083.0,0.402,109742
59,B,25,0,140.0,0.402,109742
59,B,25,1,200.0,0.402,109742
59,B,25,2,276.0,0.402,109742
59,B,25,3,391.0,0.402,109742
59,B,25,4,542.0,0.402,109742
59,B,25,5,758.0,0.402,109742
59,B,25,6,1084.0,0.402,109742
59,B,25,7,1466.0,0.402,109742
59,B,25,8,2095.0,0.402,109742
59,B,25,9,2832.0,0.402,109742
59,B,25,10,3989.0,0.402,109742
59,B,25,11,5314.0,0.402,109742
59,B,25,12,7565.0,0.402,109742
59,B,25,13,10351.0,0.402,109742
59,B,25,14,14450.0,0.402,109742
59,B,25,15,20145.0,0.402,109742
59,B,25,16,26808.0,0.402,109742
59,B,25,17,34628.0,0.402,109742
59,B,25,18,43857.0,0.402,109742
59,B,25,19,57509.0,0.402,109742
59,B,25,20,65023.0,0.402,109742
59,B,25,21,,0.402,109742
59,B,25,22,86162.0,0.402,109742
59,B,25,23,91534.0,0.402,109742
59,B,25,24,100879.0,0.402,109742
59,B,25,25,100049.0,0.402,109742
59,B,25,26,100209.0,0.402,109742
59,B,25,27,110438.0,0.402,109742
59,B,25,28,103692.0,0.402,109742
59,B,25,29,104569.0,0.402,109742
59,B,25,30,112578.0,0.402,109742
59,B,25,31,109317.0,0.402,109742
59,B,25,32,115881.0,0.402,109742
59,B,25,33,110293.0,0.402,109742
59,B,25,34,108495.0,0.402,109742
59,B,25,35,107968.0,0.402,109742
59,B,25,36,107486.0,0.402,109742
59,B,25,37,114963.0,0.402,109742
59,B,25,38,110575.0,0.402,109742
59,B,25,39,109913.0,0.402,109742
59,B,25,40,110629.0,0.402,109742
59,B,25,41,106734.0,0.402,109742
59,B,25,42,108826.0,0.402,109742
59,B,25,43,113034.0,0.402,109742
59,B,25,44,114204.0,0.402,109742
59,B,25,45,111351.0,0.402,109742
59,B,25,46,112702.0,0.402,109742
59,B,25,47,114953.0,0.402,109742
59,B,25,48,107964.0,0.402,109742
60,B,25,0,137.0,0.402,109742
60,B,25,1,192.0,0.402,109742
60,B,25,2,271.0,0.402,109742
60,B,25,3,413.0,0.402,109742
60,B,25,4,541.0,0.402,109742
60,B,25,5,735.0,0.402,109742
60,B,25,6,1047.0,0.402,109742
60,B,25,7,1562.0,0.402,109742
60,B,25,8,2027.0,0.402,109742
60,B,25,9,2907.0,0.402,109742
60,B,25,10,4013.0,0.402,109742
60,B,25,11,5506.0,0.402,109742
60,B,25,12,7857.0,0.402,109742
60,B,25,13,10849.0,0.402,109742
60,B,25,14,14674.0,0.402,109742
60,B,25,15,19592.0,0.402,109742
60,B,25,16,25001.0,0.402,109742
60,B,25,17,33339.0,0.402,109742
60,B,25,18,43520.0,0.402,109742
60,B,25,19,52983.0,0.402,109742
60,B,25,20,63966.0,0.402,109742
60,B,25,21,74848.0,0.402,109742
60,B,25,22,82624.0,0.402,109742
60,B,25,23,94138.0,0.402,109742
60,B,25,24,103113.0,0.402,109742
60,B,25,25,106895.0,0.402,109742
60,B,25,26,106399.0,0.402,109742
60,B,25,27,108741.0,0.402,109742
60,B,25,28,,0.402,109742
60,B,25,29,101611.0,0.402,109742
60,B,25,30,110521.0,0.402,109742
60,B,25,31,111558.0,0.402,109742
60,B,25,32,114547.0,0.402,109742
60,B,25,33,108731.0,0.402,109742
60,B,25,34,110416.0,0.402,109742
60,B,25,35,111102.0,0.402,109742
60,B,25,36,109450.0,0.402,109742
60,B,25,37,107844.0,0.402,109742
60,B,25,38,111526.0,0.402,109742
60,B,25,39,105712.0,0.402,109742
60,B,25,40,108260.0,0.402,109742
60,B,25,41,108437.0,0.402,109742
60,B,25,42,106564.0,0.402,109742
60,B,25,43,104360.0,0.402,109742
60,B,25,44,106439.0,0.402,109742
60,B,25,45,105086.0,0.402,109742
60,B,25,46,111591.0,0.402,109742
60,B,25,47,112442.0,0.402,109742
60,B,25,48,111052.0,0.402,109742
61,B,30,0,155.0,0.55,150000
61,B,30,1,229.0,0.55,150000
61,B,30,2,355.0,0.55,150000
61,B,30,3,575.0,0.55,150000
61,B,30,4,877.0,0.55,150000
61,B,30,5,1278.0,0.55,150000
61,B,30,6,2151.0,0.55,150000
61,B,30,7,3120.0,0.55,150000
61,B,30,8,,0.55,150000
61,B,30,9,7221.0,0.55,150000
61,B,30,10,12759.0,0.55,150000
61,B,30,11,17231.0,0.55,150000
61,B,30,12,26850.0,0.55,150000
61,B,30,13,36604.0,0.55,150000
61,B,30,14,57915.0,0.55,150000
61,B,30,15,74094.0,0.55,150000
61,B,30,16,96010.0,0.55,150000
61,B,30,17,114828.0,0.55,150000
61,B,30,18,128388.0,0.55,150000
61,B,30,19,136168.0,0.55,150000
61,B,30,20,128914.0,0.55,150000
61,B,30,21,148763.0,0.55,150000
61,B,30,22,156584.0,0.55,150000
61,B,30,23,147274.0,0.55,150000
61,B,30,24,142954.0,0.55,150000
61,B,30,25,146342.0,0.55,150000
61,B,30,26,149692.0,0.55,150000
61,B,30,27,148751.0,0.55,150000
61,B,30,28,144957.0,0.55,150000
61,B,30,29,149093.0,0.55,150000
61,B,30,30,153158.0,0.55,150000
61,B,30,31,141989.0,0.55,150000
61,B,30,32,149143.0,0.55,150000
61,B,30,33,145096.0,0.55,150000
61,B,30,34,148032.0,0.55,150000
61,B,30,35,152373.0,0.55,150000
61,B,30,36,154434.0,0.55,150000
61,B,30,37,141939.0,0.55,150000
61,B,30,38,151273.0,0.55,150000
61,B,30,39,147108.0,0.55,150000
61,B,30,40,150567.0,0.55,150000
61,B,30,41,156795.0,0.55,150000
61,B,30,42,140842.0,0.55,150000
61,B,30,43,139439.0,0.55,150000
61,B,30,44,152036.0,0.55,150000
61,B,30,45,146936.0,0.55,150000
61,B,30,46,148430.0,0.55,150000
61,B,30,47,151988.0,0.55,150000
61,B,30,48,148268.0,0.55,150000
62,B,30,0,151.0,0.55,150000
62,B,30,1,257.0,0.55,150000
62,B,30,2,363.0,0.55,150000
62,B,30,3,563.0,0.55,150000
62,B,30,4,889.0,0.55,150000
62,B,30,5,1367.0,0.55,150000
62,B,30,6,2072.0,0.55,150000
62,B,30,7,3396.0,0.55,150000
62,B,30,8,5169.0,0.55,150000
62,B,30,9,7808.0,0.55,150000
62,B,30,10,11367.0,0.55,150000
62,B,30,11,17641.0,0.55,150000
62,B,30,12,25876.0,0.55,150000
62,B,30,13,36383.0,0.55,150000
62,B,30,14,53098.0,0.55,150000
62,B,30,15,75248.0,0.55,150000
62,B,30,16,93908.0,0.55,150000
62,B,30,17,108152.0,0.55,150000
62,B,30,18,122659.0,0.55,150000
62,B,30,19,141658.0,0.55,150000
62,B,30,20,139693.0,0.55,150000
62,B,30,21,147322.0,0.55,150000
62,B,30,22,146575.0,0.55,150000
62,B,30,23,153788.0,0.55,150000
62,B,30,24,153735.0,0.55,150000
62,B,30,25,755515.0,0.55,150000
62,B,30,26,151879.0,0.55,150000
62,B,30,27,148279.0,0.55,150000
62,B,30,28,150098.0,0.55,150000
62,B,30,29,151795.0,0.55,150000
62,B,30,30,,0.55,150000
62,B,30,31,154380.0,0.55,150000
62,B,30,32,152701.0,0.55,150000
62,B,30,33,149880.0,0.55,150000
62,B,30,34,150668.0,0.55,150000
62,B,30,35,154552.0,0.55,150000
62,B,30,36,157814.0,0.55,150000
62,B,30,37,149329.0,0.55,150000
62,B,30,38,152999.0,0.55,150000
62,B,30,39,148545.0,0.55,150000
62,B,30,40,147735.0,0.55,150000
62,B,30,41,150485.0,0.55,150000
62,B,30,42,147676.0,0.55,150000
62,B,30,43,146378.0,0.55,150000
62,B,30,44,149976.0,0.55,150000
62,B,30,45,151510.0,0.55,150000
62,B,30,46,152134.0,0.55,150000
62,B,30,47,151317.0,0.55,150000
62,B,30,48,145746.0,0.55,150000
63,B,30,0,143.0,0.55,150000
63,B,30,1,244.0,0.55,150000
63,B,30,2,388.0,0.55,150000
63,B,30,3,572.0,0.55,150000
63,B,30,4,890.0,0.55,150000
63,B,30,5,1427.0,0.55,150000
63,B,30,6,2083.0,0.55,150000
63,B,30,7,3285.0,0.55,150000
63,B,30,8,5206.0,0.55,150000
63,B,30,9,8169.0,0.55,150000
63,B,30,10,11655.0,0.55,150000
63,B,30,11,17072.0,0.55,150000
63,B,30,12,26937.0,0.55,150000
63,B,30,13,40202.0,0.55,150000
63,B,30,14,55141.0,0.55,150000
63,B,30,15,72245.0,0.55,150000
63,B,30,16,95720.0,0.55,150000
63,B,30,17,109306.0,0.55,150000
63,B,30,18,126828.0,0.55,150000
63,B,30,19,145596.0,0.55,150000
63,B,30,20,143441.0,0.55,150000
63,B,30,21,151061.0,0.55,150000
63,B,30,22,,0.55,150000
63,B,30,23,138327.0,0.55,150000
63,B,30,24,148145.0,0.55,150000
63,B,30,25,142996.0,0.55,150000
63,B,30,26,150372.0,0.55,150000
63,B,30,27,148246.0,0.55,150000
63,B,30,28,159666.0,0.55,150000
63,B,30,29,150056.0,0.55,150000
63,B,30,30,153105.0,0.55,150000
63,B,30,31,146336.0,0.55,150000
63,B,30,32,,0.55,150000
63,B,30,33,146669.0,0.55,150000
63,B,30,34,154657.0,0.55,150000
63,B,30,35,145559.0,0.55,150000
63,B,30,36,148893.0,0.55,150000
63,B,30,37,157537.0,0.55,150000
63,B,30,38,152047.0,0.55,150000
63,B,30,39,150859.0,0.55,150000
63,B,30,40,144175.0,0.55,150000
63,B,30,41,149044.0,0.55,150000
63,B,30,42,142406.0,0.55,150000
63,B,30,43,153694.0,0.55,150000
63,B,30,44,152718.0,0.55,150000
63,B,30,45,148161.0,0.55,150000
63,B,30,46,157723.0,0.55,150000
63,B,30,47,148597.0,0.55,150000
63,B,30,48,147722.0,0.55,150000
64,B,30,0,154.0,0.55,150000
64,B,30,1,244.0,0.55,150000
64,B,30,2,380.0,0.55,150000
64,B,30,3,580.0,0.55,150000
64,B,30,4,858.0,0.55,150000
64,B,30,5,1355.0,0.55,150000
64,B,30,6,2062.0,0.55,150000
64,B,30,7,3127.0,0.55,150000
64,B,30,8,5057.0,0.55,150000
64,B,30,9,7872.0,0.55,150000
64,B,30,10,12131.0,0.55,150000
64,B,30,11,17635.0,0.55,150000
64,B,30,12,27369.0,0.55,150000
64,B,30,13,36573.0,0.55,150000
64,B,30,14,54946.0,0.55,150000
64,B,30,15,74167.0,0.55,150000
64,B,30,16,94620.0,0.55,150000
64,B,30,17,116174.0,0.55,150000
64,B,30,18,126461.0,0.55,150000
64,B,30,19,131648.0,0.55,150000
64,B,30,20,148049.0,0.55,150000
64,B,30,21,149864.0,0.55,150000
64,B,30,22,137470.0,0.55,150000
64,B,30,23,155598.0,0.55,150000
64,B,30,24,155309.0,0.55,150000
64,B,30,25,152524.0,0.55,150000
64,B,30,26,153334.0,0.55,150000
64,B,30,27,150214.0,0.55,150000
64,B,30,28,151609.0,0.55,150000
64,B,30,29,150991.0,0.55,150000
64,B,30,30,156228.0,0.55,150000
64,B,30,31,153425.0,0.55,150000
64,B,30,32,157696.0,0.55,150000
64,B,30,33,148119.0,0.55,150000
64,B,30,34,150348.0,0.55,150000
64,B,30,35,,0.55,150000
64,B,30,36,147686.0,0.55,150000
64,B,30,37,158603.0,0.55,150000
64,B,30,38,144823.0,0.55,150000
64,B,30,39,151230.0,0.55,150000
64,B,30,40,148321.0,0.55,150000
64,B,30,41,147346.0,0.55,150000
64,B,30,42,147448.0,0.55,150000
64,B,30,43,148291.0,0.55,150000
64,B,30,44,144731.0,0.55,150000
64,B,30,45,151059.0,0.55,150000
64,B,30,46,156628.0,0.55,150000
64,B,30,47,154556.0,0.55,150000
64,B,30,48,143206.0,0.55,150000
65,B,30,0,151.0,0.55,150000
65,B,30,1,241.0,0.55,150000
65,B,30,2,384.0,0.55,150000
65,B,30,3,588.0,0.55,150000
65,B,30,4,888.0,0.55,150000
65,B,30,5,1468.0,0.55,150000
65,B,30,6,2210.0,0.55,150000
65,B,30,7,3365.0,0.55,150000
65,B,30,8,5132.0,0.55,150000
65,B,30,9,7811.0,0.55,150000
65,B,30,10,11895.0,0.55,150000
65,B,30,11,17069.0,0.55,150000
65,B,30,12,26473.0,0.55,150000
65,B,30,13,37969.0,0.55,150000
65,B,30,14,52928.0,0.55,150000
65,B,30,15,73149.0,0.55,150000
65,B,30,16,93960.0,0.55,150000
65,B,30,17,117100.0,0.55,150000
65,B,30,18,134038.0,0.55,150000
65,B,30,19,135470.0,0.55,150000
65,B,30,20,141864.0,0.55,150000
65,B,30,21,139052.0,0.55,150000
65,B,30,22,149123.0,0.55,150000
65,B,30,23,148984.0,0.55,150000
65,B,30,24,144529.0,0.55,150000
65,B,30,25,140666.0,0.55,150000
65,B,30,26,160729.0,0.55,150000
65,B,30,27,152981.0,0.55,150000
65,B,30,28,152644.0,0.55,150000
65,B,30,29,144040.0,0.55,150000
65,B,30,30,145937.0,0.55,150000
65,B,30,31,147465.0,0.55,150000
65,B,30,32,152271.0,0.55,150000
65,B,30,33,153332.0,0.55,150000
65,B,30,34,147244.0,0.55,150000
65,B,30,35,161808.0,0.55,150000
65,B,30,36,157693.0,0.55,150000
65,B,30,37,146030.0,0.55,150000
65,B,30,38,154215.0,0.55,150000
65,B,30,39,147586.0,0.55,150000
65,B,30,40,152204.0,0.55,150000
65,B,30,41,148735.0,0.55,150000
65,B,30,42,,0.55,150000
65,B,30,43,153091.0,0.55,150000
65,B,30,44,148864.0,0.55,150000
65,B,30,45,150373.0,0.55,150000
65,B,30,46,149288.0,0.55,150000
65,B,30,47,155703.0,0.55,150000
65,B,30,48,155284.0,0.55,150000
66,B,30,0,151.0,0.55,150000
66,B,30,1,241.0,0.55,150000
66,B,30,2,374.0,0.55,150000
66,B,30,3,536.0,0.55,150000
66,B,30,4,894.0,0.55,150000
66,B,30,5,1453.0,0.55,150000
66,B,30,6,2115.0,0.55,150000
66,B,30,7,3247.0,0.55,150000
66,B,30,8,5123.0,0.55,150000
66,B,30,9,7975.0,0.55,150000
66,B,30,10,11863.0,0.55,150000
66,B,30,11,17280.0,0.55,150000
66,B,30,12,25941.0,0.55,150000
66,B,30,13,37289.0,0.55,150000
66,B,30,14,57233.0,0.55,150000
66,B,30,15,72264.0,0.55,150000
66,B,30,16,91353.0,0.55,150000
66,B,30,17,111867.0,0.55,150000
66,B,30,18,134676.0,0.55,150000
66,B,30,19,137198.0,0.55,150000
66,B,30,20,142602.0,0.55,150000
66,B,30,21,148038.0,0.55,150000
66,B,30,22,150620.0,0.55,150000
66,B,30,23,147291.0,0.55,150000
66,B,30,24,147702.0,0.55,150000
66,B,30,25,145447.0,0.55,150000
66,B,30,26,147054.0,0.55,150000
66,B,30,27,157672.0,0.55,150000
66,B,30,28,144910.0,0.55,150000
66,B,30,29,147894.0,0.55,150000
66,B,30,30,153971.0,0.55,150000
66,B,30,31,143458.0,0.55,150000
66,B,30,32,149656.0,0.55,150000
66,B,30,33,153341.0,0.55,150000
66,B,30,34,155785.0,0.55,150000
66,B,30,35,155354.0,0.55,150000
66,B,30,36,141281.0,0.55,150000
66,B,30,37,152563.0,0.55,150000
66,B,30,38,146370.0,0.55,150000
66,B,30,39,153555.0,0.55,150000
66,B,30,40,144943.0,0.55,150000
66,B,30,41,146360.0,0.55,150000
66,B,30,42,145960.0,0.55,150000
66,B,30,43,148284.0,0.55,150000
66,B,30,44,146521.0,0.55,150000
66,B,30,45,145355.0,0.55,150000
66,B,30,46,153352.0,0.55,150000
66,B,30,47,153741.0,0.55,150000
66,B,30,48,142931.0,0.55,150000
67,B,30,0,153.0,0.55,150000
67,B,30,1,243.0,0.55,150000
67,B,30,2,382.0,0.55,150000
67,B,30,3,622.0,0.55,150000
67,B,30,4,942.0,0.55,150000
67,B,30,5,1381.0,0.55,150000
67,B,30,6,2120.0,0.55,150000
67,B,30,7,3368.0,0.55,150000
67,B,30,8,5174.0,0.55,150000
67,B,30,9,7456.0,0.55,150000
67,B,30,10,12020.0,0.55,150000
67,B,30,11,18609.0,0.55,150000
67,B,30,12,26502.0,0.55,150000
67,B,30,13,37391.0,0.55,150000
67,B,30,14,51726.0,0.55,150000
67,B,30,15,72326.0,0.55,150000
67,B,30,16,97578.0,0.55,150000
67,B,30,17,110951.0,0.55,150000
67,B,30,18,125846.0,0.55,150000
67,B,30,19,140063.0,0.55,150000
67,B,30,20,148329.0,0.55,150000
67,B,30,21,143787.0,0.55,150000
67,B,30,22,144150.0,0.55,150000
67,B,30,23,145057.0,0.55,150000
67,B,30,24,144943.0,0.55,150000
67,B,30,25,149005.0,0.55,150000
67,B,30,26,144946.0,0.55,150000
67,B,30,27,153756.0,0.55,150000
67,B,30,28,144868.0,0.55,150000
67,B,30,29,148222.0,0.55,150000
67,B,30,30,147144.0,0.55,150000
67,B,30,31,149050.0,0.55,150000
67,B,30,32,155950.0,0.55,150000
67,B,30,33,142218.0,0.55,150000
67,B,30,34,157117.0,0.55,150000
67,B,30,35,144893.0,0.55,150000
67,B,30,36,155327.0,0.55,150000
67,B,30,37,141480.0,0.55,150000
67,B,30,38,153341.0,0.55,150000
67,B,30,39,138084.0,0.55,150000
67,B,30,40,146453.0,0.55,150000
67,B,30,41,149695.0,0.55,150000
67,B,30,42,145668.0,0.55,150000
67,B,30,43,145901.0,0.55,150000
67,B,30,44,154853.0,0.55,150000
67,B,30,45,150421.0,0.55,150000
67,B,30,46,146714.0,0.55,150000
67,B,30,47,147617.0,0.55,150000
67,B,30,48,148747.0,0.55,150000
68,B,30,0,152.0,0.55,150000
68,B,30,1,240.0,0.55,150000
68,B,30,2,353.0,0.55,150000
68,B,30,3,554.0,0.55,150000
68,B,30,4,911.0,0.55,150000
68,B,30,5,1340.0,0.55,150000
68,B,30,6,2097.0,0.55,150000
68,B,30,7,3154.0,0.55,150000
68,B,30,8,4787.0,0.55,150000
68,B,30,9,8028.0,0.55,150000
68,B,30,10,11737.0,0.55,150000
68,B,30,11,17810.0,0.55,150000
68,B,30,12,27501.0,0.55,150000
68,B,30,13,37433.0,0.55,150000
68,B,30,14,52763.0,0.55,150000
68,B,30,15,70919.0,0.55,150000
68,B,30,16,95836.0,0.55,150000
68,B,30,17,114293.0,0.55,150000
68,B,30,18,123356.0,0.55,150000
68,B,30,19,136233.0,0.55,150000
68,B,30,20,147177.0,0.55,150000
68,B,30,21,135656.0,0.55,150000
68,B,30,22,145661.0,0.55,150000
68,B,30,23,155652.0,0.55,150000
68,B,30,24,153143.0,0.55,150000
68,B,30,25,151090.0,0.55,150000
68,B,30,26,145902.0,0.55,150000
68,B,30,27,151140.0,0.55,150000
68,B,30,28,149700.0,0.55,150000
68,B,30,29,143277.0,0.55,150000
68,B,30,30,151559.0,0.55,150000
68,B,30,31,151314.0,0.55,150000
68,B,30,32,150935.0,0.55,150000
68,B,30,33,148810.0,0.55,150000
68,B,30,34,156212.0,0.55,150000
68,B,30,35,151296.0,0.55,150000
68,B,30,36,148162.0,0.55,150000
68,B,30,37,147517.0,0.55,150000
68,B,30,38,155423.0,0.55,150000
68,B,30,39,144687.0,0.55,150000
68,B,30,40,157702.0,0.55,150000
68,B,30,41,148762.0,0.55,150000
68,B,30,42,153016.0,0.55,150000
68,B,30,43,151929.0,0.55,150000
68,B,30,44,145913.0,0.55,150000
68,B,30,45,144687.0,0.55,150000
68,B,30,46,150051.0,0.55,150000
68,B,30,47,152681.0,0.55,150000
68,B,30,48,157316.0,0.55,150000
69,B,30,0,156.0,0.55,150000
69,B,30,1,238.0,0.55,150000
69,B,30,2,393.0,0.55,150000
69,B,30,3,579.0,0.55,150000
69,B,30,4,899.0,0.55,150000
69,B,30,5,1413.0,0.55,150000
69,B,30,6,2203.0,0.55,150000
69,B,30,7,3361.0,0.55,150000
69,B,30,8,5039.0,0.55,150000
69,B,30,9,7843.0,0.55,150000
69,B,30,10,11775.0,0.55,150000
69,B,30,11,17611.0,0.55,150000
69,B,30,12,26456.0,0.55,150000
69,B,30,13,37816.0,0.55,150000
69,B,30,14,52173.0,0.55,150000
69,B,30,15,76666.0,0.55,150000
69,B,30,16,94979.0,0.55,150000
69,B,30,17,113262.0,0.55,150000
69,B,30,18,131766.0,0.55,150000
69,B,30,19,138826.0,0.55,150000
69,B,30,20,140105.0,0.55,150000
69,B,30,21,145833.0,0.55,150000
69,B,30,22,155932.0,0.55,150000
69,B,30,23,152261.0,0.55,150000
69,B,30,24,146561.0,0.55,150000
69,B,30,25,148869.0,0.55,150000
69,B,30,26,144573.0,0.55,150000
69,B,30,27,149943.0,0.55,150000
69,B,30,28,148931.0,0.55,150000
69,B,30,29,143751.0,0.55,150000
69,B,30,30,146287.0,0.55,150000
69,B,30,31,150427.0,0.55,150000
69,B,30,32,149035.0,0.55,150000
69,B,30,33,158887.0,0.55,150000
69,B,30,34,144411.0,0.55,150000
69,B,30,35,152513.0,0.55,150000
69,B,30,36,151613.0,0.55,150000
69,B,30,37,144146.0,0.55,150000
69,B,30,38,148493.0,0.55,150000
69,B,30,39,148578.0,0.55,150000
69,B,30,40,144908.0,0.55,150000
69,B,30,41,154048.0,0.55,150000
69,B,30,42,149697.0,0.55,150000
69,B,30,43,150880.0,0.55,150000
69,B,30,44,154330.0,0.55,150000
69,B,30,45,148436.0,0.55,150000
69,B,30,46,155112.0,0.55,150000
69,B,30,47,145196.0,0.55,150000
69,B,30,48,149162.0,0.55,150000
70,B,30,0,155.0,0.55,150000
70,B,30,1,233.0,0.55,150000
70,B,30,2,361.0,0.55,150000
70,B,30,3,579.0,0.55,150000
70,B,30,4,857.0,0.55,150000
70,B,30,5,1360.0,0.55,150000
70,B,30,6,2037.0,0.55,150000
70,B,30,7,3388.0,0.55,150000
70,B,30,8,5207.0,0.55,150000
70,B,30,9,7713.0,0.55,150000
70,B,30,10,11581.0,0.55,150000
70,B,30,11,17106.0,0.55,150000
70,B,30,12,26868.0,0.55,150000
70,B,30,13,39176.0,0.55,150000
70,B,30,14,49349.0,0.55,150000
70,B,30,15,69662.0,0.55,150000
70,B,30,16,94039.0,0.55,150000
70,B,30,17,118390.0,0.55,150000
70,B,30,18,123070.0,0.55,150000
70,B,30,19,143152.0,0.55,150000
70,B,30,20,151548.0,0.55,150000
70,B,30,21,157485.0,0.55,150000
70,B,30,22,148626.0,0.55,150000
70,B,30,23,156114.0,0.55,150000
70,B,30,24,144043.0,0.55,150000
70,B,30,25,151562.0,0.55,150000
70,B,30,26,146265.0,0.55,150000
70,B,30,27,148734.0,0.55,150000
70,B,30,28,152040.0,0.55,150000
70,B,30,29,146975.0,0.55,150000
70,B,30,30,154457.0,0.55,150000
70,B,30,31,150998.0,0.55,150000
70,B,30,32,152722.0,0.55,150000
70,B,30,33,149923.0,0.55,150000
70,B,30,34,151672.0,0.55,150000
70,B,30,35,157061.0,0.55,150000
70,B,30,36,150522.0,0.55,150000
70,B,30,37,,0.55,150000
70,B,30,38,155676.0,0.55,150000
70,B,30,39,145993.0,0.55,150000
70,B,30,40,151168.0,0.55,150000
70,B,30,41,153534.0,0.55,150000
70,B,30,42,152483.0,0.55,150000
70,B,30,43,,0.55,150000
70,B,30,44,148895.0,0.55,150000
70,B,30,45,151357.0,0.55,150000
70,B,30,46,148638.0,0.55,150000
70,B,30,47,148633.0,0.55,150000
70,B,30,48,154908.0,0.55,150000
71,B,37,0,126.0,0.298,81299
71,B,37,1,175.0,0.298,81299
71,B,37,2,219.0,0.298,81299
71,B,37,3,298.0,0.298,81299
71,B,37,4,349.0,0.298,81299
71,B,37,5,456.0,0.298,81299
71,B,37,6,616.0,0.298,81299
71,B,37,7,813.0,0.298,81299
71,B,37,8,1017.0,0.298,81299
71,B,37,9,1320.0,0.298,81299
71,B,37,10,1700.0,0.298,81299
71,B,37,11,2320.0,0.298,81299
71,B,37,12,2813.0,0.298,81299
71,B,37,13,3439.0,0.298,81299
71,B,37,14,4710.0,0.298,81299
71,B,37,15,6091.0,0.298,81299
71,B,37,16,7942.0,0.298,81299
71,B,37,17,9945.0,0.298,81299
71,B,37,18,12486.0,0.298,81299
71,B,37,19,15422.0,0.298,81299
71,B,37,20,19587.0,0.298,81299
71,B,37,21,,0.298,81299
71,B,37,22,27849.0,0.298,81299
71,B,37,23,34150.0,0.298,81299
71,B,37,24,40096.0,0.298,81299
71,B,37,25,49150.0,0.298,81299
71,B,37,26,53813.0,0.298,81299
71,B,37,27,58611.0,0.298,81299
71,B,37,28,,0.298,81299
71,B,37,29,68760.0,0.298,81299
71,B,37,30,71709.0,0.298,81299
71,B,37,31,71595.0,0.298,81299
71,B,37,32,74787.0,0.298,81299
71,B,37,33,79225.0,0.298,81299
71,B,37,34,75385.0,0.298,81299
71,B,37,35,75700.0,0.298,81299
71,B,37,36,75723.0,0.298,81299
71,B,37,37,83495.0,0.298,81299
71,B,37,38,78689.0,0.298,81299
71,B,37,39,80230.0,0.298,81299
71,B,37,40,80295.0,0.298,81299
71,B,37,41,83615.0,0.298,81299
71,B,37,42,80443.0,0.298,81299
71,B,37,43,81999.0,0.298,81299
71,B,37,44,85481.0,0.298,81299
71,B,37,45,82008.0,0.298,81299
71,B,37,46,86437.0,0.298,81299
71,B,37,47,83392.0,0.298,81299
71,B,37,48,79535.0,0.298,81299
72,B,37,0,128.0,0.298,81299
72,B,37,1,170.0,0.298,81299
72,B,37,2,209.0,0.298,81299
72,B,37,3,272.0,0.298,81299
72,B,37,4,377.0,0.298,81299
72,B,37,5,473.0,0.298,81299
72,B,37,6,617.0,0.298,81299
72,B,37,7,820.0,0.298,81299
72,B,37,8,1046.0,0.298,81299
72,B,37,9,1368.0,0.298,81299
72,B,37,10,1846.0,0.298,81299
72,B,37,11,2199.0,0.298,81299
72,B,37,12,3084.0,0.298,81299
72,B,37,13,3761.0,0.298,81299
72,B,37,14,4796.0,0.298,81299
72,B,37,15,6089.0,0.298,81299
72,B,37,16,8002.0,0.298,81299
72,B,37,17,9583.0,0.298,81299
72,B,37,18,13073.0,0.298,81299
72,B,37,19,16194.0,0.298,81299
72,B,37,20,18623.0,0.298,81299
72,B,37,21,23328.0,0.298,81299
72,B,37,22,29072.0,0.298,81299
72,B,37,23,34444.0,0.298,81299
72,B,37,24,41768.0,0.298,81299
72,B,37,25,46825.0,0.298,81299
72,B,37,26,56122.0,0.298,81299
72,B,37,27,57630.0,0.298,81299
72,B,37,28,62086.0,0.298,81299
72,B,37,29,67061.0,0.298,81299
72,B,37,30,70736.0,0.298,81299
72,B,37,31,72662.0,0.298,81299
72,B,37,32,72840.0,0.298,81299
72,B,37,33,73407.0,0.298,81299
72,B,37,34,79652.0,0.298,81299
72,B,37,35,79698.0,0.298,81299
72,B,37,36,76620.0,0.298,81299
72,B,37,37,80612.0,0.298,81299
72,B,37,38,86768.0,0.298,81299
72,B,37,39,85016.0,0.298,81299
72,B,37,40,79715.0,0.298,81299
72,B,37,41,82264.0,0.298,81299
72,B,37,42,81171.0,0.298,81299
72,B,37,43,81387.0,0.298,81299
72,B,37,44,,0.298,81299
72,B,37,45,80285.0,0.298,81299
72,B,37,46,85602.0,0.298,81299
72,B,37,47,84263.0,0.298,81299
72,B,37,48,,0.298,81299
73,B,37,0,,0.298,81299
73,B,37,1,169.0,0.298,81299
73,B,37,2,220.0,0.298,81299
73,B,37,3,283.0,0.298,81299
73,B,37,4,346.0,0.298,81299
73,B,37,5,481.0,0.298,81299
73,B,37,6,630.0,0.298,81299
73,B,37,7,814.0,0.298,81299
73,B,37,8,981.0,0.298,81299
73,B,37,9,1386.0,0.298,81299
73,B,37,10,1689.0,0.298,81299
73,B,37,11,2245.0,0.298,81299
73,B,37,12,2816.0,0.298,81299
73,B,37,13,3650.0,0.298,81299
73,B,37,14,4662.0,0.298,81299
73,B,37,15,6224.0,0.298,81299
73,B,37,16,7913.0,0.298,81299
73,B,37,17,9575.0,0.298,81299
73,B,37,18,12190.0,0.298,81299
73,B,37,19,15950.0,0.298,81299
73,B,37,20,18628.0,0.298,81299
73,B,37,21,23352.0,0.298,81299
73,B,37,22,28906.0,0.298,81299
73,B,37,23,34745.0,0.298,81299
73,B,37,24,39542.0,0.298,81299
73,B,37,25,46589.0,0.298,81299
73,B,37,26,52299.0,0.298,81299
73,B,37,27,60059.0,0.298,81299
73,B,37,28,64835.0,0.298,81299
73,B,37,29,67508.0,0.298,81299
73,B,37,30,69478.0,0.298,81299
73,B,37,31,72881.0,0.298,81299
73,B,37,32,74591.0,0.298,81299
73,B,37,33,76056.0,0.298,81299
73,B,37,34,81431.0,0.298,81299
73,B,37,35,79914.0,0.298,81299
73,B,37,36,81040.0,0.298,81299
73,B,37,37,83609.0,0.298,81299
73,B,37,38,79377.0,0.298,81299
73,B,37,39,81113.0,0.298,81299
73,B,37,40,78917.0,0.298,81299
73,B,37,41,83428.0,0.298,81299
73,B,37,42,78872.0,0.298,81299
73,B,37,43,82025.0,0.298,81299
73,B,37,44,79641.0,0.298,81299
73,B,37,45,79714.0,0.298,81299
73,B,37,46,81967.0,0.298,81299
73,B,37,47,83623.0,0.298,81299
73,B,37,48,84333.0,0.298,81299
74,B,37,0,130.0,0.298,81299
74,B,37,1,172.0,0.298,81299
74,B,37,2,208.0,0.298,81299
74,B,37,3,289.0,0.298,81299
74,B,37,4,368.0,0.298,81299
74,B,37,5,474.0,0.298,81299
74,B,37,6,625.0,0.298,81299
74,B,37,7,769.0,0.298,81299
74,B,37,8,1037.0,0.298,81299
74,B,37,9,1262.0,0.298,81299
74,B,37,10,1725.0,0.298,81299
74,B,37,11,2145.0,0.298,81299
74,B,37,12,2926.0,0.298,81299
74,B,37,13,3716.0,0.298,81299
74,B,37,14,4533.0,0.298,81299
74,B,37,15,6001.0,0.298,81299
74,B,37,16,7717.0,0.298,81299
74,B,37,17,9875.0,0.298,81299
74,B,37,18,12572.0,0.298,81299
74,B,37,19,15492.0,0.298,81299
74,B,37,20,19710.0,0.298,81299
74,B,37,21,24278.0,0.298,81299
74,B,37,22,29212.0,0.298,81299
74,B,37,23,34811.0,0.298,81299
74,B,37,24,40012.0,0.298,81299
74,B,37,25,45251.0,0.298,81299
74,B,37,26,51209.0,0.298,81299
74,B,37,27,55635.0,0.298,81299
74,B,37,28,60405.0,0.298,81299
74,B,37,29,70076.0,0.298,81299
74,B,37,30,72899.0,0.298,81299
74,B,37,31,72392.0,0.298,81299
74,B,37,32,76205.0,0.298,81299
74,B,37,33,75199.0,0.298,81299
74,B,37,34,80150.0,0.298,81299
74,B,37,35,78654.0,0.298,81299
74,B,37,36,75514.0,0.298,81299
74,B,37,37,78305.0,0.298,81299
74,B,37,38,81230.0,0.298,81299
74,B,37,39,77210.0,0.298,81299
74,B,37,40,80856.0,0.298,81299
74,B,37,41,81491.0,0.298,81299
74,B,37,42,81392.0,0.298,81299
74,B,37,43,81315.0,0.298,81299
74,B,37,44,77784.0,0.298,81299
74,B,37,45,80841.0,0.298,81299
74,B,37,46,79909.0,0.298,81299
74,B,37,47,84306.0,0.298,81299
74,B,37,48,85797.0,0.298,81299
75,B,37,0,132.0,0.298,81299
75,B,37,1,166.0,0.298,81299
75,B,37,2,221.0,0.298,81299
75,B,37,3,287.0,0.298,81299
75,B,37,4,365.0,0.298,81299
75,B,37,5,486.0,0.298,81299
75,B,37,6,652.0,0.298,81299
75,B,37,7,817.0,0.298,81299
75,B,37,8,1079.0,0.298,81299
75,B,37,9,1374.0,0.298,81299
75,B,37,10,1723.0,0.298,81299
75,B,37,11,2401.0,0.298,81299
75,B,37,12,2805.0,0.298,81299
75,B,37,13,3802.0,0.298,81299
75,B,37,14,4768.0,0.298,81299
75,B,37,15,5984.0,0.298,81299
75,B,37,16,7527.0,0.298,81299
75,B,37,17,9392.0,0.298,81299
75,B,37,18,12670.0,0.298,81299
75,B,37,19,15742.0,0.298,81299
75,B,37,20,18807.0,0.298,81299
75,B,37,21,,0.298,81299
75,B,37,22,28658.0,0.298,81299
75,B,37,23,34652.0,0.298,81299
75,B,37,24,40738.0,0.298,81299
75,B,37,25,46057.0,0.298,81299
75,B,37,26,51454.0,0.298,81299
75,B,37,27,59017.0,0.298,81299
75,B,37,28,66637.0,0.298,81299
75,B,37,29,67273.0,0.298,81299
75,B,37,30,72521.0,0.298,81299
75,B,37,31,73414.0,0.298,81299
75,B,37,32,73437.0,0.298,81299
75,B,37,33,79534.0,0.298,81299
75,B,37,34,79042.0,0.298,81299
75,B,37,35,79773.0,0.298,81299
75,B,37,36,81936.0,0.298,81299
75,B,37,37,78921.0,0.298,81299
75,B,37,38,80238.0,0.298,81299
75,B,37,39,79833.0,0.298,81299
75,B,37,40,82567.0,0.298,81299
75,B,37,41,79927.0,0.298,81299
75,B,37,42,76816.0,0.298,81299
75,B,37,43,80320.0,0.298,81299
75,B,37,44,76752.0,0.298,81299
75,B,37,45,79409.0,0.298,81299
75,B,37,46,80632.0,0.298,81299
75,B,37,47,78891.0,0.298,81299
75,B,37,48,83226.0,0.298,81299
76,B,37,0,124.0,0.298,81299
76,B,37,1,167.0,0.298,81299
76,B,37,2,219.0,0.298,81299
76,B,37,3,286.0,0.298,81299
76,B,37,4,366.0,0.298,81299
76,B,37,5,501.0,0.298,81299
76,B,37,6,608.0,0.298,81299
76,B,37,7,,0.298,81299
76,B,37,8,1011.0,0.298,81299
76,B,37,9,1366.0,0.298,81299
76,B,37,10,1750.0,0.298,81299
76,B,37,11,2299.0,0.298,81299
76,B,37,12,2898.0,0.298,81299
76,B,37,13,3659.0,0.298,81299
76,B,37,14,4802.0,0.298,81299
76,B,37,15,6062.0,0.298,81299
76,B,37,16,7806.0,0.298,81299
76,B,37,17,9897.0,0.298,81299
76,B,37,18,12539.0,0.298,81299
76,B,37,19,16038.0,0.298,81299
76,B,37,20,19200.0,0.298,81299
76,B,37,21,23110.0,0.298,81299
76,B,37,22,28493.0,0.298,81299
76,B,37,23,35802.0,0.298,81299
76,B,37,24,40392.0,0.298,81299
76,B,37,25,44855.0,0.298,81299
76,B,37,26,258100.0,0.298,81299
76,B,37,27,58190.0,0.298,81299
76,B,37,28,64861.0,0.298,81299
76,B,37,29,67601.0,0.298,81299
76,B,37,30,72564.0,0.298,81299
76,B,37,31,75392.0,0.298,81299
76,B,37,32,73927.0,0.298,81299
76,B,37,33,78468.0,0.298,81299
76,B,37,34,74119.0,0.298,81299
76,B,37,35,76975.0,0.298,81299
76,B,37,36,78155.0,0.298,81299
76,B,37,37,79812.0,0.298,81299
76,B,37,38,81387.0,0.298,81299
76,B,37,39,88585.0,0.298,81299
76,B,37,40,81205.0,0.298,81299
76,B,37,41,78663.0,0.298,81299
76,B,37,42,82890.0,0.298,81299
76,B,37,43,80610.0,0.298,81299
76,B,37,44,84224.0,0.298,81299
76,B,37,45,80348.0,0.298,81299
76,B,37,46,82675.0,0.298,81299
76,B,37,47,81324.0,0.298,81299
76,B,37,48,83248.0,0.298,81299
77,B,37,0,131.0,0.298,81299
77,B,37,1,165.0,0.298,81299
77,B,37,2,230.0,0.298,81299
77,B,37,3,270.0,0.298,81299
77,B,37,4,385.0,0.298,81299
77,B,37,5,482.0,0.298,81299
77,B,37,6,629.0,0.298,81299
77,B,37,7,788.0,0.298,81299
77,B,37,8,1055.0,0.298,81299
77,B,37,9,,0.298,81299
77,B,37,10,1786.0,0.298,81299
77,B,37,11,2267.0,0.298,81299
77,B,37,12,,0.298,81299
77,B,37,13,3655.0,0.298,81299
77,B,37,14,4626.0,0.298,81299
77,B,37,15,6349.0,0.298,81299
77,B,37,16,7786.0,0.298,81299
77,B,37,17,9933.0,0.298,81299
77,B,37,18,13036.0,0.298,81299
77,B,37,19,15828.0,0.298,81299
77,B,37,20,18873.0,0.298,81299
77,B,37,21,23833.0,0.298,81299
77,B,37,22,29907.0,0.298,81299
77,B,37,23,34740.0,0.298,81299
77,B,37,24,40599.0,0.298,81299
77,B,37,25,46142.0,0.298,81299
77,B,37,26,52761.0,0.298,81299
77,B,37,27,57008.0,0.298,81299
77,B,37,28,62036.0,0.298,81299
77,B,37,29,72883.0,0.298,81299
77,B,37,30,69794.0,0.298,81299
77,B,37,31,72748.0,0.298,81299
77,B,37,32,76117.0,0.298,81299
77,B,37,33,77053.0,0.298,81299
77,B,37,34,79448.0,0.298,81299
77,B,37,35,78382.0,0.298,81299
77,B,37,36,79208.0,0.298,81299
77,B,37,37,81319.0,0.298,81299
77,B,37,38,84419.0,0.298,81299
77,B,37,39,78254.0,0.298,81299
77,B,37,40,80608.0,0.298,81299
77,B,37,41,80250.0,0.298,81299
77,B,37,42,83250.0,0.298,81299
77,B,37,43,82954.0,0.298,81299
77,B,37,44,81787.0,0.298,81299
77,B,37,45,83337.0,0.298,81299
77,B,37,46,77802.0,0.298,81299
77,B,37,47,78374.0,0.298,81299
77,B,37,48,78327.0,0.298,81299
78,B,37,0,123.0,0.298,81299
78,B,37,1,,0.298,81299
78,B,37,2,224.0,0.298,81299
78,B,37,3,284.0,0.298,81299
78,B,37,4,374.0,0.298,81299
78,B,37,5,487.0,0.298,81299
78,B,37,6,646.0,0.298,81299
78,B,37,7,789.0,0.298,81299
78,B,37,8,1068.0,0.298,81299
78,B,37,9,1284.0,0.298,81299
78,B,37,10,1837.0,0.298,81299
78,B,37,11,2197.0,0.298,81299
78,B,37,12,2762.0,0.298,81299
78,B,37,13,3678.0,0.298,81299
78,B,37,14,4669.0,0.298,81299
78,B,37,15,6087.0,0.298,81299
78,B,37,16,7731.0,0.298,81299
78,B,37,17,9674.0,0.298,81299
78,B,37,18,12689.0,0.298,81299
78,B,37,19,15254.0,0.298,81299
78,B,37,20,19461.0,0.298,81299
78,B,37,21,24221.0,0.298,81299
78,B,37,22,,0.298,81299
78,B,37,23,34558.0,0.298,81299
78,B,37,24,39941.0,0.298,81299
78,B,37,25,46695.0,0.298,81299
78,B,37,26,53575.0,0.298,81299
78,B,37,27,56947.0,0.298,81299
78,B,37,28,65847.0,0.298,81299
78,B,37,29,68216.0,0.298,81299
78,B,37,30,72164.0,0.298,81299
78,B,37,31,75300.0,0.298,81299
78,B,37,32,77370.0,0.298,81299
78,B,37,33,79950.0,0.298,81299
78,B,37,34,78369.0,0.298,81299
78,B,37,35,75520.0,0.298,81299
78,B,37,36,80459.0,0.298,81299
78,B,37,37,82968.0,0.298,81299
78,B,37,38,84418.0,0.298,81299
78,B,37,39,79525.0,0.298,81299
78,B,37,40,87553.0,0.298,81299
78,B,37,41,82132.0,0.298,81299
78,B,37,42,82398.0,0.298,81299
78,B,37,43,77562.0,0.298,81299
78,B,37,44,86004.0,0.298,81299
78,B,37,45,76740.0,0.298,81299
78,B,37,46,84090.0,0.298,81299
78,B,37,47,84045.0,0.298,81299
78,B,37,48,83897.0,0.298,81299
79,B,37,0,132.0,0.298,81299
79,B,37,1,151.0,0.298,81299
79,B,37,2,228.0,0.298,81299
79,B,37,3,278.0,0.298,81299
79,B,37,4,350.0,0.298,81299
79,B,37,5,469.0,0.298,81299
79,B,37,6,627.0,0.298,81299
79,B,37,7,785.0,0.298,81299
79,B,37,8,1072.0,0.298,81299
79,B,37,9,1403.0,0.298,81299
79,B,37,10,1849.0,0.298,81299
79,B,37,11,2195.0,0.298,81299
79,B,37,12,2802.0,0.298,81299
79,B,37,13,3714.0,0.298,81299
79,B,37,14,4808.0,0.298,81299
79,B,37,15,6402.0,0.298,81299
79,B,37,16,8028.0,0.298,81299
79,B,37,17,9502.0,0.298,81299
79,B,37,18,11819.0,0.298,81299
79,B,37,19,15534.0,0.298,81299
79,B,37,20,18932.0,0.298,81299
79,B,37,21,23545.0,0.298,81299
79,B,37,22,28266.0,0.298,81299
79,B,37,23,33905.0,0.298,81299
79,B,37,24,41732.0,0.298,81299
79,B,37,25,45281.0,0.298,81299
79,B,37,26,51768.0,0.298,81299
79,B,37,27,56043.0,0.298,81299
79,B,37,28,64292.0,0.298,81299
79,B,37,29,66707.0,0.298,81299
79,B,37,30,69507.0,0.298,81299
79,B,37,31,74418.0,0.298,81299
79,B,37,32,76484.0,0.298,81299
79,B,37,33,75620.0,0.298,81299
79,B,37,34,79242.0,0.298,81299
79,B,37,35,75957.0,0.298,81299
79,B,37,36,79004.0,0.298,81299
79,B,37,37,81094.0,0.298,81299
79,B,37,38,79952.0,0.298,81299
79,B,37,39,83898.0,0.298,81299
79,B,37,40,79351.0,0.298,81299
79,B,37,41,78434.0,0.298,81299
79,B,37,42,79179.0,0.298,81299
79,B,37,43,85736.0,0.298,81299
79,B,37,44,79739.0,0.298,81299
79,B,37,45,81505.0,0.298,81299
79,B,37,46,79445.0,0.298,81299
79,B,37,47,76751.0,0.298,81299
79,B,37,48,,0.298,81299
80,B,37,0,128.0,0.298,81299
80,B,37,1,163.0,0.298,81299
80,B,37,2,225.0,0.298,81299
80,B,37,3,287.0,0.298,81299
80,B,37,4,391.0,0.298,81299
80,B,37,5,488.0,0.298,81299
80,B,37,6,609.0,0.298,81299
80,B,37,7,812.0,0.298,81299
80,B,37,8,980.0,0.298,81299
80,B,37,9,1359.0,0.298,81299
80,B,37,10,1714.0,0.298,81299
80,B,37,11,2247.0,0.298,81299
80,B,37,12,2866.0,0.298,81299
80,B,37,13,3567.0,0.298,81299
80,B,37,14,5011.0,0.298,81299
80,B,37,15,6400.0,0.298,81299
80,B,37,16,8442.0,0.298,81299
80,B,37,17,10174.0,0.298,81299
80,B,37,18,12127.0,0.298,81299
80,B,37,19,15630.0,0.298,81299
80,B,37,20,18575.0,0.298,81299
80,B,37,21,23522.0,0.298,81299
80,B,37,22,29003.0,0.298,81299
80,B,37,23,34076.0,0.298,81299
80,B,37,24,40699.0,0.298,81299
80,B,37,25,44171.0,0.298,81299
80,B,37,26,53195.0,0.298,81299
80,B,37,27,57639.0,0.298,81299
80,B,37,28,64416.0,0.298,81299
80,B,37,29,64692.0,0.298,81299
80,B,37,30,65190.0,0.298,81299
80,B,37,31,74015.0,0.298,81299
80,B,37,32,75437.0,0.298,81299
80,B,37,33,71744.0,0.298,81299
80,B,37,34,78589.0,0.298,81299
80,B,37,35,78631.0,0.298,81299
80,B,37,36,82483.0,0.298,81299
80,B,37,37,81413.0,0.298,81299
80,B,37,38,82901.0,0.298,81299
80,B,37,39,83508.0,0.298,81299
80,B,37,40,,0.298,81299
80,B,37,41,81311.0,0.298,81299
80,B,37,42,84423.0,0.298,81299
80,B,37,43,82139.0,0.298,81299
80,B,37,44,83405.0,0.298,81299
80,B,37,45,83286.0,0.298,81299
80,B,37,46,82485.0,0.298,81299
80,B,37,47,83466.0,0.298,81299
80,B,37,48,78280.0,0.298,81299
81,C,20,0,101.0,0.007,1889
81,C,20,1,101.0,0.007,1889
81,C,20,2,100.0,0.007,1889
81,C,20,3,95.0,0.007,1889
81,C,20,4,95.0,0.007,1889
81,C,20,5,107.0,0.007,1889
81,C,20,6,105.0,0.007,1889
81,C,20,7,110.0,0.007,1889
81,C,20,8,99.0,0.007,1889
81,C,20,9,106.0,0.007,1889
81,C,20,10,109.0,0.007,1889
81,C,20,11,110.0,0.007,1889
81,C,20,12,110.0,0.007,1889
81,C,20,13,109.0,0.007,1889
81,C,20,14,111.0,0.007,1889
81,C,20,15,112.0,0.007,1889
81,C,20,16,113.0,0.007,1889
81,C,20,17,118.0,0.007,1889
81,C,20,18,116.0,0.007,1889
81,C,20,19,118.0,0.007,1889
81,C,20,20,111.0,0.007,1889
81,C,20,21,116.0,0.007,1889
81,C,20,22,115.0,0.007,1889
81,C,20,23,118.0,0.007,1889
81,C,20,24,,0.007,1889
81,C,20,25,117.0,0.007,1889
81,C,20,26,121.0,0.007,1889
81,C,20,27,120.0,0.007,1889
81,C,20,28,123.0,0.007,1889
81,C,20,29,125.0,0.007,1889
81,C,20,30,122.0,0.007,1889
81,C,20,31,123.0,0.007,1889
81,C,20,32,124.0,0.007,1889
81,C,20,33,125.0,0.007,1889
81,C,20,34,135.0,0.007,1889
81,C,20,35,124.0,0.007,1889
81,C,20,36,123.0,0.007,1889
81,C,20,37,127.0,0.007,1889
81,C,20,38,126.0,0.007,1889
81,C,20,39,129.0,0.007,1889
81,C,20,40,,0.007,1889
81,C,20,41,130.0,0.007,1889
81,C,20,42,132.0,0.007,1889
81,C,20,43,131.0,0.007,1889
81,C,20,44,131.0,0.007,1889
81,C,20,45,132.0,0.007,1889
81,C,20,46,137.0,0.007,1889
81,C,20,47,131.0,0.007,1889
81,C,20,48,132.0,0.007,1889
82,C,20,0,102.0,0.007,1889
82,C,20,1,101.0,0.007,1889
82,C,20,2,98.0,0.007,1889
82,C,20,3,100.0,0.007,1889
82,C,20,4,109.0,0.007,1889
82,C,20,5,99.0,0.007,1889
82,C,20,6,100.0,0.007,1889
82,C,20,7,109.0,0.007,1889
82,C,20,8,103.0,0.007,1889
82,C,20,9,105.0,0.007,1889
82,C,20,10,107.0,0.007,1889
82,C,20,11,107.0,0.007,1889
82,C,20,12,104.0,0.007,1889
82,C,20,13,111.0,0.007,1889
82,C,20,14,109.0,0.007,1889
82,C,20,15,112.0,0.007,1889
82,C,20,16,114.0,0.007,1889
82,C,20,17,114.0,0.007,1889
82,C,20,18,109.0,0.007,1889
82,C,20,19,117.0,0.007,1889
82,C,20,20,113.0,0.007,1889
82,C,20,21,111.0,0.007,1889
82,C,20,22,120.0,0.007,1889
82,C,20,23,110.0,0.007,1889
82,C,20,24,115.0,0.007,1889
82,C,20,25,117.0,0.007,1889
82,C,20,26,120.0,0.007,1889
82,C,20,27,120.0,0.007,1889
82,C,20,28,114.0,0.007,1889
82,C,20,29,126.0,0.007,1889
82,C,20,30,130.0,0.007,1889
82,C,20,31,121.0,0.007,1889
82,C,20,32,121.0,0.007,1889
82,C,20,33,,0.007,1889
82,C,20,34,130.0,0.007,1889
82,C,20,35,127.0,0.007,1889
82,C,20,36,128.0,0.007,1889
82,C,20,37,133.0,0.007,1889
82,C,20,38,123.0,0.007,1889
82,C,20,39,124.0,0.007,1889
82,C,20,40,130.0,0.007,1889
82,C,20,41,130.0,0.007,1889
82,C,20,42,126.0,0.007,1889
82,C,20,43,137.0,0.007,1889
82,C,20,44,139.0,0.007,1889
82,C,20,45,136.0,0.007,1889
82,C,20,46,140.0,0.007,1889
82,C,20,47,136.0,0.007,1889
82,C,20,48,137.0,0.007,1889
83,C,20,0,102.0,0.007,1889
83,C,20,1,103.0,0.007,1889
83,C,20,2,105.0,0.007,1889
83,C,20,3,107.0,0.007,1889
83,C,20,4,105.0,0.007,1889
83,C,20,5,107.0,0.007,1889
83,C,20,6,108.0,0.007,1889
83,C,20,7,105.0,0.007,1889
83,C,20,8,104.0,0.007,1889
83,C,20,9,108.0,0.007,1889
83,C,20,10,108.0,0.007,1889
83,C,20,11,104.0,0.007,1889
83,C,20,12,107.0,0.007,1889
83,C,20,13,106.0,0.007,1889
83,C,20,14,112.0,0.007,1889
83,C,20,15,115.0,0.007,1889
83,C,20,16,105.0,0.007,1889
83,C,20,17,111.0,0.007,1889
83,C,20,18,112.0,0.007,1889
83,C,20,19,116.0,0.007,1889
83,C,20,20,117.0,0.007,1889
83,C,20,21,109.0,0.007,1889
83,C,20,22,,0.007,1889
83,C,20,23,112.0,0.007,1889
83,C,20,24,113.0,0.007,1889
83,C,20,25,120.0,0.007,1889
83,C,20,26,115.0,0.007,1889
83,C,20,27,120.0,0.007,1889
83,C,20,28,119.0,0.007,1889
83,C,20,29,120.0,0.007,1889
83,C,20,30,118.0,0.007,1889
83,C,20,31,125.0,0.007,1889
83,C,20,32,129.0,0.007,1889
83,C,20,33,121.0,0.007,1889
83,C,20,34,126.0,0.007,1889
83,C,20,35,127.0,0.007,1889
83,C,20,36,128.0,0.007,1889
83,C,20,37,130.0,0.007,1889
83,C,20,38,125.0,0.007,1889
83,C,20,39,129.0,0.007,1889
83,C,20,40,126.0,0.007,1889
83,C,20,41,136.0,0.007,1889
83,C,20,42,128.0,0.007,1889
83,C,20,43,130.0,0.007,1889
83,C,20,44,135.0,0.007,1889
83,C,20,45,124.0,0.007,1889
83,C,20,46,,0.007,1889
83,C,20,47,134.0,0.007,1889
83,C,20,48,145.0,0.007,1889
84,C,20,0,101.0,0.007,1889
84,C,20,1,104.0,0.007,1889
84,C,20,2,105.0,0.007,1889
84,C,20,3,106.0,0.007,1889
84,C,20,4,99.0,0.007,1889
84,C,20,5,108.0,0.007,1889
84,C,20,6,105.0,0.007,1889
84,C,20,7,103.0,0.007,1889
84,C,20,8,107.0,0.007,1889
84,C,20,9,105.0,0.007,1889
84,C,20,10,110.0,0.007,1889
84,C,20,11,106.0,0.007,1889
84,C,20,12,112.0,0.007,1889
84,C,20,13,107.0,0.007,1889
84,C,20,14,108.0,0.007,1889
84,C,20,15,106.0,0.007,1889
84,C,20,16,112.0,0.007,1889
84,C,20,17,,0.007,1889
84,C,20,18,110.0,0.007,1889
84,C,20,19,115.0,0.007,1889
84,C,20,20,114.0,0.007,1889
84,C,20,21,115.0,0.007,1889
84,C,20,22,,0.007,1889
84,C,20,23,108.0,0.007,1889
84,C,20,24,119.0,0.007,1889
84,C,20,25,108.0,0.007,1889
84,C,20,26,115.0,0.007,1889
84,C,20,27,116.0,0.007,1889
84,C,20,28,119.0,0.007,1889
84,C,20,29,122.0,0.007,1889
84,C,20,30,122.0,0.007,1889
84,C,20,31,123.0,0.007,1889
84,C,20,32,118.0,0.007,1889
84,C,20,33,125.0,0.007,1889
84,C,20,34,127.0,0.007,1889
84,C,20,35,126.0,0.007,1889
84,C,20,36,126.0,0.007,1889
84,C,20,37,128.0,0.007,1889
84,C,20,38,126.0,0.007,1889
84,C,20,39,127.0,0.007,1889
84,C,20,40,132.0,0.007,1889
84,C,20,41,136.0,0.007,1889
84,C,20,42,133.0,0.007,1889
84,C,20,43,133.0,0.007,1889
84,C,20,44,126.0,0.007,1889
84,C,20,45,134.0,0.007,1889
84,C,20,46,135.0,0.007,1889
84,C,20,47,145.0,0.007,1889
84,C,20,48,136.0,0.007,1889
85,C,20,0,95.0,0.007,1889
85,C,20,1,100.0,0.007,1889
85,C,20,2,97.0,0.007,1889
85,C,20,3,103.0,0.007,1889
85,C,20,4,107.0,0.007,1889
85,C,20,5,106.0,0.007,1889
85,C,20,6,104.0,0.007,1889
85,C,20,7,105.0,0.007,1889
85,C,20,8,109.0,0.007,1889
85,C,20,9,105.0,0.007,1889
85,C,20,10,107.0,0.007,1889
85,C,20,11,113.0,0.007,1889
85,C,20,12,103.0,0.007,1889
85,C,20,13,117.0,0.007,1889
85,C,20,14,113.0,0.007,1889
85,C,20,15,103.0,0.007,1889
85,C,20,16,114.0,0.007,1889
85,C,20,17,113.0,0.007,1889
85,C,20,18,115.0,0.007,1889
85,C,20,19,113.0,0.007,1889
85,C,20,20,119.0,0.007,1889
85,C,20,21,115.0,0.007,1889
85,C,20,22,120.0,0.007,1889
85,C,20,23,116.0,0.007,1889
85,C,20,24,117.0,0.007,1889
85,C,20,25,122.0,0.007,1889
85,C,20,26,121.0,0.007,1889
85,C,20,27,122.0,0.007,1889
85,C,20,28,121.0,0.007,1889
85,C,20,29,114.0,0.007,1889
85,C,20,30,126.0,0.007,1889
85,C,20,31,120.0,0.007,1889
85,C,20,32,127.0,0.007,1889
85,C,20,33,121.0,0.007,1889
85,C,20,34,130.0,0.007,1889
85,C,20,35,121.0,0.007,1889
85,C,20,36,126.0,0.007,1889
85,C,20,37,131.0,0.007,1889
85,C,20,38,134.0,0.007,1889
85,C,20,39,130.0,0.007,1889
85,C,20,40,124.0,0.007,1889
85,C,20,41,133.0,0.007,1889
85,C,20,42,139.0,0.007,1889
85,C,20,43,127.0,0.007,1889
85,C,20,44,136.0,0.007,1889
85,C,20,45,138.0,0.007,1889
85,C,20,46,138.0,0.007,1889
85,C,20,47,137.0,0.007,1889
85,C,20,48,138.0,0.007,1889
86,C,20,0,94.0,0.007,1889
86,C,20,1,99.0,0.007,1889
86,C,20,2,98.0,0.007,1889
86,C,20,3,101.0,0.007,1889
86,C,20,4,107.0,0.007,1889
86,C,20,5,100.0,0.007,1889
86,C,20,6,105.0,0.007,1889
86,C,20,7,103.0,0.007,1889
86,C,20,8,100.0,0.007,1889
86,C,20,9,105.0,0.007,1889
86,C,20,10,110.0,0.007,1889
86,C,20,11,112.0,0.007,1889
86,C,20,12,116.0,0.007,1889
86,C,20,13,107.0,0.007,1889
86,C,20,14,110.0,0.007,1889
86,C,20,15,113.0,0.007,1889
86,C,20,16,107.0,0.007,1889
86,C,20,17,112.0,0.007,1889
86,C,20,18,113.0,0.007,1889
86,C,20,19,113.0,0.007,1889
86,C,20,20,115.0,0.007,1889
86,C,20,21,117.0,0.007,1889
86,C,20,22,122.0,0.007,1889
86,C,20,23,112.0,0.007,1889
86,C,20,24,117.0,0.007,1889
86,C,20,25,118.0,0.007,1889
86,C,20,26,117.0,0.007,1889
86,C,20,27,124.0,0.007,1889
86,C,20,28,118.0,0.007,1889
86,C,20,29,116.0,0.007,1889
86,C,20,30,129.0,0.007,1889
86,C,20,31,118.0,0.007,1889
86,C,20,32,126.0,0.007,1889
86,C,20,33,116.0,0.007,1889
86,C,20,34,125.0,0.007,1889
86,C,20,35,123.0,0.007,1889
86,C,20,36,126.0,0.007,1889
86,C,20,37,128.0,0.007,1889
86,C,20,38,129.0,0.007,1889
86,C,20,39,129.0,0.007,1889
86,C,20,40,126.0,0.007,1889
86,C,20,41,131.0,0.007,1889
86,C,20,42,132.0,0.007,1889
86,C,20,43,131.0,0.007,1889
86,C,20,44,139.0,0.007,1889
86,C,20,45,135.0,0.007,1889
86,C,20,46,133.0,0.007,1889
86,C,20,47,132.0,0.007,1889
86,C,20,48,139.0,0.007,1889
87,C,20,0,97.0,0.007,1889
87,C,20,1,97.0,0.007,1889
87,C,20,2,100.0,0.007,1889
87,C,20,3,,0.007,1889
87,C,20,4,101.0,0.007,1889
87,C,20,5,109.0,0.007,1889
87,C,20,6,109.0,0.007,1889
87,C,20,7,108.0,0.007,1889
87,C,20,8,100.0,0.007,1889
87,C,20,9,106.0,0.007,1889
87,C,20,10,110.0,0.007,1889
87,C,20,11,106.0,0.007,1889
87,C,20,12,111.0,0.007,1889
87,C,20,13,109.0,0.007,1889
87,C,20,14,110.0,0.007,1889
87,C,20,15,111.0,0.007,1889
87,C,20,16,107.0,0.007,1889
87,C,20,17,,0.007,1889
87,C,20,18,114.0,0.007,1889
87,C,20,19,117.0,0.007,1889
87,C,20,20,116.0,0.007,1889
87,C,20,21,114.0,0.007,1889
87,C,20,22,115.0,0.007,1889
87,C,20,23,107.0,0.007,1889
87,C,20,24,117.0,0.007,1889
87,C,20,25,115.0,0.007,1889
87,C,20,26,132.0,0.007,1889
87,C,20,27,121.0,0.007,1889
87,C,20,28,117.0,0.007,1889
87,C,20,29,127.0,0.007,1889
87,C,20,30,123.0,0.007,1889
87,C,20,31,118.0,0.007,1889
87,C,20,32,128.0,0.007,1889
87,C,20,33,125.0,0.007,1889
87,C,20,34,130.0,0.007,1889
87,C,20,35,129.0,0.007,1889
87,C,20,36,123.0,0.007,1889
87,C,20,37,136.0,0.007,1889
87,C,20,38,127.0,0.007,1889
87,C,20,39,126.0,0.007,1889
87,C,20,40,133.0,0.007,1889
87,C,20,41,124.0,0.007,1889
87,C,20,42,130.0,0.007,1889
87,C,20,43,129.0,0.007,1889
87,C,20,44,134.0,0.007,1889
87,C,20,45,139.0,0.007,1889
87,C,20,46,131.0,0.007,1889
87,C,20,47,136.0,0.007,1889
87,C,20,48,142.0,0.007,1889
88,C,20,0,97.0,0.007,1889
88,C,20,1,102.0,0.007,1889
88,C,20,2,102.0,0.007,1889
88,C,20,3,101.0,0.007,1889
88,C,20,4,107.0,0.007,1889
88,C,20,5,106.0,0.007,1889
88,C,20,6,104.0,0.007,1889
88,C,20,7,103.0,0.007,1889
88,C,20,8,103.0,0.007,1889
88,C,20,9,102.0,0.007,1889
88,C,20,10,103.0,0.007,1889
88,C,20,11,109.0,0.007,1889
88,C,20,12,107.0,0.007,1889
88,C,20,13,106.0,0.007,1889
88,C,20,14,108.0,0.007,1889
88,C,20,15,108.0,0.007,1889
88,C,20,16,115.0,0.007,1889
88,C,20,17,114.0,0.007,1889
88,C,20,18,108.0,0.007,1889
88,C,20,19,109.0,0.007,1889
88,C,20,20,114.0,0.007,1889
88,C,20,21,118.0,0.007,1889
88,C,20,22,113.0,0.007,1889
88,C,20,23,119.0,0.007,1889
88,C,20,24,116.0,0.007,1889
88,C,20,25,124.0,0.007,1889
88,C,20,26,115.0,0.007,1889
88,C,20,27,127.0,0.007,1889
88,C,20,28,116.0,0.007,1889
88,C,20,29,119.0,0.007,1889
88,C,20,30,118.0,0.007,1889
88,C,20,31,118.0,0.007,1889
88,C,20,32,129.0,0.007,1889
88,C,20,33,127.0,0.007,1889
88,C,20,34,133.0,0.007,1889
88,C,20,35,121.0,0.007,1889
88,C,20,36,130.0,0.007,1889
88,C,20,37,129.0,0.007,1889
88,C,20,38,132.0,0.007,1889
88,C,20,39,126.0,0.007,1889
88,C,20,40,131.0,0.007,1889
88,C,20,41,134.0,0.007,1889
88,C,20,42,134.0,0.007,1889
88,C,20,43,126.0,0.007,1889
88,C,20,44,134.0,0.007,1889
88,C,20,45,133.0,0.007,1889
88,C,20,46,138.0,0.007,1889
88,C,20,47,135.0,0.007,1889
88,C,20,48,135.0,0.007,1889
89,C,20,0,104.0,0.007,1889
89,C,20,1,104.0,0.007,1889
89,C,20,2,105.0,0.007,1889
89,C,20,3,103.0,0.007,1889
89,C,20,4,99.0,0.007,1889
89,C,20,5,108.0,0.007,1889
89,C,20,6,107.0,0.007,1889
89,C,20,7,105.0,0.007,1889
89,C,20,8,106.0,0.007,1889
89,C,20,9,110.0,0.007,1889
89,C,20,10,112.0,0.007,1889
89,C,20,11,104.0,0.007,1889
89,C,20,12,109.0,0.007,1889
89,C,20,13,113.0,0.007,1889
89,C,20,14,109.0,0.007,1889
89,C,20,15,111.0,0.007,1889
89,C,20,16,109.0,0.007,1889
89,C,20,17,108.0,0.007,1889
89,C,20,18,,0.007,1889
89,C,20,19,109.0,0.007,1889
89,C,20,20,112.0,0.007,1889
89,C,20,21,120.0,0.007,1889
89,C,20,22,111.0,0.007,1889
89,C,20,23,112.0,0.007,1889
89,C,20,24,121.0,0.007,1889
89,C,20,25,110.0,0.007,1889
89,C,20,26,112.0,0.007,1889
89,C,20,27,114.0,0.007,1889
89,C,20,28,123.0,0.007,1889
89,C,20,29,126.0,0.007,1889
89,C,20,30,123.0,0.007,1889
89,C,20,31,124.0,0.007,1889
89,C,20,32,122.0,0.007,1889
89,C,20,33,123.0,0.007,1889
89,C,20,34,120.0,0.007,1889
89,C,20,35,129.0,0.007,1889
89,C,20,36,120.0,0.007,1889
89,C,20,37,130.0,0.007,1889
89,C,20,38,126.0,0.007,1889
89,C,20,39,130.0,0.007,1889
89,C,20,40,124.0,0.007,1889
89,C,20,41,129.0,0.007,1889
89,C,20,42,132.0,0.007,1889
89,C,20,43,134.0,0.007,1889
89,C,20,44,133.0,0.007,1889
89,C,20,45,131.0,0.007,1889
89,C,20,46,136.0,0.007,1889
89,C,20,47,135.0,0.007,1889
89,C,20,48,137.0,0.007,1889
90,C,20,0,95.0,0.007,1889
90,C,20,1,101.0,0.007,1889
90,C,20,2,100.0,0.007,1889
90,C,20,3,104.0,0.007,1889
90,C,20,4,104.0,0.007,1889
90,C,20,5,104.0,0.007,1889
90,C,20,6,109.0,0.007,1889
90,C,20,7,104.0,0.007,1889
90,C,20,8,102.0,0.007,1889
90,C,20,9,100.0,0.007,1889
90,C,20,10,107.0,0.007,1889
90,C,20,11,116.0,0.007,1889
90,C,20,12,107.0,0.007,1889
90,C,20,13,114.0,0.007,1889
90,C,20,14,109.0,0.007,1889
90,C,20,15,109.0,0.007,1889
90,C,20,16,116.0,0.007,1889
90,C,20,17,112.0,0.007,1889
90,C,20,18,110.0,0.007,1889
90,C,20,19,114.0,0.007,1889
90,C,20,20,110.0,0.007,1889
90,C,20,21,109.0,0.007,1889
90,C,20,22,118.0,0.007,1889
90,C,20,23,115.0,0.007,1889
90,C,20,24,117.0,0.007,1889
90,C,20,25,114.0,0.007,1889
90,C,20,26,117.0,0.007,1889
90,C,20,27,117.0,0.007,1889
90,C,20,28,118.0,0.007,1889
90,C,20,29,,0.007,1889
90,C,20,30,129.0,0.007,1889
90,C,20,31,127.0,0.007,1889
90,C,20,32,122.0,0.007,1889
90,C,20,33,123.0,0.007,1889
90,C,20,34,123.0,0.007,1889
90,C,20,35,130.0,0.007,1889
90,C,20,36,124.0,0.007,1889
90,C,20,37,130.0,0.007,1889
90,C,20,38,126.0,0.007,1889
90,C,20,39,129.0,0.007,1889
90,C,20,40,123.0,0.007,1889
90,C,20,41,126.0,0.007,1889
90,C,20,42,128.0,0.007,1889
90,C,20,43,132.0,0.007,1889
90,C,20,44,142.0,0.007,1889
90,C,20,45,141.0,0.007,1889
90,C,20,46,131.0,0.007,1889
90,C,20,47,137.0,0.007,1889
90,C,20,48,136.0,0.007,1889
91,C,25,0,108.0,0.041,11571
91,C,25,1,114.0,0.041,11571
91,C,25,2,114.0,0.041,11571
91,C,25,3,113.0,0.041,11571
91,C,25,4,123.0,0.041,11571
91,C,25,5,129.0,0.041,11571
91,C,25,6,135.0,0.041,11571
91,C,25,7,146.0,0.041,11571
91,C,25,8,133.0,0.041,11571
91,C,25,9,148.0,0.041,11571
91,C,25,10,157.0,0.041,11571
91,C,25,11,156.0,0.041,11571
91,C,25,12,177.0,0.041,11571
91,C,25,13,165.0,0.041,11571
91,C,25,14,187.0,0.041,11571
91,C,25,15,189.0,0.041,11571
91,C,25,16,196.0,0.041,11571
91,C,25,17,213.0,0.041,11571
91,C,25,18,234.0,0.041,11571
91,C,25,19,224.0,0.041,11571
91,C,25,20,235.0,0.041,11571
91,C,25,21,226.0,0.041,11571
91,C,25,22,257.0,0.041,11571
91,C,25,23,264.0,0.041,11571
91,C,25,24,283.0,0.041,11571
91,C,25,25,278.0,0.041,11571
91,C,25,26,295.0,0.041,11571
91,C,25,27,300.0,0.041,11571
91,C,25,28,319.0,0.041,11571
91,C,25,29,326.0,0.041,11571
91,C,25,30,348.0,0.041,11571
91,C,25,31,347.0,0.041,11571
91,C,25,32,371.0,0.041,11571
91,C,25,33,368.0,0.041,11571
91,C,25,34,405.0,0.041,11571
91,C,25,35,413.0,0.041,11571
91,C,25,36,429.0,0.041,11571
91,C,25,37,440.0,0.041,11571
91,C,25,38,443.0,0.041,11571
91,C,25,39,510.0,0.041,11571
91,C,25,40,503.0,0.041,11571
91,C,25,41,538.0,0.041,11571
91,C,25,42,534.0,0.041,11571
91,C,25,43,558.0,0.041,11571
91,C,25,44,608.0,0.041,11571
91,C,25,45,626.0,0.041,11571
91,C,25,46,,0.041,11571
91,C,25,47,660.0,0.041,11571
91,C,25,48,708.0,0.041,11571
92,C,25,0,102.0,0.041,11571
92,C,25,1,111.0,0.041,11571
92,C,25,2,113.0,0.041,11571
92,C,25,3,115.0,0.041,11571
92,C,25,4,125.0,0.041,11571
92,C,25,5,123.0,0.041,11571
92,C,25,6,136.0,0.041,11571
92,C,25,7,137.0,0.041,11571
92,C,25,8,144.0,0.041,11571
92,C,25,9,151.0,0.041,11571
92,C,25,10,157.0,0.041,11571
92,C,25,11,166.0,0.041,11571
92,C,25,12,171.0,0.041,11571
92,C,25,13,172.0,0.041,11571
92,C,25,14,176.0,0.041,11571
92,C,25,15,186.0,0.041,11571
92,C,25,16,,0.041,11571
92,C,25,17,197.0,0.041,11571
92,C,25,18,211.0,0.041,11571
92,C,25,19,215.0,0.041,11571
92,C,25,20,240.0,0.041,11571
92,C,25,21,236.0,0.041,11571
92,C,25,22,252.0,0.041,11571
92,C,25,23,270.0,0.041,11571
92,C,25,24,277.0,0.041,11571
92,C,25,25,270.0,0.041,11571
92,C,25,26,293.0,0.041,11571
92,C,25,27,318.0,0.041,11571
92,C,25,28,317.0,0.041,11571
92,C,25,29,326.0,0.041,11571
92,C,25,30,354.0,0.041,11571
92,C,25,31,357.0,0.041,11571
92,C,25,32,368.0,0.041,11571
92,C,25,33,395.0,0.041,11571
92,C,25,34,397.0,0.041,11571
92,C,25,35,395.0,0.041,11571
92,C,25,36,457.0,0.041,11571
92,C,25,37,456.0,0.041,11571
92,C,25,38,482.0,0.041,11571
92,C,25,39,496.0,0.041,11571
92,C,25,40,516.0,0.041,11571
92,C,25,41,,0.041,11571
92,C,25,42,540.0,0.041,11571
92,C,25,43,575.0,0.041,11571
92,C,25,44,599.0,0.041,11571
92,C,25,45,612.0,0.041,11571
92,C,25,46,,0.041,11571
92,C,25,47,688.0,0.041,11571
92,C,25,48,719.0,0.041,11571
93,C,25,0,105.0,0.041,11571
93,C,25,1,107.0,0.041,11571
93,C,25,2,110.0,0.041,11571
93,C,25,3,116.0,0.041,11571
93,C,25,4,124.0,0.041,11571
93,C,25,5,125.0,0.041,11571
93,C,25,6,134.0,0.041,11571
93,C,25,7,139.0,0.041,11571
93,C,25,8,135.0,0.041,11571
93,C,25,9,147.0,0.041,11571
93,C,25,10,151.0,0.041,11571
93,C,25,11,158.0,0.041,11571
93,C,25,12,167.0,0.041,11571
93,C,25,13,171.0,0.041,11571
93,C,25,14,197.0,0.041,11571
93,C,25,15,190.0,0.041,11571
93,C,25,16,195.0,0.041,11571
93,C,25,17,191.0,0.041,11571
93,C,25,18,213.0,0.041,11571
93,C,25,19,223.0,0.041,11571
93,C,25,20,235.0,0.041,11571
93,C,25,21,244.0,0.041,11571
93,C,25,22,263.0,0.041,11571
93,C,25,23,270.0,0.041,11571
93,C,25,24,280.0,0.041,11571
93,C,25,25,268.0,0.041,11571
93,C,25,26,287.0,0.041,11571
93,C,25,27,,0.041,11571
93,C,25,28,309.0,0.041,11571
93,C,25,29,327.0,0.041,11571
93,C,25,30,342.0,0.041,11571
93,C,25,31,328.0,0.041,11571
93,C,25,32,366.0,0.041,11571
93,C,25,33,372.0,0.041,11571
93,C,25,34,406.0,0.041,11571
93,C,25,35,405.0,0.041,11571
93,C,25,36,454.0,0.041,11571
93,C,25,37,426.0,0.041,11571
93,C,25,38,454.0,0.041,11571
93,C,25,39,474.0,0.041,11571
93,C,25,40,506.0,0.041,11571
93,C,25,41,533.0,0.041,11571
93,C,25,42,559.0,0.041,11571
93,C,25,43,568.0,0.041,11571
93,C,25,44,592.0,0.041,11571
93,C,25,45,625.0,0.041,11571
93,C,25,46,655.0,0.041,11571
93,C,25,47,676.0,0.041,11571
93,C,25,48,736.0,0.041,11571
94,C,25,0,100.0,0.041,11571
94,C,25,1,109.0,0.041,11571
94,C,25,2,120.0,0.041,11571
94,C,25,3,117.0,0.041,11571
94,C,25,4,120.0,0.041,11571
94,C,25,5,119.0,0.041,11571
94,C,25,6,129.0,0.041,11571
94,C,25,7,134.0,0.041,11571
94,C,25,8,142.0,0.041,11571
94,C,25,9,146.0,0.041,11571
94,C,25,10,154.0,0.041,11571
94,C,25,11,164.0,0.041,11571
94,C,25,12,166.0,0.041,11571
94,C,25,13,176.0,0.041,11571
94,C,25,14,188.0,0.041,11571
94,C,25,15,193.0,0.041,11571
94,C,25,16,200.0,0.041,11571
94,C,25,17,199.0,0.041,11571
94,C,25,18,227.0,0.041,11571
94,C,25,19,221.0,0.041,11571
94,C,25,20,231.0,0.041,11571
94,C,25,21,232.0,0.041,11571
94,C,25,22,248.0,0.041,11571
94,C,25,23,260.0,0.041,11571
94,C,25,24,,0.041,11571
94,C,25,25,288.0,0.041,11571
94,C,25,26,284.0,0.041,11571
94,C,25,27,304.0,0.041,11571
94,C,25,28,330.0,0.041,11571
94,C,25,29,338.0,0.041,11571
94,C,25,30,352.0,0.041,11571
94,C,25,31,362.0,0.041,11571
94,C,25,32,380.0,0.041,11571
94,C,25,33,387.0,0.041,11571
94,C,25,34,407.0,0.041,11571
94,C,25,35,447.0,0.041,11571
94,C,25,36,455.0,0.041,11571
94,C,25,37,463.0,0.041,11571
94,C,25,38,475.0,0.041,11571
94,C,25,39,481.0,0.041,11571
94,C,25,40,499.0,0.041,11571
94,C,25,41,550.0,0.041,11571
94,C,25,42,537.0,0.041,11571
94,C,25,43,576.0,0.041,11571
94,C,25,44,578.0,0.041,11571
94,C,25,45,630.0,0.041,11571
94,C,25,46,654.0,0.041,11571
94,C,25,47,633.0,0.041,11571
94,C,25,48,702.0,0.041,11571
95,C,25,0,106.0,0.041,11571
95,C,25,1,104.0,0.041,11571
95,C,25,2,115.0,0.041,11571
95,C,25,3,118.0,0.041,11571
95,C,25,4,118.0,0.041,11571
95,C,25,5,128.0,0.041,11571
95,C,25,6,129.0,0.041,11571
95,C,25,7,137.0,0.041,11571
95,C,25,8,150.0,0.041,11571
95,C,25,9,148.0,0.041,11571
95,C,25,10,156.0,0.041,11571
95,C,25,11,159.0,0.041,11571
95,C,25,12,179.0,0.041,11571
95,C,25,13,175.0,0.041,11571
95,C,25,14,188.0,0.041,11571
95,C,25,15,191.0,0.041,11571
95,C,25,16,208.0,0.041,11571
95,C,25,17,213.0,0.041,11571
95,C,25,18,213.0,0.041,11571
95,C,25,19,229.0,0.041,11571
95,C,25,20,235.0,0.041,11571
95,C,25,21,238.0,0.041,11571
95,C,25,22,251.0,0.041,11571
95,C,25,23,257.0,0.041,11571
95,C,25,24,274.0,0.041,11571
95,C,25,25,268.0,0.041,11571
95,C,25,26,291.0,0.041,11571
95,C,25,27,324.0,0.041,11571
95,C,25,28,316.0,0.041,11571
95,C,25,29,335.0,0.041,11571
95,C,25,30,340.0,0.041,11571
95,C,25,31,362.0,0.041,11571
95,C,25,32,356.0,0.041,11571
95,C,25,33,381.0,0.041,11571
95,C,25,34,434.0,0.041,11571
95,C,25,35,430.0,0.041,11571
95,C,25,36,455.0,0.041,11571
95,C,25,37,445.0,0.041,11571
95,C,25,38,482.0,0.041,11571
95,C,25,39,500.0,0.041,11571
95,C,25,40,500.0,0.041,11571
95,C,25,41,530.0,0.041,11571
95,C,25,42,582.0,0.041,11571
95,C,25,43,568.0,0.041,11571
95,C,25,44,600.0,0.041,11571
95,C,25,45,599.0,0.041,11571
95,C,25,46,625.0,0.041,11571
95,C,25,47,646.0,0.041,11571
95,C,25,48,669.0,0.041,11571
96,C,25,0,110.0,0.041,11571
96,C,25,1,110.0,0.041,11571
96,C,25,2,111.0,0.041,11571
96,C,25,3,117.0,0.041,11571
96,C,25,4,117.0,0.041,11571
96,C,25,5,121.0,0.041,11571
96,C,25,6,136.0,0.041,11571
96,C,25,7,,0.041,11571
96,C,25,8,144.0,0.041,11571
96,C,25,9,155.0,0.041,11571
96,C,25,10,155.0,0.041,11571
96,C,25,11,163.0,0.041,11571
96,C,25,12,178.0,0.041,11571
96,C,25,13,177.0,0.041,11571
96,C,25,14,178.0,0.041,11571
96,C,25,15,196.0,0.041,11571
96,C,25,16,195.0,0.041,11571
96,C,25,17,199.0,0.041,11571
96,C,25,18,212.0,0.041,11571
96,C,25,19,230.0,0.041,11571
96,C,25,20,245.0,0.041,11571
96,C,25,21,243.0,0.041,11571
96,C,25,22,251.0,0.041,11571
96,C,25,23,265.0,0.041,11571
96,C,25,24,279.0,0.041,11571
96,C,25,25,275.0,0.041,11571
96,C,25,26,292.0,0.041,11571
96,C,25,27,317.0,0.041,11571
96,C,25,28,318.0,0.041,11571
96,C,25,29,340.0,0.041,11571
96,C,25,30,,0.041,11571
96,C,25,31,342.0,0.041,11571
96,C,25,32,368.0,0.041,11571
96,C,25,33,391.0,0.041,11571
96,C,25,34,403.0,0.041,11571
96,C,25,35,434.0,0.041,11571
96,C,25,36,434.0,0.041,11571
96,C,25,37,459.0,0.041,11571
96,C,25,38,461.0,0.041,11571
96,C,25,39,508.0,0.041,11571
96,C,25,40,508.0,0.041,11571
96,C,25,41,534.0,0.041,11571
96,C,25,42,569.0,0.041,11571
96,C,25,43,566.0,0.041,11571
96,C,25,44,604.0,0.041,11571
96,C,25,45,638.0,0.041,11571
96,C,25,46,639.0,0.041,11571
96,C,25,47,641.0,0.041,11571
96,C,25,48,726.0,0.041,11571
97,C,25,0,108.0,0.041,11571
97,C,25,1,108.0,0.041,11571
97,C,25,2,112.0,0.041,11571
97,C,25,3,119.0,0.041,11571
97,C,25,4,121.0,0.041,11571
97,C,25,5,125.0,0.041,11571
97,C,25,6,127.0,0.041,11571
97,C,25,7,140.0,0.041,11571
97,C,25,8,145.0,0.041,11571
97,C,25,9,147.0,0.041,11571
97,C,25,10,155.0,0.041,11571
97,C,25,11,169.0,0.041,11571
97,C,25,12,172.0,0.041,11571
97,C,25,13,171.0,0.041,11571
97,C,25,14,182.0,0.041,11571
97,C,25,15,185.0,0.041,11571
97,C,25,16,192.0,0.041,11571
97,C,25,17,211.0,0.041,11571
97,C,25,18,216.0,0.041,11571
97,C,25,19,222.0,0.041,11571
97,C,25,20,223.0,0.041,11571
97,C,25,21,234.0,0.041,11571
97,C,25,22,260.0,0.041,11571
97,C,25,23,260.0,0.041,11571
97,C,25,24,281.0,0.041,11571
97,C,25,25,278.0,0.041,11571
97,C,25,26,295.0,0.041,11571
97,C,25,27,304.0,0.041,11571
97,C,25,28,321.0,0.041,11571
97,C,25,29,330.0,0.041,11571
97,C,25,30,340.0,0.041,11571
97,C,25,31,352.0,0.041,11571
97,C,25,32,367.0,0.041,11571
97,C,25,33,377.0,0.041,11571
97,C,25,34,403.0,0.041,11571
97,C,25,35,435.0,0.041,11571
97,C,25,36,432.0,0.041,11571
97,C,25,37,442.0,0.041,11571
97,C,25,38,480.0,0.041,11571
97,C,25,39,,0.041,11571
97,C,25,40,524.0,0.041,11571
97,C,25,41,515.0,0.041,11571
97,C,25,42,555.0,0.041,11571
97,C,25,43,567.0,0.041,11571
97,C,25,44,601.0,0.041,11571
97,C,25,45,601.0,0.041,11571
97,C,25,46,627.0,0.041,11571
97,C,25,47,685.0,0.041,11571
97,C,25,48,719.0,0.041,11571
98,C,25,0,104.0,0.041,11571
98,C,25,1,108.0,0.041,11571
98,C,25,2,113.0,0.041,11571
98,C,25,3,121.0,0.041,11571
98,C,25,4,115.0,0.041,11571
98,C,25,5,128.0,0.041,11571
98,C,25,6,133.0,0.041,11571
98,C,25,7,137.0,0.041,11571
98,C,25,8,137.0,0.041,11571
98,C,25,9,147.0,0.041,11571
98,C,25,10,156.0,0.041,11571
98,C,25,11,154.0,0.041,11571
98,C,25,12,173.0,0.041,11571
98,C,25,13,170.0,0.041,11571
98,C,25,14,,0.041,11571
98,C,25,15,199.0,0.041,11571
98,C,25,16,201.0,0.041,11571
98,C,25,17,193.0,0.041,11571
98,C,25,18,217.0,0.041,11571
98,C,25,19,226.0,0.041,11571
98,C,25,20,237.0,0.041,11571
98,C,25,21,254.0,0.041,11571
98,C,25,22,260.0,0.041,11571
98,C,25,23,253.0,0.041,11571
98,C,25,24,269.0,0.041,11571
98,C,25,25,274.0,0.041,11571
98,C,25,26,293.0,0.041,11571
98,C,25,27,312.0,0.041,11571
98,C,25,28,315.0,0.041,11571
98,C,25,29,335.0,0.041,11571
98,C,25,30,353.0,0.041,11571
98,C,25,31,359.0,0.041,11571
98,C,25,32,369.0,0.041,11571
98,C,25,33,383.0,0.041,11571
98,C,25,34,394.0,0.041,11571
98,C,25,35,407.0,0.041,11571
98,C,25,36,429.0,0.041,11571
98,C,25,37,460.0,0.041,11571
98,C,25,38,475.0,0.041,11571
98,C,25,39,467.0,0.041,11571
98,C,25,40,,0.041,11571
98,C,25,41,526.0,0.041,11571
98,C,25,42,546.0,0.041,11571
98,C,25,43,590.0,0.041,11571
98,C,25,44,594.0,0.041,11571
98,C,25,45,613.0,0.041,11571
98,C,25,46,674.0,0.041,11571
98,C,25,47,645.0,0.041,11571
98,C,25,48,709.0,0.041,11571
99,C,25,0,99.0,0.041,11571
99,C,25,1,109.0,0.041,11571
99,C,25,2,109.0,0.041,11571
99,C,25,3,121.0,0.041,11571
99,C,25,4,120.0,0.041,11571
99,C,25,5,134.0,0.041,11571
99,C,25,6,134.0,0.041,11571
99,C,25,7,138.0,0.041,11571
99,C,25,8,147.0,0.041,11571
99,C,25,9,149.0,0.041,11571
99,C,25,10,150.0,0.041,11571
99,C,25,11,163.0,0.041,11571
99,C,25,12,175.0,0.041,11571
99,C,25,13,173.0,0.041,11571
99,C,25,14,181.0,0.041,11571
99,C,25,15,191.0,0.041,11571
99,C,25,16,191.0,0.041,11571
99,C,25,17,198.0,0.041,11571
99,C,25,18,210.0,0.041,11571
99,C,25,19,227.0,0.041,11571
99,C,25,20,233.0,0.041,11571
99,C,25,21,247.0,0.041,11571
99,C,25,22,242.0,0.041,11571
99,C,25,23,257.0,0.041,11571
99,C,25,24,275.0,0.041,11571
99,C,25,25,286.0,0.041,11571
99,C,25,26,288.0,0.041,11571
99,C,25,27,,0.041,11571
99,C,25,28,303.0,0.041,11571
99,C,25,29,323.0,0.041,11571
99,C,25,30,326.0,0.041,11571
99,C,25,31,350.0,0.041,11571
99,C,25,32,357.0,0.041,11571
99,C,25,33,405.0,0.041,11571
99,C,25,34,384.0,0.041,11571
99,C,25,35,407.0,0.041,11571
99,C,25,36,424.0,0.041,11571
99,C,25,37,441.0,0.041,11571
99,C,25,38,474.0,0.041,11571
99,C,25,39,488.0,0.041,11571
99,C,25,40,492.0,0.041,11571
99,C,25,41,527.0,0.041,11571
99,C,25,42,549.0,0.041,11571
99,C,25,43,597.0,0.041,11571
99,C,25,44,608.0,0.041,11571
99,C,25,45,608.0,0.041,11571
99,C,25,46,661.0,0.041,11571
99,C,25,47,684.0,0.041,11571
99,C,25,48,696.0,0.041,11571
100,C,25,0,107.0,0.041,11571
100,C,25,1,111.0,0.041,11571
100,C,25,2,105.0,0.041,11571
100,C,25,3,121.0,0.041,11571
100,C,25,4,,0.041,11571
100,C,25,5,123.0,0.041,11571
100,C,25,6,,0.041,11571
100,C,25,7,134.0,0.041,11571
100,C,25,8,142.0,0.041,11571
100,C,25,9,164.0,0.041,11571
100,C,25,10,156.0,0.041,11571
100,C,25,11,161.0,0.041,11571
100,C,25,12,168.0,0.041,11571
100,C,25,13,185.0,0.041,11571
100,C,25,14,181.0,0.041,11571
100,C,25,15,188.0,0.041,11571
100,C,25,16,209.0,0.041,11571
100,C,25,17,210.0,0.041,11571
100,C,25,18,206.0,0.041,11571
100,C,25,19,218.0,0.041,11571
100,C,25,20,240.0,0.041,11571
100,C,25,21,,0.041,11571
100,C,25,22,250.0,0.041,11571
100,C,25,23,255.0,0.041,11571
100,C,25,24,274.0,0.041,11571
100,C,25,25,297.0,0.041,11571
100,C,25,26,295.0,0.041,11571
100,C,25,27,314.0,0.041,11571
100,C,25,28,324.0,0.041,11571
100,C,25,29,320.0,0.041,11571
100,C,25,30,334.0,0.041,11571
100,C,25,31,370.0,0.041,11571
100,C,25,32,373.0,0.041,11571
100,C,25,33,382.0,0.041,11571
100,C,25,34,379.0,0.041,11571
100,C,25,35,401.0,0.041,11571
100,C,25,36,453.0,0.041,11571
100,C,25,37,446.0,0.041,11571
100,C,25,38,452.0,0.041,11571
100,C,25,39,489.0,0.041,11571
100,C,25,40,513.0,0.041,11571
100,C,25,41,529.0,0.041,11571
100,C,25,42,559.0,0.041,11571
100,C,25,43,572.0,0.041,11571
100,C,25,44,580.0,0.041,11571
100,C,25,45,615.0,0.041,11571
100,C,25,46,626.0,0.041,11571
100,C,25,47,649.0,0.041,11571
100,C,25,48,687.0,0.041,11571
101,C,30,0,118.0,0.135,37940
101,C,30,1,660.0,0.135,37940
101,C,30,2,144.0,0.135,37940
101,C,30,3,167.0,0.135,37940
101,C,30,4,190.0,0.135,37940
101,C,30,5,220.0,0.135,37940
101,C,30,6,244.0,0.135,37940
101,C,30,7,272.0,0.135,37940
101,C,30,8,309.0,0.135,37940
101,C,30,9,343.0,0.135,37940
101,C,30,10,401.0,0.135,37940
101,C,30,11,449.0,0.135,37940
101,C,30,12,528.0,0.135,37940
101,C,30,13,568.0,0.135,37940
101,C,30,14,624.0,0.135,37940
101,C,30,15,760.0,0.135,37940
101,C,30,16,846.0,0.135,37940
101,C,30,17,973.0,0.135,37940
101,C,30,18,1126.0,0.135,37940
101,C,30,19,1295.0,0.135,37940
101,C,30,20,,0.135,37940
101,C,30,21,1640.0,0.135,37940
101,C,30,22,1828.0,0.135,37940
101,C,30,23,2078.0,0.135,37940
101,C,30,24,2326.0,0.135,37940
101,C,30,25,2658.0,0.135,37940
101,C,30,26,2851.0,0.135,37940
101,C,30,27,3267.0,0.135,37940
101,C,30,28,3632.0,0.135,37940
101,C,30,29,4100.0,0.135,37940
101,C,30,30,4534.0,0.135,37940
101,C,30,31,5276.0,0.135,37940
101,C,30,32,5989.0,0.135,37940
101,C,30,33,5933.0,0.135,37940
101,C,30,34,7539.0,0.135,37940
101,C,30,35,7908.0,0.135,37940
101,C,30,36,8671.0,0.135,37940
101,C,30,37,9757.0,0.135,37940
101,C,30,38,10733.0,0.135,37940
101,C,30,39,11067.0,0.135,37940
101,C,30,40,12700.0,0.135,37940
101,C,30,41,13912.0,0.135,37940
101,C,30,42,15165.0,0.135,37940
101,C,30,43,16451.0,0.135,37940
101,C,30,44,18202.0,0.135,37940
101,C,30,45,18312.0,0.135,37940
101,C,30,46,19555.0,0.135,37940
101,C,30,47,22057.0,0.135,37940
101,C,30,48,22704.0,0.135,37940
102,C,30,0,116.0,0.135,37940
102,C,30,1,124.0,0.135,37940
102,C,30,2,146.0,0.135,37940
102,C,30,3,170.0,0.135,37940
102,C,30,4,184.0,0.135,37940
102,C,30,5,208.0,0.135,37940
102,C,30,6,248.0,0.135,37940
102,C,30,7,265.0,0.135,37940
102,C,30,8,311.0,0.135,37940
102,C,30,9,362.0,0.135,37940
102,C,30,10,409.0,0.135,37940
102,C,30,11,470.0,0.135,37940
102,C,30,12,514.0,0.135,37940
102,C,30,13,600.0,0.135,37940
102,C,30,14,674.0,0.135,37940
102,C,30,15,779.0,0.135,37940
102,C,30,16,885.0,0.135,37940
102,C,30,17,961.0,0.135,37940
102,C,30,18,1157.0,0.135,37940
102,C,30,19,1256.0,0.135,37940
102,C,30,20,1383.0,0.135,37940
102,C,30,21,1593.0,0.135,37940
102,C,30,22,1722.0,0.135,37940
102,C,30,23,2033.0,0.135,37940
102,C,30,24,2426.0,0.135,37940
102,C,30,25,2477.0,0.135,37940
102,C,30,26,3112.0,0.135,37940
102,C,30,27,3253.0,0.135,37940
102,C,30,28,3660.0,0.135,37940
102,C,30,29,4031.0,0.135,37940
102,C,30,30,4582.0,0.135,37940
102,C,30,31,5185.0,0.135,37940
102,C,30,32,5746.0,0.135,37940
102,C,30,33,6253.0,0.135,37940
102,C,30,34,7245.0,0.135,37940
102,C,30,35,7992.0,0.135,37940
102,C,30,36,8580.0,0.135,37940
102,C,30,37,9800.0,0.135,37940
102,C,30,38,10325.0,0.135,37940
102,C,30,39,11707.0,0.135,37940
102,C,30,40,12541.0,0.135,37940
102,C,30,41,13953.0,0.135,37940
102,C,30,42,15736.0,0.135,37940
102,C,30,43,15937.0,0.135,37940
102,C,30,44,16704.0,0.135,37940
102,C,30,45,17693.0,0.135,37940
102,C,30,46,20712.0,0.135,37940
102,C,30,47,21894.0,0.135,37940
102,C,30,48,22873.0,0.135,37940
103,C,30,0,115.0,0.135,37940
103,C,30,1,132.0,0.135,37940
103,C,30,2,146.0,0.135,37940
103,C,30,3,167.0,0.135,37940
103,C,30,4,184.0,0.135,37940
103,C,30,5,220.0,0.135,37940
103,C,30,6,230.0,0.135,37940
103,C,30,7,277.0,0.135,37940
103,C,30,8,311.0,0.135,37940
103,C,30,9,364.0,0.135,37940
103,C,30,10,,0.135,37940
103,C,30,11,466.0,0.135,37940
103,C,30,12,563.0,0.135,37940
103,C,30,13,609.0,0.135,37940
103,C,30,14,696.0,0.135,37940
103,C,30,15,,0.135,37940
103,C,30,16,836.0,0.135,37940
103,C,30,17,1035.0,0.135,37940
103,C,30,18,1083.0,0.135,37940
103,C,30,19,1278.0,0.135,37940
103,C,30,20,,0.135,37940
103,C,30,21,1605.0,0.135,37940
103,C,30,22,1748.0,0.135,37940
103,C,30,23,2086.0,0.135,37940
103,C,30,24,2406.0,0.135,37940
103,C,30,25,2423.0,0.135,37940
103,C,30,26,3021.0,0.135,37940
103,C,30,27,3207.0,0.135,37940
103,C,30,28,3668.0,0.135,37940
103,C,30,29,3943.0,0.135,37940
103,C,30,30,4690.0,0.135,37940
103,C,30,31,4897.0,0.135,37940
103,C,30,32,5576.0,0.135,37940
103,C,30,33,6413.0,0.135,37940
103,C,30,34,,0.135,37940
103,C,30,35,7820.0,0.135,37940
103,C,30,36,8784.0,0.135,37940
103,C,30,37,8846.0,0.135,37940
103,C,30,38,10831.0,0.135,37940
103,C,30,39,12371.0,0.135,37940
103,C,30,40,12067.0,0.135,37940
103,C,30,41,14277.0,0.135,37940
103,C,30,42,15037.0,0.135,37940
103,C,30,43,16551.0,0.135,37940
103,C,30,44,17012.0,0.135,37940
103,C,30,45,18273.0,0.135,37940
103,C,30,46,21179.0,0.135,37940
103,C,30,47,21769.0,0.135,37940
103,C,30,48,22315.0,0.135,37940
104,C,30,0,112.0,0.135,37940
104,C,30,1,128.0,0.135,37940
104,C,30,2,144.0,0.135,37940
104,C,30,3,164.0,0.135,37940
104,C,30,4,176.0,0.135,37940
104,C,30,5,224.0,0.135,37940
104,C,30,6,255.0,0.135,37940
104,C,30,7,278.0,0.135,37940
104,C,30,8,318.0,0.135,37940
104,C,30,9,337.0,0.135,37940
104,C,30,10,412.0,0.135,37940
104,C,30,11,442.0,0.135,37940
104,C,30,12,559.0,0.135,37940
104,C,30,13,596.0,0.135,37940
104,C,30,14,628.0,0.135,37940
104,C,30,15,755.0,0.135,37940
104,C,30,16,841.0,0.135,37940
104,C,30,17,952.0,0.135,37940
104,C,30,18,1097.0,0.135,37940
104,C,30,19,1158.0,0.135,37940
104,C,30,20,1377.0,0.135,37940
104,C,30,21,1614.0,0.135,37940
104,C,30,22,1875.0,0.135,37940
104,C,30,23,1868.0,0.135,37940
104,C,30,24,2160.0,0.135,37940
104,C,30,25,2582.0,0.135,37940
104,C,30,26,2832.0,0.135,37940
104,C,30,27,3550.0,0.135,37940
104,C,30,28,3716.0,0.135,37940
104,C,30,29,4042.0,0.135,37940
104,C,30,30,4409.0,0.135,37940
104,C,30,31,5162.0,0.135,37940
104,C,30,32,5690.0,0.135,37940
104,C,30,33,6482.0,0.135,37940
104,C,30,34,6869.0,0.135,37940
104,C,30,35,7579.0,0.135,37940
104,C,30,36,8671.0,0.135,37940
104,C,30,37,9196.0,0.135,37940
104,C,30,38,10616.0,0.135,37940
104,C,30,39,12044.0,0.135,37940
104,C,30,40,12165.0,0.135,37940
104,C,30,41,,0.135,37940
104,C,30,42,14516.0,0.135,37940
104,C,30,43,16963.0,0.135,37940
104,C,30,44,18562.0,0.135,37940
104,C,30,45,18908.0,0.135,37940
104,C,30,46,,0.135,37940
104,C,30,47,22264.0,0.135,37940
104,C,30,48,,0.135,37940
105,C,30,0,118.0,0.135,37940
105,C,30,1,125.0,0.135,37940
105,C,30,2,151.0,0.135,37940
105,C,30,3,166.0,0.135,37940
105,C,30,4,188.0,0.135,37940
105,C,30,5,216.0,0.135,37940
105,C,30,6,253.0,0.135,37940
105,C,30,7,272.0,0.135,37940
105,C,30,8,323.0,0.135,37940
105,C,30,9,358.0,0.135,37940
105,C,30,10,,0.135,37940
105,C,30,11,467.0,0.135,37940
105,C,30,12,531.0,0.135,37940
105,C,30,13,590.0,0.135,37940
105,C,30,14,708.0,0.135,37940
105,C,30,15,753.0,0.135,37940
105,C,30,16,854.0,0.135,37940
105,C,30,17,953.0,0.135,37940
105,C,30,18,1164.0,0.135,37940
105,C,30,19,1253.0,0.135,37940
105,C,30,20,1441.0,0.135,37940
105,C,30,21,,0.135,37940
105,C,30,22,1813.0,0.135,37940
105,C,30,23,2058.0,0.135,37940
105,C,30,24,2292.0,0.135,37940
105,C,30,25,,0.135,37940
105,C,30,26,2813.0,0.135,37940
105,C,30,27,3195.0,0.135,37940
105,C,30,28,3778.0,0.135,37940
105,C,30,29,4158.0,0.135,37940
105,C,30,30,4526.0,0.135,37940
105,C,30,31,5118.0,0.135,37940
105,C,30,32,5488.0,0.135,37940
105,C,30,33,6522.0,0.135,37940
105,C,30,34,7134.0,0.135,37940
105,C,30,35,7456.0,0.135,37940
105,C,30,36,8907.0,0.135,37940
105,C,30,37,9739.0,0.135,37940
105,C,30,38,10836.0,0.135,37940
105,C,30,39,56250.0,0.135,37940
105,C,30,40,12986.0,0.135,37940
105,C,30,41,13963.0,0.135,37940
105,C,30,42,15322.0,0.135,37940
105,C,30,43,16322.0,0.135,37940
105,C,30,44,17878.0,0.135,37940
105,C,30,45,18814.0,0.135,37940
105,C,30,46,20505.0,0.135,37940
105,C,30,47,21734.0,0.135,37940
105,C,30,48,22085.0,0.135,37940
106,C,30,0,115.0,0.135,37940
106,C,30,1,134.0,0.135,37940
106,C,30,2,156.0,0.135,37940
106,C,30,3,159.0,0.135,37940
106,C,30,4,191.0,0.135,37940
106,C,30,5,222.0,0.135,37940
106,C,30,6,242.0,0.135,37940
106,C,30,7,274.0,0.135,37940
106,C,30,8,295.0,0.135,37940
106,C,30,9,346.0,0.135,37940
106,C,30,10,394.0,0.135,37940
106,C,30,11,455.0,0.135,37940
106,C,30,12,522.0,0.135,37940
106,C,30,13,607.0,0.135,37940
106,C,30,14,,0.135,37940
106,C,30,15,727.0,0.135,37940
106,C,30,16,851.0,0.135,37940
106,C,30,17,966.0,0.135,37940
106,C,30,18,1113.0,0.135,37940
106,C,30,19,1240.0,0.135,37940
106,C,30,20,1427.0,0.135,37940
106,C,30,21,1551.0,0.135,37940
106,C,30,22,1855.0,0.135,37940
106,C,30,23,1998.0,0.135,37940
106,C,30,24,2280.0,0.135,37940
106,C,30,25,2490.0,0.135,37940
106,C,30,26,2932.0,0.135,37940
106,C,30,27,3145.0,0.135,37940
106,C,30,28,3771.0,0.135,37940
106,C,30,29,4108.0,0.135,37940
106,C,30,30,4614.0,0.135,37940
106,C,30,31,4962.0,0.135,37940
106,C,30,32,6163.0,0.135,37940
106,C,30,33,6355.0,0.135,37940
106,C,30,34,7105.0,0.135,37940
106,C,30,35,8059.0,0.135,37940
106,C,30,36,8925.0,0.135,37940
106,C,30,37,9510.0,0.135,37940
106,C,30,38,10763.0,0.135,37940
106,C,30,39,11630.0,0.135,37940
106,C,30,40,12993.0,0.135,37940
106,C,30,41,14450.0,0.135,37940
106,C,30,42,15064.0,0.135,37940
106,C,30,43,15957.0,0.135,37940
106,C,30,44,17740.0,0.135,37940
106,C,30,45,18706.0,0.135,37940
106,C,30,46,19915.0,0.135,37940
106,C,30,47,22324.0,0.135,37940
106,C,30,48,23538.0,0.135,37940
107,C,30,0,119.0,0.135,37940
107,C,30,1,131.0,0.135,37940
107,C,30,2,143.0,0.135,37940
107,C,30,3,163.0,0.135,37940
107,C,30,4,203.0,0.135,37940
107,C,30,5,222.0,0.135,37940
107,C,30,6,239.0,0.135,37940
107,C,30,7,266.0,0.135,37940
107,C,30,8,305.0,0.135,37940
107,C,30,9,358.0,0.135,37940
107,C,30,10,423.0,0.135,37940
107,C,30,11,493.0,0.135,37940
107,C,30,12,518.0,0.135,37940
107,C,30,13,563.0,0.135,37940
107,C,30,14,661.0,0.135,37940
107,C,30,15,723.0,0.135,37940
107,C,30,16,872.0,0.135,37940
107,C,30,17,1001.0,0.135,37940
107,C,30,18,1123.0,0.135,37940
107,C,30,19,1238.0,0.135,37940
107,C,30,20,1384.0,0.135,37940
107,C,30,21,1566.0,0.135,37940
107,C,30,22,1808.0,0.135,37940
107,C,30,23,1990.0,0.135,37940
107,C,30,24,2224.0,0.135,37940
107,C,30,25,2606.0,0.135,37940
107,C,30,26,,0.135,37940
107,C,30,27,3237.0,0.135,37940
107,C,30,28,3533.0,0.135,37940
107,C,30,29,4402.0,0.135,37940
107,C,30,30,4661.0,0.135,37940
107,C,30,31,5093.0,0.135,37940
107,C,30,32,5709.0,0.135,37940
107,C,30,33,6430.0,0.135,37940
107,C,30,34,7051.0,0.135,37940
107,C,30,35,7821.0,0.135,37940
107,C,30,36,8782.0,0.135,37940
107,C,30,37,9333.0,0.135,37940
107,C,30,38,10623.0,0.135,37940
107,C,30,39,11864.0,0.135,37940
107,C,30,40,12615.0,0.135,37940
107,C,30,41,13900.0,0.135,37940
107,C,30,42,15684.0,0.135,37940
107,C,30,43,17178.0,0.135,37940
107,C,30,44,16500.0,0.135,37940
107,C,30,45,19473.0,0.135,37940
107,C,30,46,19694.0,0.135,37940
107,C,30,47,21228.0,0.135,37940
107,C,30,48,21719.0,0.135,37940
108,C,30,0,108.0,0.135,37940
108,C,30,1,131.0,0.135,37940
108,C,30,2,142.0,0.135,37940
108,C,30,3,168.0,0.135,37940
108,C,30,4,185.0,0.135,37940
108,C,30,5,208.0,0.135,37940
108,C,30,6,250.0,0.135,37940
108,C,30,7,278.0,0.135,37940
108,C,30,8,316.0,0.135,37940
108,C,30,9,360.0,0.135,37940
108,C,30,10,408.0,0.135,37940
108,C,30,11,447.0,0.135,37940
108,C,30,12,496.0,0.135,37940
108,C,30,13,590.0,0.135,37940
108,C,30,14,651.0,0.135,37940
108,C,30,15,727.0,0.135,37940
108,C,30,16,880.0,0.135,37940
108,C,30,17,996.0,0.135,37940
108,C,30,18,1082.0,0.135,37940
108,C,30,19,1239.0,0.135,37940
108,C,30,20,1398.0,0.135,37940
108,C,30,21,1552.0,0.135,37940
108,C,30,22,1746.0,0.135,37940
108,C,30,23,2241.0,0.135,37940
108,C,30,24,2259.0,0.135,37940
108,C,30,25,2636.0,0.135,37940
108,C,30,26,2899.0,0.135,37940
108,C,30,27,3282.0,0.135,37940
108,C,30,28,3700.0,0.135,37940
108,C,30,29,4159.0,0.135,37940
108,C,30,30,4660.0,0.135,37940
108,C,30,31,5336.0,0.135,37940
108,C,30,32,5699.0,0.135,37940
108,C,30,33,,0.135,37940
108,C,30,34,7004.0,0.135,37940
108,C,30,35,7760.0,0.135,37940
108,C,30,36,8846.0,0.135,37940
108,C,30,37,9844.0,0.135,37940
108,C,30,38,10240.0,0.135,37940
108,C,30,39,11550.0,0.135,37940
108,C,30,40,12645.0,0.135,37940
108,C,30,41,14010.0,0.135,37940
108,C,30,42,16411.0,0.135,37940
108,C,30,43,15524.0,0.135,37940
108,C,30,44,16842.0,0.135,37940
108,C,30,45,18096.0,0.135,37940
108,C,30,46,21204.0,0.135,37940
108,C,30,47,21238.0,0.135,37940
108,C,30,48,22490.0,0.135,37940
109,C,30,0,116.0,0.135,37940
109,C,30,1,133.0,0.135,37940
109,C,30,2,142.0,0.135,37940
109,C,30,3,169.0,0.135,37940
109,C,30,4,193.0,0.135,37940
109,C,30,5,208.0,0.135,37940
109,C,30,6,252.0,0.135,37940
109,C,30,7,265.0,0.135,37940
109,C,30,8,311.0,0.135,37940
109,C,30,9,357.0,0.135,37940
109,C,30,10,399.0,0.135,37940
109,C,30,11,440.0,0.135,37940
109,C,30,12,532.0,0.135,37940
109,C,30,13,578.0,0.135,37940
109,C,30,14,653.0,0.135,37940
109,C,30,15,,0.135,37940
109,C,30,16,842.0,0.135,37940
109,C,30,17,,0.135,37940
109,C,30,18,1093.0,0.135,37940
109,C,30,19,1231.0,0.135,37940
109,C,30,20,1399.0,0.135,37940
109,C,30,21,1581.0,0.135,37940
109,C,30,22,1729.0,0.135,37940
109,C,30,23,1991.0,0.135,37940
109,C,30,24,2295.0,0.135,37940
109,C,30,25,2632.0,0.135,37940
109,C,30,26,3007.0,0.135,37940
109,C,30,27,3345.0,0.135,37940
109,C,30,28,3605.0,0.135,37940
109,C,30,29,3881.0,0.135,37940
109,C,30,30,4630.0,0.135,37940
109,C,30,31,5240.0,0.135,37940
109,C,30,32,5799.0,0.135,37940
109,C,30,33,6027.0,0.135,37940
109,C,30,34,7102.0,0.135,37940
109,C,30,35,7429.0,0.135,37940
109,C,30,36,8784.0,0.135,37940
109,C,30,37,9570.0,0.135,37940
109,C,30,38,10201.0,0.135,37940
109,C,30,39,11899.0,0.135,37940
109,C,30,40,13208.0,0.135,37940
109,C,30,41,14132.0,0.135,37940
109,C,30,42,15996.0,0.135,37940
109,C,30,43,15818.0,0.135,37940
109,C,30,44,18132.0,0.135,37940
109,C,30,45,19377.0,0.135,37940
109,C,30,46,20163.0,0.135,37940
109,C,30,47,20293.0,0.135,37940
109,C,30,48,22624.0,0.135,37940
110,C,30,0,112.0,0.135,37940
110,C,30,1,124.0,0.135,37940
110,C,30,2,144.0,0.135,37940
110,C,30,3,170.0,0.135,37940
110,C,30,4,192.0,0.135,37940
110,C,30,5,202.0,0.135,37940
110,C,30,6,245.0,0.135,37940
110,C,30,7,270.0,0.135,37940
110,C,30,8,299.0,0.135,37940
110,C,30,9,368.0,0.135,37940
110,C,30,10,409.0,0.135,37940
110,C,30,11,437.0,0.135,37940
110,C,30,12,525.0,0.135,37940
110,C,30,13,591.0,0.135,37940
110,C,30,14,673.0,0.135,37940
110,C,30,15,761.0,0.135,37940
110,C,30,16,823.0,0.135,37940
110,C,30,17,930.0,0.135,37940
110,C,30,18,1076.0,0.135,37940
110,C,30,19,1159.0,0.135,37940
110,C,30,20,1370.0,0.135,37940
110,C,30,21,1583.0,0.135,37940
110,C,30,22,1764.0,0.135,37940
110,C,30,23,2097.0,0.135,37940
110,C,30,24,2196.0,0.135,37940
110,C,30,25,2654.0,0.135,37940
110,C,30,26,2943.0,0.135,37940
110,C,30,27,3297.0,0.135,37940
110,C,30,28,3907.0,0.135,37940
110,C,30,29,4272.0,0.135,37940
110,C,30,30,4952.0,0.135,37940
110,C,30,31,5161.0,0.135,37940
110,C,30,32,5623.0,0.135,37940
110,C,30,33,6182.0,0.135,37940
110,C,30,34,7247.0,0.135,37940
110,C,30,35,7934.0,0.135,37940
110,C,30,36,8874.0,0.135,37940
110,C,30,37,9224.0,0.135,37940
110,C,30,38,10333.0,0.135,37940
110,C,30,39,10840.0,0.135,37940
110,C,30,40,13348.0,0.135,37940
110,C,30,41,14419.0,0.135,37940
110,C,30,42,14775.0,0.135,37940
110,C,30,43,15852.0,0.135,37940
110,C,30,44,17487.0,0.135,37940
110,C,30,45,18410.0,0.135,37940
110,C,30,46,20000.0,0.135,37940
110,C,30,47,21906.0,0.135,37940
110,C,30,48,23251.0,0.135,37940
111,C,37,0,131.0,0.25,70000
111,C,37,1,147.0,0.25,70000
111,C,37,2,195.0,0.25,70000
111,C,37,3,239.0,0.25,70000
111,C,37,4,289.0,0.25,70000
111,C,37,5,360.0,0.25,70000
111,C,37,6,510.0,0.25,70000
111,C,37,7,574.0,0.25,70000
111,C,37,8,735.0,0.25,70000
111,C,37,9,931.0,0.25,70000
111,C,37,10,1177.0,0.25,70000
111,C,37,11,1431.0,0.25,70000
111,C,37,12,1914.0,0.25,70000
111,C,37,13,2152.0,0.25,70000
111,C,37,14,2656.0,0.25,70000
111,C,37,15,,0.25,70000
111,C,37,16,4042.0,0.25,70000
111,C,37,17,5161.0,0.25,70000
111,C,37,18,6473.0,0.25,70000
111,C,37,19,7710.0,0.25,70000
111,C,37,20,9573.0,0.25,70000
111,C,37,21,12125.0,0.25,70000
111,C,37,22,14766.0,0.25,70000
111,C,37,23,17403.0,0.25,70000
111,C,37,24,20261.0,0.25,70000
111,C,37,25,23133.0,0.25,70000
111,C,37,26,27125.0,0.25,70000
111,C,37,27,31126.0,0.25,70000
111,C,37,28,35110.0,0.25,70000
111,C,37,29,39897.0,0.25,70000
111,C,37,30,45368.0,0.25,70000
111,C,37,31,47814.0,0.25,70000
111,C,37,32,51709.0,0.25,70000
111,C,37,33,58666.0,0.25,70000
111,C,37,34,59202.0,0.25,70000
111,C,37,35,63255.0,0.25,70000
111,C,37,36,62925.0,0.25,70000
111,C,37,37,62530.0,0.25,70000
111,C,37,38,65587.0,0.25,70000
111,C,37,39,65393.0,0.25,70000
111,C,37,40,67036.0,0.25,70000
111,C,37,41,67044.0,0.25,70000
111,C,37,42,67620.0,0.25,70000
111,C,37,43,69126.0,0.25,70000
111,C,37,44,67288.0,0.25,70000
111,C,37,45,73188.0,0.25,70000
111,C,37,46,69069.0,0.25,70000
111,C,37,47,70450.0,0.25,70000
111,C,37,48,70330.0,0.25,70000
112,C,37,0,123.0,0.25,70000
112,C,37,1,152.0,0.25,70000
112,C,37,2,198.0,0.25,70000
112,C,37,3,248.0,0.25,70000
112,C,37,4,316.0,0.25,70000
112,C,37,5,391.0,0.25,70000
112,C,37,6,,0.25,70000
112,C,37,7,627.0,0.25,70000
112,C,37,8,720.0,0.25,70000
112,C,37,9,955.0,0.25,70000
112,C,37,10,1177.0,0.25,70000
112,C,37,11,1476.0,0.25,70000
112,C,37,12,,0.25,70000
112,C,37,13,2136.0,0.25,70000
112,C,37,14,2599.0,0.25,70000
112,C,37,15,3239.0,0.25,70000
112,C,37,16,4190.0,0.25,70000
112,C,37,17,5403.0,0.25,70000
112,C,37,18,6655.0,0.25,70000
112,C,37,19,8290.0,0.25,70000
112,C,37,20,9717.0,0.25,70000
112,C,37,21,11882.0,0.25,70000
112,C,37,22,13476.0,0.25,70000
112,C,37,23,16765.0,0.25,70000
112,C,37,24,20632.0,0.25,70000
112,C,37,25,22865.0,0.25,70000
112,C,37,26,28232.0,0.25,70000
112,C,37,27,32552.0,0.25,70000
112,C,37,28,36612.0,0.25,70000
112,C,37,29,43381.0,0.25,70000
112,C,37,30,43692.0,0.25,70000
112,C,37,31,50460.0,0.25,70000
112,C,37,32,53672.0,0.25,70000
112,C,37,33,56864.0,0.25,70000
112,C,37,34,61712.0,0.25,70000
112,C,37,35,,0.25,70000
112,C,37,36,61907.0,0.25,70000
112,C,37,37,63176.0,0.25,70000
112,C,37,38,66726.0,0.25,70000
112,C,37,39,66332.0,0.25,70000
112,C,37,40,66715.0,0.25,70000
112,C,37,41,65729.0,0.25,70000
112,C,37,42,68642.0,0.25,70000
112,C,37,43,71575.0,0.25,70000
112,C,37,44,70302.0,0.25,70000
112,C,37,45,65458.0,0.25,70000
112,C,37,46,72764.0,0.25,70000
112,C,37,47,71143.0,0.25,70000
112,C,37,48,70081.0,0.25,70000
113,C,37,0,126.0,0.25,70000
113,C,37,1,153.0,0.25,70000
113,C,37,2,197.0,0.25,70000
113,C,37,3,248.0,0.25,70000
113,C,37,4,316.0,0.25,70000
113,C,37,5,379.0,0.25,70000
113,C,37,6,465.0,0.25,70000
113,C,37,7,605.0,0.25,70000
113,C,37,8,741.0,0.25,70000
113,C,37,9,938.0,0.25,70000
113,C,37,10,1159.0,0.25,70000
113,C,37,11,1447.0,0.25,70000
113,C,37,12,1743.0,0.25,70000
113,C,37,13,2328.0,0.25,70000
113,C,37,14,2799.0,0.25,70000
113,C,37,15,3240.0,0.25,70000
113,C,37,16,22400.0,0.25,70000
113,C,37,17,5222.0,0.25,70000
113,C,37,18,6340.0,0.25,70000
113,C,37,19,7643.0,0.25,70000
113,C,37,20,9737.0,0.25,70000
113,C,37,21,12072.0,0.25,70000
113,C,37,22,14263.0,0.25,70000
113,C,37,23,16782.0,0.25,70000
113,C,37,24,20745.0,0.25,70000
113,C,37,25,24043.0,0.25,70000
113,C,37,26,28075.0,0.25,70000
113,C,37,27,32323.0,0.25,70000
113,C,37,28,37677.0,0.25,70000
113,C,37,29,39947.0,0.25,70000
113,C,37,30,43314.0,0.25,70000
113,C,37,31,47312.0,0.25,70000
113,C,37,32,54575.0,0.25,70000
113,C,37,33,53842.0,0.25,70000
113,C,37,34,58109.0,0.25,70000
113,C,37,35,63218.0,0.25,70000
113,C,37,36,60282.0,0.25,70000
113,C,37,37,61933.0,0.25,70000
113,C,37,38,62814.0,0.25,70000
113,C,37,39,66823.0,0.25,70000
113,C,37,40,66418.0,0.25,70000
113,C,37,41,68123.0,0.25,70000
113,C,37,42,72045.0,0.25,70000
113,C,37,43,69990.0,0.25,70000
113,C,37,44,67834.0,0.25,70000
113,C,37,45,69078.0,0.25,70000
113,C,37,46,68826.0,0.25,70000
113,C,37,47,67555.0,0.25,70000
113,C,37,48,69591.0,0.25,70000
114,C,37,0,,0.25,70000
114,C,37,1,155.0,0.25,70000
114,C,37,2,196.0,0.25,70000
114,C,37,3,,0.25,70000
114,C,37,4,304.0,0.25,70000
114,C,37,5,389.0,0.25,70000
114,C,37,6,457.0,0.25,70000
114,C,37,7,589.0,0.25,70000
114,C,37,8,733.0,0.25,70000
114,C,37,9,911.0,0.25,70000
114,C,37,10,1147.0,0.25,70000
114,C,37,11,1406.0,0.25,70000
114,C,37,12,1835.0,0.25,70000
114,C,37,13,2297.0,0.25,70000
114,C,37,14,2574.0,0.25,70000
114,C,37,15,3486.0,0.25,70000
114,C,37,16,4477.0,0.25,70000
114,C,37,17,5142.0,0.25,70000
114,C,37,18,6760.0,0.25,70000
114,C,37,19,8104.0,0.25,70000
114,C,37,20,9884.0,0.25,70000
114,C,37,21,11336.0,0.25,70000
114,C,37,22,14323.0,0.25,70000
114,C,37,23,17847.0,0.25,70000
114,C,37,24,20426.0,0.25,70000
114,C,37,25,23178.0,0.25,70000
114,C,37,26,26683.0,0.25,70000
114,C,37,27,31486.0,0.25,70000
114,C,37,28,36359.0,0.25,70000
114,C,37,29,42643.0,0.25,70000
114,C,37,30,43088.0,0.25,70000
114,C,37,31,49869.0,0.25,70000
114,C,37,32,49103.0,0.25,70000
114,C,37,33,59646.0,0.25,70000
114,C,37,34,58887.0,0.25,70000
114,C,37,35,62735.0,0.25,70000
114,C,37,36,66432.0,0.25,70000
114,C,37,37,64764.0,0.25,70000
114,C,37,38,62227.0,0.25,70000
114,C,37,39,67276.0,0.25,70000
114,C,37,40,67943.0,0.25,70000
114,C,37,41,69666.0,0.25,70000
114,C,37,42,69207.0,0.25,70000
114,C,37,43,70170.0,0.25,70000
114,C,37,44,66169.0,0.25,70000
114,C,37,45,69557.0,0.25,70000
114,C,37,46,69825.0,0.25,70000
114,C,37,47,71167.0,0.25,70000
114,C,37,48,67984.0,0.25,70000
115,C,37,0,125.0,0.25,70000
115,C,37,1,161.0,0.25,70000
115,C,37,2,198.0,0.25,70000
115,C,37,3,248.0,0.25,70000
115,C,37,4,337.0,0.25,70000
115,C,37,5,373.0,0.25,70000
115,C,37,6,475.0,0.25,70000
115,C,37,7,626.0,0.25,70000
115,C,37,8,707.0,0.25,70000
115,C,37,9,935.0,0.25,70000
115,C,37,10,1143.0,0.25,70000
115,C,37,11,1425.0,0.25,70000
115,C,37,12,1821.0,0.25,70000
115,C,37,13,,0.25,70000
115,C,37,14,2767.0,0.25,70000
115,C,37,15,3370.0,0.25,70000
115,C,37,16,4176.0,0.25,70000
115,C,37,17,5079.0,0.25,70000
115,C,37,18,6522.0,0.25,70000
115,C,37,19,8139.0,0.25,70000
115,C,37,20,8980.0,0.25,70000
115,C,37,21,12462.0,0.25,70000
115,C,37,22,13520.0,0.25,70000
115,C,37,23,17520.0,0.25,70000
115,C,37,24,20526.0,0.25,70000
115,C,37,25,24662.0,0.25,70000
115,C,37,26,27919.0,0.25,70000
115,C,37,27,34151.0,0.25,70000
115,C,37,28,36067.0,0.25,70000
115,C,37,29,41082.0,0.25,70000
115,C,37,30,43334.0,0.25,70000
115,C,37,31,49018.0,0.25,70000
115,C,37,32,51271.0,0.25,70000
115,C,37,33,58203.0,0.25,70000
115,C,37,34,55991.0,0.25,70000
115,C,37,35,63110.0,0.25,70000
115,C,37,36,61816.0,0.25,70000
115,C,37,37,64814.0,0.25,70000
115,C,37,38,67014.0,0.25,70000
115,C,37,39,67384.0,0.25,70000
115,C,37,40,67336.0,0.25,70000
115,C,37,41,70080.0,0.25,70000
115,C,37,42,66776.0,0.25,70000
115,C,37,43,69681.0,0.25,70000
115,C,37,44,68747.0,0.25,70000
115,C,37,45,67531.0,0.25,70000
115,C,37,46,68886.0,0.25,70000
115,C,37,47,68034.0,0.25,70000
115,C,37,48,69242.0,0.25,70000
116,C,37,0,124.0,0.25,70000
116,C,37,1,158.0,0.25,70000
116,C,37,2,199.0,0.25,70000
116,C,37,3,246.0,0.25,70000
116,C,37,4,301.0,0.25,70000
116,C,37,5,381.0,0.25,70000
116,C,37,6,478.0,0.25,70000
116,C,37,7,613.0,0.25,70000
116,C,37,8,757.0,0.25,70000
116,C,37,9,890.0,0.25,70000
116,C,37,10,1188.0,0.25,70000
116,C,37,11,1382.0,0.25,70000
116,C,37,12,1793.0,0.25,70000
116,C,37,13,2186.0,0.25,70000
116,C,37,14,2739.0,0.25,70000
116,C,37,15,3297.0,0.25,70000
116,C,37,16,4130.0,0.25,70000
116,C,37,17,5098.0,0.25,70000
116,C,37,18,6691.0,0.25,70000
116,C,37,19,7832.0,0.25,70000
116,C,37,20,,0.25,70000
116,C,37,21,11239.0,0.25,70000
116,C,37,22,13981.0,0.25,70000
116,C,37,23,17251.0,0.25,70000
116,C,37,24,20493.0,0.25,70000
116,C,37,25,24030.0,0.25,70000
116,C,37,26,28765.0,0.25,70000
116,C,37,27,,0.25,70000
116,C,37,28,34727.0,0.25,70000
116,C,37,29,39589.0,0.25,70000
116,C,37,30,45617.0,0.25,70000
116,C,37,31,49443.0,0.25,70000
116,C,37,32,51126.0,0.25,70000
116,C,37,33,56635.0,0.25,70000
116,C,37,34,58100.0,0.25,70000
116,C,37,35,63338.0,0.25,70000
116,C,37,36,67237.0,0.25,70000
116,C,37,37,65534.0,0.25,70000
116,C,37,38,66922.0,0.25,70000
116,C,37,39,68724.0,0.25,70000
116,C,37,40,68460.0,0.25,70000
116,C,37,41,66024.0,0.25,70000
116,C,37,42,66076.0,0.25,70000
116,C,37,43,66430.0,0.25,70000
116,C,37,44,68426.0,0.25,70000
116,C,37,45,69371.0,0.25,70000
116,C,37,46,67140.0,0.25,70000
116,C,37,47,71199.0,0.25,70000
116,C,37,48,72784.0,0.25,70000
117,C,37,0,121.0,0.25,70000
117,C,37,1,156.0,0.25,70000
117,C,37,2,202.0,0.25,70000
117,C,37,3,240.0,0.25,70000
117,C,37,4,310.0,0.25,70000
117,C,37,5,397.0,0.25,70000
117,C,37,6,477.0,0.25,70000
117,C,37,7,587.0,0.25,70000
117,C,37,8,704.0,0.25,70000
117,C,37,9,924.0,0.25,70000
117,C,37,10,1194.0,0.25,70000
117,C,37,11,1402.0,0.25,70000
117,C,37,12,1696.0,0.25,70000
117,C,37,13,2222.0,0.25,70000
117,C,37,14,2632.0,0.25,70000
117,C,37,15,,0.25,70000
117,C,37,16,4358.0,0.25,70000
117,C,37,17,5211.0,0.25,70000
117,C,37,18,6516.0,0.25,70000
117,C,37,19,8550.0,0.25,70000
117,C,37,20,9660.0,0.25,70000
117,C,37,21,11706.0,0.25,70000
117,C,37,22,14058.0,0.25,70000
117,C,37,23,17333.0,0.25,70000
117,C,37,24,19971.0,0.25,70000
117,C,37,25,22887.0,0.25,70000
117,C,37,26,25718.0,0.25,70000
117,C,37,27,31995.0,0.25,70000
117,C,37,28,34039.0,0.25,70000
117,C,37,29,40436.0,0.25,70000
117,C,37,30,44810.0,0.25,70000
117,C,37,31,48733.0,0.25,70000
117,C,37,32,,0.25,70000
117,C,37,33,54662.0,0.25,70000
117,C,37,34,56464.0,0.25,70000
117,C,37,35,58256.0,0.25,70000
117,C,37,36,61785.0,0.25,70000
117,C,37,37,65007.0,0.25,70000
117,C,37,38,63977.0,0.25,70000
117,C,37,39,70347.0,0.25,70000
117,C,37,40,68186.0,0.25,70000
117,C,37,41,69934.0,0.25,70000
117,C,37,42,70455.0,0.25,70000
117,C,37,43,69142.0,0.25,70000
117,C,37,44,70070.0,0.25,70000
117,C,37,45,71400.0,0.25,70000
117,C,37,46,68464.0,0.25,70000
117,C,37,47,68668.0,0.25,70000
117,C,37,48,67222.0,0.25,70000
118,C,37,0,128.0,0.25,70000
118,C,37,1,152.0,0.25,70000
118,C,37,2,192.0,0.25,70000
118,C,37,3,239.0,0.25,70000
118,C,37,4,313.0,0.25,70000
118,C,37,5,369.0,0.25,70000
118,C,37,6,468.0,0.25,70000
118,C,37,7,,0.25,70000
118,C,37,8,765.0,0.25,70000
118,C,37,9,882.0,0.25,70000
118,C,37,10,1193.0,0.25,70000
118,C,37,11,1451.0,0.25,70000
118,C,37,12,1845.0,0.25,70000
118,C,37,13,2173.0,0.25,70000
118,C,37,14,2817.0,0.25,70000
118,C,37,15,3576.0,0.25,70000
118,C,37,16,4331.0,0.25,70000
118,C,37,17,5275.0,0.25,70000
118,C,37,18,6649.0,0.25,70000
118,C,37,19,7885.0,0.25,70000
118,C,37,20,9755.0,0.25,70000
118,C,37,21,12062.0,0.25,70000
118,C,37,22,14504.0,0.25,70000
118,C,37,23,17620.0,0.25,70000
118,C,37,24,20022.0,0.25,70000
118,C,37,25,23517.0,0.25,70000
118,C,37,26,27470.0,0.25,70000
118,C,37,27,32514.0,0.25,70000
118,C,37,28,36791.0,0.25,70000
118,C,37,29,40538.0,0.25,70000
118,C,37,30,43812.0,0.25,70000
118,C,37,31,49768.0,0.25,70000
118,C,37,32,51249.0,0.25,70000
118,C,37,33,55799.0,0.25,70000
118,C,37,34,55168.0,0.25,70000
118,C,37,35,58998.0,0.25,70000
118,C,37,36,65117.0,0.25,70000
118,C,37,37,64434.0,0.25,70000
118,C,37,38,63582.0,0.25,70000
118,C,37,39,67194.0,0.25,70000
118,C,37,40,70975.0,0.25,70000
118,C,37,41,67430.0,0.25,70000
118,C,37,42,67927.0,0.25,70000
118,C,37,43,73379.0,0.25,70000
118,C,37,44,71186.0,0.25,70000
118,C,37,45,69796.0,0.25,70000
118,C,37,46,70688.0,0.25,70000
118,C,37,47,70253.0,0.25,70000
118,C,37,48,71262.0,0.25,70000
119,C,37,0,125.0,0.25,70000
119,C,37,1,153.0,0.25,70000
119,C,37,2,194.0,0.25,70000
119,C,37,3,252.0,0.25,70000
119,C,37,4,310.0,0.25,70000
119,C,37,5,375.0,0.25,70000
119,C,37,6,476.0,0.25,70000
119,C,37,7,599.0,0.25,70000
119,C,37,8,780.0,0.25,70000
119,C,37,9,952.0,0.25,70000
119,C,37,10,1153.0,0.25,70000
119,C,37,11,1425.0,0.25,70000
119,C,37,12,1755.0,0.25,70000
119,C,37,13,2240.0,0.25,70000
119,C,37,14,2859.0,0.25,70000
119,C,37,15,3283.0,0.25,70000
119,C,37,16,4249.0,0.25,70000
119,C,37,17,5189.0,0.25,70000
119,C,37,18,6699.0,0.25,70000
119,C,37,19,7984.0,0.25,70000
119,C,37,20,9517.0,0.25,70000
119,C,37,21,11486.0,0.25,70000
119,C,37,22,13685.0,0.25,70000
119,C,37,23,16697.0,0.25,70000
119,C,37,24,20971.0,0.25,70000
119,C,37,25,24690.0,0.25,70000
119,C,37,26,27791.0,0.25,70000
119,C,37,27,30539.0,0.25,70000
119,C,37,28,36413.0,0.25,70000
119,C,37,29,42181.0,0.25,70000
119,C,37,30,44541.0,0.25,70000
119,C,37,31,51062.0,0.25,70000
119,C,37,32,52910.0,0.25,70000
119,C,37,33,59620.0,0.25,70000
119,C,37,34,61397.0,0.25,70000
119,C,37,35,59625.0,0.25,70000
119,C,37,36,61953.0,0.25,70000
119,C,37,37,64569.0,0.25,70000
119,C,37,38,65890.0,0.25,70000
119,C,37,39,64729.0,0.25,70000
119,C,37,40,66693.0,0.25,70000
119,C,37,41,69172.0,0.25,70000
119,C,37,42,68333.0,0.25,70000
119,C,37,43,70958.0,0.25,70000
119,C,37,44,68641.0,0.25,70000
119,C,37,45,69805.0,0.25,70000
119,C,37,46,71507.0,0.25,70000
119,C,37,47,68853.0,0.25,70000
119,C,37,48,70823.0,0.25,70000
120,C,37,0,118.0,0.25,70000
120,C,37,1,159.0,0.25,70000
120,C,37,2,194.0,0.25,70000
120,C,37,3,243.0,0.25,70000
120,C,37,4,314.0,0.25,70000
120,C,37,5,403.0,0.25,70000
120,C,37,6,451.0,0.25,70000
120,C,37,7,589.0,0.25,70000
120,C,37,8,746.0,0.25,70000
120,C,37,9,903.0,0.25,70000
120,C,37,10,1124.0,0.25,70000
120,C,37,11,1409.0,0.25,70000
120,C,37,12,1822.0,0.25,70000
120,C,37,13,2137.0,0.25,70000
120,C,37,14,2645.0,0.25,70000
120,C,37,15,3304.0,0.25,70000
120,C,37,16,4326.0,0.25,70000
120,C,37,17,4877.0,0.25,70000
120,C,37,18,6783.0,0.25,70000
120,C,37,19,8091.0,0.25,70000
120,C,37,20,9571.0,0.25,70000
120,C,37,21,11906.0,0.25,70000
120,C,37,22,14421.0,0.25,70000
120,C,37,23,16520.0,0.25,70000
120,C,37,24,20074.0,0.25,70000
120,C,37,25,23380.0,0.25,70000
120,C,37,26,26388.0,0.25,70000
120,C,37,27,31969.0,0.25,70000
120,C,37,28,34932.0,0.25,70000
120,C,37,29,39818.0,0.25,70000
120,C,37,30,43792.0,0.25,70000
120,C,37,31,50715.0,0.25,70000
120,C,37,32,52655.0,0.25,70000
120,C,37,33,57460.0,0.25,70000
120,C,37,34,59387.0,0.25,70000
120,C,37,35,61546.0,0.25,70000
120,C,37,36,65334.0,0.25,70000
120,C,37,37,63990.0,0.25,70000
120,C,37,38,65861.0,0.25,70000
120,C,37,39,66532.0,0.25,70000
120,C,37,40,66004.0,0.25,70000
120,C,37,41,66044.0,0.25,70000
120,C,37,42,69150.0,0.25,70000
120,C,37,43,65705.0,0.25,70000
120,C,37,44,69488.0,0.25,70000
120,C,37,45,70330.0,0.25,70000
120,C,37,46,69909.0,0.25,70000
120,C,37,47,70105.0,0.25,70000
120,C,37,48,68708.0,0.25,70000
