,experiment_id,strain,temperature,hour,population,growth_rate,capacity
0,1,A,20,0,123.0,0.256,65845
1,1,A,20,1,161.0,0.256,65845
2,1,A,20,2,198.0,0.256,65845
3,1,A,20,3,252.0,0.256,65845
4,1,A,20,4,324.0,0.256,65845
5,1,A,20,5,398.0,0.256,65845
6,1,A,20,6,511.0,0.256,65845
7,1,A,20,7,632.0,0.256,65845
8,1,A,20,8,806.0,0.256,65845
9,1,A,20,9,937.0,0.256,65845
10,1,A,20,10,1183.0,0.256,65845
11,1,A,20,11,1458.0,0.256,65845
12,1,A,20,12,1927.0,0.256,65845
13,1,A,20,13,2349.0,0.256,65845
15,1,A,20,15,3707.0,0.256,65845
16,1,A,20,16,4577.0,0.256,65845
17,1,A,20,17,6011.0,0.256,65845
18,1,A,20,18,7095.0,0.256,65845
19,1,A,20,19,8557.0,0.256,65845
20,1,A,20,20,10162.0,0.256,65845
21,1,A,20,21,13181.0,0.256,65845
22,1,A,20,22,15795.0,0.256,65845
23,1,A,20,23,17771.0,0.256,65845
24,1,A,20,24,21667.0,0.256,65845
25,1,A,20,25,25675.0,0.256,65845
26,1,A,20,26,28043.0,0.256,65845
27,1,A,20,27,33382.0,0.256,65845
28,1,A,20,28,39466.0,0.256,65845
29,1,A,20,29,39961.0,0.256,65845
30,1,A,20,30,46567.0,0.256,65845
31,1,A,20,31,52260.0,0.256,65845
32,1,A,20,32,51625.0,0.256,65845
33,1,A,20,33,54560.0,0.256,65845
34,1,A,20,34,57955.0,0.256,65845
35,1,A,20,35,60347.0,0.256,65845
36,1,A,20,36,61639.0,0.256,65845
37,1,A,20,37,59264.0,0.256,65845
38,1,A,20,38,61546.0,0.256,65845
39,1,A,20,39,63883.0,0.256,65845
40,1,A,20,40,63612.0,0.256,65845
41,1,A,20,41,66836.0,0.256,65845
42,1,A,20,42,64307.0,0.256,65845
43,1,A,20,43,64441.0,0.256,65845
44,1,A,20,44,68962.0,0.256,65845
45,1,A,20,45,65306.0,0.256,65845
46,1,A,20,46,63635.0,0.256,65845
47,1,A,20,47,65630.0,0.256,65845
48,1,A,20,48,65231.0,0.256,65845
50,2,A,20,1,160.0,0.256,65845
51,2,A,20,2,196.0,0.256,65845
52,2,A,20,3,246.0,0.256,65845
53,2,A,20,4,307.0,0.256,65845
55,2,A,20,6,521.0,0.256,65845
56,2,A,20,7,615.0,0.256,65845
57,2,A,20,8,785.0,0.256,65845
58,2,A,20,9,978.0,0.256,65845
59,2,A,20,10,1193.0,0.256,65845
60,2,A,20,11,1492.0,0.256,65845
61,2,A,20,12,1868.0,0.256,65845
62,2,A,20,13,2230.0,0.256,65845
63,2,A,20,14,2883.0,0.256,65845
64,2,A,20,15,3722.0,0.256,65845
65,2,A,20,16,4686.0,0.256,65845
66,2,A,20,17,5611.0,0.256,65845
67,2,A,20,18,6890.0,0.256,65845
68,2,A,20,19,8728.0,0.256,65845
69,2,A,20,20,11117.0,0.256,65845
70,2,A,20,21,12372.0,0.256,65845
71,2,A,20,22,14999.0,0.256,65845
72,2,A,20,23,18130.0,0.256,65845
73,2,A,20,24,22120.0,0.256,65845
74,2,A,20,25,24840.0,0.256,65845
75,2,A,20,26,29906.0,0.256,65845
76,2,A,20,27,32935.0,0.256,65845
77,2,A,20,28,38515.0,0.256,65845
78,2,A,20,29,41599.0,0.256,65845
79,2,A,20,30,45299.0,0.256,65845
80,2,A,20,31,50661.0,0.256,65845
81,2,A,20,32,50734.0,0.256,65845
82,2,A,20,33,54038.0,0.256,65845
83,2,A,20,34,58838.0,0.256,65845
84,2,A,20,35,60796.0,0.256,65845
85,2,A,20,36,61292.0,0.256,65845
86,2,A,20,37,58008.0,0.256,65845
87,2,A,20,38,64354.0,0.256,65845
88,2,A,20,39,64356.0,0.256,65845
89,2,A,20,40,63571.0,0.256,65845
90,2,A,20,41,60857.0,0.256,65845
91,2,A,20,42,66553.0,0.256,65845
92,2,A,20,43,68584.0,0.256,65845
93,2,A,20,44,66319.0,0.256,65845
94,2,A,20,45,68079.0,0.256,65845
95,2,A,20,46,64269.0,0.256,65845
96,2,A,20,47,65999.0,0.256,65845
97,2,A,20,48,64406.0,0.256,65845
98,3,A,20,0,121.0,0.256,65845
99,3,A,20,1,156.0,0.256,65845
101,3,A,20,3,243.0,0.256,65845
102,3,A,20,4,305.0,0.256,65845
103,3,A,20,5,386.0,0.256,65845
104,3,A,20,6,487.0,0.256,65845
105,3,A,20,7,618.0,0.256,65845
106,3,A,20,8,743.0,0.256,65845
107,3,A,20,9,976.0,0.256,65845
108,3,A,20,10,1145.0,0.256,65845
109,3,A,20,11,1518.0,0.256,65845
110,3,A,20,12,1900.0,0.256,65845
111,3,A,20,13,2202.0,0.256,65845
112,3,A,20,14,2920.0,0.256,65845
114,3,A,20,16,4621.0,0.256,65845
115,3,A,20,17,5563.0,0.256,65845
116,3,A,20,18,6854.0,0.256,65845
117,3,A,20,19,8639.0,0.256,65845
118,3,A,20,20,10520.0,0.256,65845
119,3,A,20,21,13039.0,0.256,65845
120,3,A,20,22,15422.0,0.256,65845
121,3,A,20,23,18869.0,0.256,65845
122,3,A,20,24,22024.0,0.256,65845
123,3,A,20,25,24908.0,0.256,65845
124,3,A,20,26,28594.0,0.256,65845
125,3,A,20,27,33131.0,0.256,65845
126,3,A,20,28,38340.0,0.256,65845
127,3,A,20,29,40903.0,0.256,65845
128,3,A,20,30,47119.0,0.256,65845
129,3,A,20,31,47169.0,0.256,65845
130,3,A,20,32,52188.0,0.256,65845
131,3,A,20,33,53766.0,0.256,65845
132,3,A,20,34,58119.0,0.256,65845
133,3,A,20,35,59674.0,0.256,65845
134,3,A,20,36,60635.0,0.256,65845
135,3,A,20,37,59778.0,0.256,65845
136,3,A,20,38,61322.0,0.256,65845
137,3,A,20,39,62427.0,0.256,65845
138,3,A,20,40,66137.0,0.256,65845
139,3,A,20,41,63380.0,0.256,65845
140,3,A,20,42,65911.0,0.256,65845
141,3,A,20,43,66963.0,0.256,65845
142,3,A,20,44,63682.0,0.256,65845
143,3,A,20,45,64452.0,0.256,65845
144,3,A,20,46,61222.0,0.256,65845
145,3,A,20,47,64841.0,0.256,65845
146,3,A,20,48,67094.0,0.256,65845
147,4,A,20,0,122.0,0.256,65845
148,4,A,20,1,159.0,0.256,65845
149,4,A,20,2,203.0,0.256,65845
151,4,A,20,4,308.0,0.256,65845
152,4,A,20,5,394.0,0.256,65845
153,4,A,20,6,481.0,0.256,65845
154,4,A,20,7,608.0,0.256,65845
155,4,A,20,8,827.0,0.256,65845
156,4,A,20,9,952.0,0.256,65845
157,4,A,20,10,1186.0,0.256,65845
158,4,A,20,11,1523.0,0.256,65845
159,4,A,20,12,1911.0,0.256,65845
160,4,A,20,13,2420.0,0.256,65845
161,4,A,20,14,2883.0,0.256,65845
162,4,A,20,15,3556.0,0.256,65845
163,4,A,20,16,4426.0,0.256,65845
164,4,A,20,17,5773.0,0.256,65845
165,4,A,20,18,7193.0,0.256,65845
166,4,A,20,19,8369.0,0.256,65845
167,4,A,20,20,10311.0,0.256,65845
168,4,A,20,21,12717.0,0.256,65845
169,4,A,20,22,14914.0,0.256,65845
170,4,A,20,23,18096.0,0.256,65845
171,4,A,20,24,22375.0,0.256,65845
172,4,A,20,25,24558.0,0.256,65845
173,4,A,20,26,29820.0,0.256,65845
174,4,A,20,27,34854.0,0.256,65845
175,4,A,20,28,36653.0,0.256,65845
176,4,A,20,29,43375.0,0.256,65845
177,4,A,20,30,45897.0,0.256,65845
178,4,A,20,31,48658.0,0.256,65845
179,4,A,20,32,53975.0,0.256,65845
180,4,A,20,33,55435.0,0.256,65845
181,4,A,20,34,57164.0,0.256,65845
182,4,A,20,35,58400.0,0.256,65845
183,4,A,20,36,59375.0,0.256,65845
184,4,A,20,37,61050.0,0.256,65845
185,4,A,20,38,62534.0,0.256,65845
186,4,A,20,39,65146.0,0.256,65845
187,4,A,20,40,63737.0,0.256,65845
188,4,A,20,41,65194.0,0.256,65845
189,4,A,20,42,64175.0,0.256,65845
190,4,A,20,43,66093.0,0.256,65845
191,4,A,20,44,65195.0,0.256,65845
192,4,A,20,45,67959.0,0.256,65845
194,4,A,20,47,62358.0,0.256,65845
195,4,A,20,48,65449.0,0.256,65845
196,5,A,20,0,124.0,0.256,65845
197,5,A,20,1,162.0,0.256,65845
198,5,A,20,2,198.0,0.256,65845
199,5,A,20,3,255.0,0.256,65845
200,5,A,20,4,319.0,0.256,65845
201,5,A,20,5,384.0,0.256,65845
202,5,A,20,6,486.0,0.256,65845
203,5,A,20,7,616.0,0.256,65845
204,5,A,20,8,747.0,0.256,65845
205,5,A,20,9,1066.0,0.256,65845
206,5,A,20,10,1230.0,0.256,65845
207,5,A,20,11,1458.0,0.256,65845
208,5,A,20,12,1815.0,0.256,65845
209,5,A,20,13,2375.0,0.256,65845
210,5,A,20,14,2916.0,0.256,65845
211,5,A,20,15,3501.0,0.256,65845
212,5,A,20,16,4324.0,0.256,65845
213,5,A,20,17,5650.0,0.256,65845
214,5,A,20,18,6871.0,0.256,65845
215,5,A,20,19,8667.0,0.256,65845
216,5,A,20,20,10435.0,0.256,65845
217,5,A,20,21,13147.0,0.256,65845
218,5,A,20,22,14512.0,0.256,65845
219,5,A,20,23,18702.0,0.256,65845
220,5,A,20,24,21231.0,0.256,65845
221,5,A,20,25,24777.0,0.256,65845
222,5,A,20,26,30346.0,0.256,65845
223,5,A,20,27,31716.0,0.256,65845
224,5,A,20,28,37776.0,0.256,65845
225,5,A,20,29,41540.0,0.256,65845
226,5,A,20,30,47536.0,0.256,65845
227,5,A,20,31,47284.0,0.256,65845
228,5,A,20,32,53157.0,0.256,65845
229,5,A,20,33,56099.0,0.256,65845
230,5,A,20,34,57547.0,0.256,65845
231,5,A,20,35,59622.0,0.256,65845
232,5,A,20,36,60628.0,0.256,65845
233,5,A,20,37,59356.0,0.256,65845
234,5,A,20,38,61982.0,0.256,65845
235,5,A,20,39,59997.0,0.256,65845
236,5,A,20,40,66034.0,0.256,65845
237,5,A,20,41,66472.0,0.256,65845
238,5,A,20,42,62185.0,0.256,65845
239,5,A,20,43,67520.0,0.256,65845
240,5,A,20,44,64987.0,0.256,65845
241,5,A,20,45,62475.0,0.256,65845
242,5,A,20,46,64123.0,0.256,65845
243,5,A,20,47,66767.0,0.256,65845
244,5,A,20,48,65485.0,0.256,65845
245,6,A,20,0,122.0,0.256,65845
246,6,A,20,1,161.0,0.256,65845
247,6,A,20,2,197.0,0.256,65845
248,6,A,20,3,245.0,0.256,65845
249,6,A,20,4,300.0,0.256,65845
250,6,A,20,5,397.0,0.256,65845
251,6,A,20,6,503.0,0.256,65845
252,6,A,20,7,596.0,0.256,65845
253,6,A,20,8,765.0,0.256,65845
254,6,A,20,9,959.0,0.256,65845
255,6,A,20,10,1217.0,0.256,65845
256,6,A,20,11,1466.0,0.256,65845
257,6,A,20,12,2008.0,0.256,65845
258,6,A,20,13,2385.0,0.256,65845
259,6,A,20,14,3028.0,0.256,65845
260,6,A,20,15,3635.0,0.256,65845
261,6,A,20,16,4846.0,0.256,65845
262,6,A,20,17,5721.0,0.256,65845
263,6,A,20,18,6590.0,0.256,65845
264,6,A,20,19,8820.0,0.256,65845
265,6,A,20,20,10456.0,0.256,65845
266,6,A,20,21,12319.0,0.256,65845
267,6,A,20,22,15328.0,0.256,65845
268,6,A,20,23,17872.0,0.256,65845
269,6,A,20,24,22221.0,0.256,65845
270,6,A,20,25,25959.0,0.256,65845
271,6,A,20,26,28261.0,0.256,65845
272,6,A,20,27,34328.0,0.256,65845
273,6,A,20,28,39065.0,0.256,65845
274,6,A,20,29,38852.0,0.256,65845
275,6,A,20,30,47687.0,0.256,65845
276,6,A,20,31,50433.0,0.256,65845
277,6,A,20,32,53903.0,0.256,65845
278,6,A,20,33,57681.0,0.256,65845
279,6,A,20,34,57495.0,0.256,65845
280,6,A,20,35,57884.0,0.256,65845
281,6,A,20,36,61591.0,0.256,65845
282,6,A,20,37,61781.0,0.256,65845
283,6,A,20,38,63839.0,0.256,65845
284,6,A,20,39,59243.0,0.256,65845
285,6,A,20,40,63422.0,0.256,65845
286,6,A,20,41,69654.0,0.256,65845
287,6,A,20,42,65664.0,0.256,65845
288,6,A,20,43,67118.0,0.256,65845
289,6,A,20,44,66002.0,0.256,65845
290,6,A,20,45,64780.0,0.256,65845
291,6,A,20,46,67222.0,0.256,65845
292,6,A,20,47,67096.0,0.256,65845
293,6,A,20,48,64995.0,0.256,65845
294,7,A,20,0,125.0,0.256,65845
295,7,A,20,1,161.0,0.256,65845
296,7,A,20,2,193.0,0.256,65845
297,7,A,20,3,242.0,0.256,65845
298,7,A,20,4,323.0,0.256,65845
299,7,A,20,5,405.0,0.256,65845
300,7,A,20,6,488.0,0.256,65845
301,7,A,20,7,645.0,0.256,65845
302,7,A,20,8,792.0,0.256,65845
303,7,A,20,9,979.0,0.256,65845
304,7,A,20,10,1193.0,0.256,65845
305,7,A,20,11,1551.0,0.256,65845
306,7,A,20,12,1865.0,0.256,65845
308,7,A,20,14,2896.0,0.256,65845
309,7,A,20,15,3806.0,0.256,65845
310,7,A,20,16,4579.0,0.256,65845
311,7,A,20,17,5650.0,0.256,65845
312,7,A,20,18,7110.0,0.256,65845
313,7,A,20,19,9204.0,0.256,65845
314,7,A,20,20,10802.0,0.256,65845
315,7,A,20,21,12141.0,0.256,65845
316,7,A,20,22,15363.0,0.256,65845
317,7,A,20,23,18435.0,0.256,65845
318,7,A,20,24,21398.0,0.256,65845
319,7,A,20,25,24761.0,0.256,65845
320,7,A,20,26,31013.0,0.256,65845
321,7,A,20,27,34449.0,0.256,65845
322,7,A,20,28,38951.0,0.256,65845
323,7,A,20,29,42490.0,0.256,65845
324,7,A,20,30,47078.0,0.256,65845
325,7,A,20,31,50228.0,0.256,65845
327,7,A,20,33,55040.0,0.256,65845
328,7,A,20,34,55916.0,0.256,65845
329,7,A,20,35,58179.0,0.256,65845
330,7,A,20,36,60857.0,0.256,65845
331,7,A,20,37,60439.0,0.256,65845
332,7,A,20,38,63657.0,0.256,65845
333,7,A,20,39,61986.0,0.256,65845
334,7,A,20,40,65747.0,0.256,65845
335,7,A,20,41,61930.0,0.256,65845
336,7,A,20,42,65578.0,0.256,65845
337,7,A,20,43,67666.0,0.256,65845
338,7,A,20,44,67037.0,0.256,65845
339,7,A,20,45,64443.0,0.256,65845
340,7,A,20,46,68160.0,0.256,65845
341,7,A,20,47,65715.0,0.256,65845
342,7,A,20,48,66408.0,0.256,65845
343,8,A,20,0,125.0,0.256,65845
344,8,A,20,1,149.0,0.256,65845
345,8,A,20,2,201.0,0.256,65845
346,8,A,20,3,252.0,0.256,65845
347,8,A,20,4,319.0,0.256,65845
348,8,A,20,5,380.0,0.256,65845
349,8,A,20,6,503.0,0.256,65845
350,8,A,20,7,604.0,0.256,65845
351,8,A,20,8,745.0,0.256,65845
352,8,A,20,9,937.0,0.256,65845
353,8,A,20,10,1219.0,0.256,65845
354,8,A,20,11,1497.0,0.256,65845
355,8,A,20,12,1983.0,0.256,65845
356,8,A,20,13,2423.0,0.256,65845
357,8,A,20,14,3052.0,0.256,65845
358,8,A,20,15,3654.0,0.256,65845
359,8,A,20,16,4413.0,0.256,65845
360,8,A,20,17,5375.0,0.256,65845
361,8,A,20,18,6922.0,0.256,65845
362,8,A,20,19,8891.0,0.256,65845
363,8,A,20,20,10866.0,0.256,65845
364,8,A,20,21,12097.0,0.256,65845
365,8,A,20,22,15482.0,0.256,65845
366,8,A,20,23,18761.0,0.256,65845
367,8,A,20,24,21121.0,0.256,65845
368,8,A,20,25,25506.0,0.256,65845
369,8,A,20,26,28856.0,0.256,65845
370,8,A,20,27,33821.0,0.256,65845
371,8,A,20,28,38108.0,0.256,65845
372,8,A,20,29,41588.0,0.256,65845
373,8,A,20,30,45737.0,0.256,65845
374,8,A,20,31,48446.0,0.256,65845
375,8,A,20,32,52779.0,0.256,65845
376,8,A,20,33,49986.0,0.256,65845
377,8,A,20,34,58404.0,0.256,65845
378,8,A,20,35,61279.0,0.256,65845
379,8,A,20,36,58502.0,0.256,65845
380,8,A,20,37,61719.0,0.256,65845
381,8,A,20,38,64101.0,0.256,65845
382,8,A,20,39,62339.0,0.256,65845
383,8,A,20,40,62901.0,0.256,65845
384,8,A,20,41,64504.0,0.256,65845
385,8,A,20,42,66373.0,0.256,65845
386,8,A,20,43,62462.0,0.256,65845
387,8,A,20,44,65793.0,0.256,65845
388,8,A,20,45,66511.0,0.256,65845
389,8,A,20,46,62867.0,0.256,65845
390,8,A,20,47,65928.0,0.256,65845
391,8,A,20,48,68538.0,0.256,65845
392,9,A,20,0,126.0,0.256,65845
393,9,A,20,1,157.0,0.256,65845
394,9,A,20,2,206.0,0.256,65845
395,9,A,20,3,244.0,0.256,65845
396,9,A,20,4,310.0,0.256,65845
397,9,A,20,5,407.0,0.256,65845
398,9,A,20,6,517.0,0.256,65845
399,9,A,20,7,596.0,0.256,65845
400,9,A,20,8,767.0,0.256,65845
401,9,A,20,9,981.0,0.256,65845
402,9,A,20,10,1258.0,0.256,65845
403,9,A,20,11,1537.0,0.256,65845
404,9,A,20,12,1861.0,0.256,65845
405,9,A,20,13,2423.0,0.256,65845
406,9,A,20,14,2753.0,0.256,65845
407,9,A,20,15,3688.0,0.256,65845
408,9,A,20,16,4661.0,0.256,65845
409,9,A,20,17,5835.0,0.256,65845
410,9,A,20,18,7062.0,0.256,65845
411,9,A,20,19,8196.0,0.256,65845
412,9,A,20,20,10768.0,0.256,65845
413,9,A,20,21,12522.0,0.256,65845
414,9,A,20,22,15144.0,0.256,65845
415,9,A,20,23,19005.0,0.256,65845
416,9,A,20,24,20471.0,0.256,65845
417,9,A,20,25,27205.0,0.256,65845
418,9,A,20,26,30290.0,0.256,65845
419,9,A,20,27,34561.0,0.256,65845
420,9,A,20,28,37703.0,0.256,65845
421,9,A,20,29,42884.0,0.256,65845
422,9,A,20,30,46735.0,0.256,65845
423,9,A,20,31,49808.0,0.256,65845
424,9,A,20,32,50219.0,0.256,65845
425,9,A,20,33,56051.0,0.256,65845
426,9,A,20,34,58016.0,0.256,65845
427,9,A,20,35,61107.0,0.256,65845
428,9,A,20,36,61675.0,0.256,65845
429,9,A,20,37,62583.0,0.256,65845
430,9,A,20,38,63309.0,0.256,65845
431,9,A,20,39,60845.0,0.256,65845
432,9,A,20,40,60649.0,0.256,65845
433,9,A,20,41,64415.0,0.256,65845
434,9,A,20,42,63562.0,0.256,65845
435,9,A,20,43,66055.0,0.256,65845
436,9,A,20,44,62944.0,0.256,65845
437,9,A,20,45,64356.0,0.256,65845
438,9,A,20,46,66952.0,0.256,65845
439,9,A,20,47,65645.0,0.256,65845
440,9,A,20,48,63968.0,0.256,65845
441,10,A,20,0,128.0,0.256,65845
442,10,A,20,1,159.0,0.256,65845
443,10,A,20,2,192.0,0.256,65845
444,10,A,20,3,244.0,0.256,65845
445,10,A,20,4,314.0,0.256,65845
446,10,A,20,5,389.0,0.256,65845
447,10,A,20,6,487.0,0.256,65845
448,10,A,20,7,606.0,0.256,65845
449,10,A,20,8,710.0,0.256,65845
450,10,A,20,9,981.0,0.256,65845
451,10,A,20,10,1222.0,0.256,65845
453,10,A,20,12,1793.0,0.256,65845
454,10,A,20,13,2336.0,0.256,65845
455,10,A,20,14,2948.0,0.256,65845
456,10,A,20,15,3646.0,0.256,65845
457,10,A,20,16,4544.0,0.256,65845
458,10,A,20,17,5268.0,0.256,65845
459,10,A,20,18,7090.0,0.256,65845
460,10,A,20,19,8703.0,0.256,65845
461,10,A,20,20,10668.0,0.256,65845
462,10,A,20,21,13207.0,0.256,65845
463,10,A,20,22,15440.0,0.256,65845
464,10,A,20,23,19093.0,0.256,65845
465,10,A,20,24,20943.0,0.256,65845
466,10,A,20,25,25979.0,0.256,65845
467,10,A,20,26,29256.0,0.256,65845
468,10,A,20,27,35038.0,0.256,65845
469,10,A,20,28,37282.0,0.256,65845
470,10,A,20,29,41281.0,0.256,65845
471,10,A,20,30,44948.0,0.256,65845
472,10,A,20,31,50105.0,0.256,65845
473,10,A,20,32,51282.0,0.256,65845
474,10,A,20,33,56641.0,0.256,65845
475,10,A,20,34,58752.0,0.256,65845
476,10,A,20,35,59428.0,0.256,65845
477,10,A,20,36,61061.0,0.256,65845
478,10,A,20,37,60801.0,0.256,65845
479,10,A,20,38,66461.0,0.256,65845
480,10,A,20,39,65136.0,0.256,65845
481,10,A,20,40,61895.0,0.256,65845
482,10,A,20,41,66448.0,0.256,65845
483,10,A,20,42,62701.0,0.256,65845
484,10,A,20,43,65616.0,0.256,65845
485,10,A,20,44,66409.0,0.256,65845
486,10,A,20,45,64666.0,0.256,65845
487,10,A,20,46,64248.0,0.256,65845
488,10,A,20,47,66150.0,0.256,65845
489,10,A,20,48,66613.0,0.256,65845
491,11,A,25,1,184.0,0.35,90000
492,11,A,25,2,235.0,0.35,90000
493,11,A,25,3,330.0,0.35,90000
494,11,A,25,4,433.0,0.35,90000
495,11,A,25,5,603.0,0.35,90000
496,11,A,25,6,784.0,0.35,90000
497,11,A,25,7,1064.0,0.35,90000
499,11,A,25,9,1946.0,0.35,90000
500,11,A,25,10,2622.0,0.35,90000
501,11,A,25,11,3529.0,0.35,90000
502,11,A,25,12,4815.0,0.35,90000
503,11,A,25,13,6122.0,0.35,90000
504,11,A,25,14,8749.0,0.35,90000
505,11,A,25,15,10876.0,0.35,90000
506,11,A,25,16,14037.0,0.35,90000
507,11,A,25,17,18754.0,0.35,90000
508,11,A,25,18,23439.0,0.35,90000
509,11,A,25,19,29411.0,0.35,90000
510,11,A,25,20,37009.0,0.35,90000
511,11,A,25,21,42695.0,0.35,90000
512,11,A,25,22,53783.0,0.35,90000
513,11,A,25,23,57345.0,0.35,90000
514,11,A,25,24,65367.0,0.35,90000
515,11,A,25,25,75005.0,0.35,90000
516,11,A,25,26,80055.0,0.35,90000
517,11,A,25,27,81930.0,0.35,90000
518,11,A,25,28,80170.0,0.35,90000
519,11,A,25,29,84618.0,0.35,90000
520,11,A,25,30,85319.0,0.35,90000
521,11,A,25,31,86068.0,0.35,90000
522,11,A,25,32,87484.0,0.35,90000
523,11,A,25,33,89725.0,0.35,90000
524,11,A,25,34,91269.0,0.35,90000
525,11,A,25,35,89782.0,0.35,90000
526,11,A,25,36,86956.0,0.35,90000
527,11,A,25,37,89431.0,0.35,90000
528,11,A,25,38,90061.0,0.35,90000
529,11,A,25,39,91781.0,0.35,90000
530,11,A,25,40,87816.0,0.35,90000
531,11,A,25,41,88214.0,0.35,90000
532,11,A,25,42,87760.0,0.35,90000
533,11,A,25,43,86502.0,0.35,90000
534,11,A,25,44,90536.0,0.35,90000
535,11,A,25,45,88031.0,0.35,90000
536,11,A,25,46,91985.0,0.35,90000
537,11,A,25,47,91796.0,0.35,90000
538,11,A,25,48,89603.0,0.35,90000
539,12,A,25,0,135.0,0.35,90000
540,12,A,25,1,179.0,0.35,90000
541,12,A,25,2,246.0,0.35,90000
542,12,A,25,3,331.0,0.35,90000
543,12,A,25,4,461.0,0.35,90000
544,12,A,25,5,592.0,0.35,90000
545,12,A,25,6,835.0,0.35,90000
546,12,A,25,7,1112.0,0.35,90000
547,12,A,25,8,1483.0,0.35,90000
548,12,A,25,9,1904.0,0.35,90000
549,12,A,25,10,2569.0,0.35,90000
550,12,A,25,11,3546.0,0.35,90000
551,12,A,25,12,4759.0,0.35,90000
552,12,A,25,13,6078.0,0.35,90000
553,12,A,25,14,8799.0,0.35,90000
554,12,A,25,15,11080.0,0.35,90000
555,12,A,25,16,14360.0,0.35,90000
556,12,A,25,17,18948.0,0.35,90000
557,12,A,25,18,23280.0,0.35,90000
558,12,A,25,19,28087.0,0.35,90000
559,12,A,25,20,36803.0,0.35,90000
560,12,A,25,21,43600.0,0.35,90000
561,12,A,25,22,52449.0,0.35,90000
562,12,A,25,23,60391.0,0.35,90000
563,12,A,25,24,63871.0,0.35,90000
564,12,A,25,25,71288.0,0.35,90000
565,12,A,25,26,79867.0,0.35,90000
566,12,A,25,27,84974.0,0.35,90000
567,12,A,25,28,83974.0,0.35,90000
568,12,A,25,29,86384.0,0.35,90000
569,12,A,25,30,88270.0,0.35,90000
570,12,A,25,31,89023.0,0.35,90000
571,12,A,25,32,95850.0,0.35,90000
572,12,A,25,33,93780.0,0.35,90000
573,12,A,25,34,87874.0,0.35,90000
574,12,A,25,35,88911.0,0.35,90000
575,12,A,25,36,92951.0,0.35,90000
576,12,A,25,37,91484.0,0.35,90000
577,12,A,25,38,92530.0,0.35,90000
578,12,A,25,39,91812.0,0.35,90000
579,12,A,25,40,87770.0,0.35,90000
580,12,A,25,41,86706.0,0.35,90000
581,12,A,25,42,86120.0,0.35,90000
582,12,A,25,43,88207.0,0.35,90000
583,12,A,25,44,91194.0,0.35,90000
584,12,A,25,45,88644.0,0.35,90000
585,12,A,25,46,95516.0,0.35,90000
586,12,A,25,47,85785.0,0.35,90000
587,12,A,25,48,89370.0,0.35,90000
588,13,A,25,0,139.0,0.35,90000
589,13,A,25,1,193.0,0.35,90000
590,13,A,25,2,239.0,0.35,90000
591,13,A,25,3,335.0,0.35,90000
592,13,A,25,4,457.0,0.35,90000
593,13,A,25,5,568.0,0.35,90000
594,13,A,25,6,832.0,0.35,90000
595,13,A,25,7,1100.0,0.35,90000
596,13,A,25,8,1455.0,0.35,90000
597,13,A,25,9,2038.0,0.35,90000
598,13,A,25,10,2665.0,0.35,90000
599,13,A,25,11,3481.0,0.35,90000
600,13,A,25,12,4950.0,0.35,90000
601,13,A,25,13,6216.0,0.35,90000
602,13,A,25,14,8719.0,0.35,90000
603,13,A,25,15,10273.0,0.35,90000
604,13,A,25,16,14851.0,0.35,90000
605,13,A,25,17,18533.0,0.35,90000
606,13,A,25,18,24097.0,0.35,90000
607,13,A,25,19,30200.0,0.35,90000
608,13,A,25,20,38179.0,0.35,90000
609,13,A,25,21,43557.0,0.35,90000
611,13,A,25,23,59644.0,0.35,90000
612,13,A,25,24,68181.0,0.35,90000
613,13,A,25,25,73162.0,0.35,90000
614,13,A,25,26,78639.0,0.35,90000
615,13,A,25,27,82558.0,0.35,90000
616,13,A,25,28,80084.0,0.35,90000
617,13,A,25,29,85621.0,0.35,90000
618,13,A,25,30,87787.0,0.35,90000
619,13,A,25,31,88960.0,0.35,90000
620,13,A,25,32,95562.0,0.35,90000
621,13,A,25,33,91516.0,0.35,90000
622,13,A,25,34,93113.0,0.35,90000
623,13,A,25,35,88629.0,0.35,90000
624,13,A,25,36,92120.0,0.35,90000
625,13,A,25,37,94856.0,0.35,90000
626,13,A,25,38,88854.0,0.35,90000
627,13,A,25,39,88404.0,0.35,90000
628,13,A,25,40,86042.0,0.35,90000
629,13,A,25,41,86604.0,0.35,90000
630,13,A,25,42,94637.0,0.35,90000
631,13,A,25,43,86139.0,0.35,90000
632,13,A,25,44,89856.0,0.35,90000
633,13,A,25,45,92219.0,0.35,90000
634,13,A,25,46,90609.0,0.35,90000
635,13,A,25,47,90840.0,0.35,90000
636,13,A,25,48,89912.0,0.35,90000
637,14,A,25,0,139.0,0.35,90000
638,14,A,25,1,175.0,0.35,90000
639,14,A,25,2,243.0,0.35,90000
640,14,A,25,3,331.0,0.35,90000
641,14,A,25,4,423.0,0.35,90000
642,14,A,25,5,590.0,0.35,90000
643,14,A,25,6,809.0,0.35,90000
644,14,A,25,7,1145.0,0.35,90000
645,14,A,25,8,1446.0,0.35,90000
646,14,A,25,9,2051.0,0.35,90000
647,14,A,25,10,2603.0,0.35,90000
648,14,A,25,11,3742.0,0.35,90000
649,14,A,25,12,4703.0,0.35,90000
650,14,A,25,13,6538.0,0.35,90000
651,14,A,25,14,9140.0,0.35,90000
652,14,A,25,15,11396.0,0.35,90000
653,14,A,25,16,15098.0,0.35,90000
654,14,A,25,17,18121.0,0.35,90000
655,14,A,25,18,24317.0,0.35,90000
656,14,A,25,19,30714.0,0.35,90000
657,14,A,25,20,36853.0,0.35,90000
658,14,A,25,21,45064.0,0.35,90000
659,14,A,25,22,50842.0,0.35,90000
660,14,A,25,23,59381.0,0.35,90000
661,14,A,25,24,64716.0,0.35,90000
662,14,A,25,25,69831.0,0.35,90000
663,14,A,25,26,79677.0,0.35,90000
664,14,A,25,27,79631.0,0.35,90000
665,14,A,25,28,85103.0,0.35,90000
666,14,A,25,29,90970.0,0.35,90000
667,14,A,25,30,90345.0,0.35,90000
668,14,A,25,31,86676.0,0.35,90000
669,14,A,25,32,88241.0,0.35,90000
670,14,A,25,33,87558.0,0.35,90000
671,14,A,25,34,89565.0,0.35,90000
672,14,A,25,35,94340.0,0.35,90000
673,14,A,25,36,94222.0,0.35,90000
674,14,A,25,37,88514.0,0.35,90000
675,14,A,25,38,86259.0,0.35,90000
676,14,A,25,39,92831.0,0.35,90000
677,14,A,25,40,83809.0,0.35,90000
678,14,A,25,41,91573.0,0.35,90000
679,14,A,25,42,83854.0,0.35,90000
680,14,A,25,43,91146.0,0.35,90000
681,14,A,25,44,90612.0,0.35,90000
682,14,A,25,45,88860.0,0.35,90000
683,14,A,25,46,86993.0,0.35,90000
684,14,A,25,47,91494.0,0.35,90000
685,14,A,25,48,91232.0,0.35,90000
686,15,A,25,0,136.0,0.35,90000
687,15,A,25,1,195.0,0.35,90000
688,15,A,25,2,244.0,0.35,90000
689,15,A,25,3,326.0,0.35,90000
690,15,A,25,4,467.0,0.35,90000
691,15,A,25,5,659.0,0.35,90000
692,15,A,25,6,798.0,0.35,90000
693,15,A,25,7,1089.0,0.35,90000
694,15,A,25,8,1453.0,0.35,90000
695,15,A,25,9,1999.0,0.35,90000
696,15,A,25,10,2724.0,0.35,90000
697,15,A,25,11,3486.0,0.35,90000
698,15,A,25,12,4727.0,0.35,90000
699,15,A,25,13,6158.0,0.35,90000
700,15,A,25,14,8453.0,0.35,90000
701,15,A,25,15,10978.0,0.35,90000
702,15,A,25,16,14637.0,0.35,90000
703,15,A,25,17,18581.0,0.35,90000
704,15,A,25,18,24011.0,0.35,90000
705,15,A,25,19,28554.0,0.35,90000
706,15,A,25,20,36362.0,0.35,90000
707,15,A,25,21,44123.0,0.35,90000
708,15,A,25,22,52856.0,0.35,90000
709,15,A,25,23,58283.0,0.35,90000
710,15,A,25,24,66122.0,0.35,90000
711,15,A,25,25,75303.0,0.35,90000
713,15,A,25,27,80025.0,0.35,90000
714,15,A,25,28,84233.0,0.35,90000
715,15,A,25,29,85308.0,0.35,90000
716,15,A,25,30,88083.0,0.35,90000
717,15,A,25,31,87571.0,0.35,90000
718,15,A,25,32,86410.0,0.35,90000
719,15,A,25,33,89605.0,0.35,90000
720,15,A,25,34,85443.0,0.35,90000
721,15,A,25,35,91491.0,0.35,90000
722,15,A,25,36,92465.0,0.35,90000
723,15,A,25,37,92271.0,0.35,90000
724,15,A,25,38,86233.0,0.35,90000
725,15,A,25,39,89613.0,0.35,90000
726,15,A,25,40,92302.0,0.35,90000
727,15,A,25,41,90644.0,0.35,90000
728,15,A,25,42,90886.0,0.35,90000
729,15,A,25,43,90458.0,0.35,90000
730,15,A,25,44,92218.0,0.35,90000
731,15,A,25,45,89660.0,0.35,90000
732,15,A,25,46,85698.0,0.35,90000
733,15,A,25,47,90872.0,0.35,90000
734,15,A,25,48,95937.0,0.35,90000
735,16,A,25,0,138.0,0.35,90000
736,16,A,25,1,186.0,0.35,90000
737,16,A,25,2,261.0,0.35,90000
738,16,A,25,3,324.0,0.35,90000
739,16,A,25,4,434.0,0.35,90000
740,16,A,25,5,596.0,0.35,90000
741,16,A,25,6,825.0,0.35,90000
742,16,A,25,7,1155.0,0.35,90000
743,16,A,25,8,1523.0,0.35,90000
744,16,A,25,9,1980.0,0.35,90000
745,16,A,25,10,2778.0,0.35,90000
746,16,A,25,11,3600.0,0.35,90000
747,16,A,25,12,4810.0,0.35,90000
748,16,A,25,13,6314.0,0.35,90000
749,16,A,25,14,8181.0,0.35,90000
750,16,A,25,15,11006.0,0.35,90000
751,16,A,25,16,14056.0,0.35,90000
752,16,A,25,17,17568.0,0.35,90000
753,16,A,25,18,23334.0,0.35,90000
754,16,A,25,19,31282.0,0.35,90000
755,16,A,25,20,36789.0,0.35,90000
756,16,A,25,21,42826.0,0.35,90000
757,16,A,25,22,52845.0,0.35,90000
758,16,A,25,23,64584.0,0.35,90000
759,16,A,25,24,67060.0,0.35,90000
760,16,A,25,25,78684.0,0.35,90000
761,16,A,25,26,79382.0,0.35,90000
762,16,A,25,27,76723.0,0.35,90000
763,16,A,25,28,85280.0,0.35,90000
764,16,A,25,29,91844.0,0.35,90000
765,16,A,25,30,88971.0,0.35,90000
766,16,A,25,31,85399.0,0.35,90000
767,16,A,25,32,90178.0,0.35,90000
768,16,A,25,33,93063.0,0.35,90000
769,16,A,25,34,85584.0,0.35,90000
770,16,A,25,35,90310.0,0.35,90000
771,16,A,25,36,90962.0,0.35,90000
772,16,A,25,37,93045.0,0.35,90000
773,16,A,25,38,89135.0,0.35,90000
774,16,A,25,39,87859.0,0.35,90000
775,16,A,25,40,91940.0,0.35,90000
776,16,A,25,41,91136.0,0.35,90000
777,16,A,25,42,90100.0,0.35,90000
778,16,A,25,43,88950.0,0.35,90000
779,16,A,25,44,92522.0,0.35,90000
780,16,A,25,45,88887.0,0.35,90000
781,16,A,25,46,96223.0,0.35,90000
782,16,A,25,47,89298.0,0.35,90000
783,16,A,25,48,93713.0,0.35,90000
784,17,A,25,0,140.0,0.35,90000
785,17,A,25,1,185.0,0.35,90000
786,17,A,25,2,245.0,0.35,90000
787,17,A,25,3,343.0,0.35,90000
788,17,A,25,4,450.0,0.35,90000
789,17,A,25,5,588.0,0.35,90000
790,17,A,25,6,817.0,0.35,90000
791,17,A,25,7,1111.0,0.35,90000
792,17,A,25,8,1399.0,0.35,90000
793,17,A,25,9,2050.0,0.35,90000
794,17,A,25,10,2512.0,0.35,90000
795,17,A,25,11,3592.0,0.35,90000
796,17,A,25,12,4751.0,0.35,90000
797,17,A,25,13,6015.0,0.35,90000
798,17,A,25,14,8346.0,0.35,90000
799,17,A,25,15,10722.0,0.35,90000
800,17,A,25,16,14631.0,0.35,90000
801,17,A,25,17,18350.0,0.35,90000
802,17,A,25,18,24070.0,0.35,90000
803,17,A,25,19,30379.0,0.35,90000
804,17,A,25,20,38300.0,0.35,90000
805,17,A,25,21,43520.0,0.35,90000
806,17,A,25,22,55271.0,0.35,90000
807,17,A,25,23,56507.0,0.35,90000
808,17,A,25,24,64938.0,0.35,90000
809,17,A,25,25,72125.0,0.35,90000
810,17,A,25,26,73979.0,0.35,90000
811,17,A,25,27,77225.0,0.35,90000
812,17,A,25,28,85039.0,0.35,90000
813,17,A,25,29,81547.0,0.35,90000
814,17,A,25,30,85298.0,0.35,90000
815,17,A,25,31,90417.0,0.35,90000
816,17,A,25,32,91929.0,0.35,90000
817,17,A,25,33,88242.0,0.35,90000
818,17,A,25,34,91431.0,0.35,90000
819,17,A,25,35,91769.0,0.35,90000
820,17,A,25,36,91234.0,0.35,90000
821,17,A,25,37,89080.0,0.35,90000
822,17,A,25,38,87264.0,0.35,90000
823,17,A,25,39,86040.0,0.35,90000
824,17,A,25,40,93735.0,0.35,90000
825,17,A,25,41,91335.0,0.35,90000
826,17,A,25,42,89561.0,0.35,90000
827,17,A,25,43,89741.0,0.35,90000
828,17,A,25,44,92061.0,0.35,90000
830,17,A,25,46,89775.0,0.35,90000
831,17,A,25,47,87026.0,0.35,90000
832,17,A,25,48,92069.0,0.35,90000
833,18,A,25,0,133.0,0.35,90000
834,18,A,25,1,174.0,0.35,90000
835,18,A,25,2,256.0,0.35,90000
836,18,A,25,3,350.0,0.35,90000
837,18,A,25,4,452.0,0.35,90000
838,18,A,25,5,602.0,0.35,90000
839,18,A,25,6,809.0,0.35,90000
840,18,A,25,7,1082.0,0.35,90000
841,18,A,25,8,1451.0,0.35,90000
842,18,A,25,9,1928.0,0.35,90000
843,18,A,25,10,2587.0,0.35,90000
844,18,A,25,11,3496.0,0.35,90000
845,18,A,25,12,4730.0,0.35,90000
846,18,A,25,13,6343.0,0.35,90000
847,18,A,25,14,8499.0,0.35,90000
848,18,A,25,15,10696.0,0.35,90000
849,18,A,25,16,14690.0,0.35,90000
850,18,A,25,17,18121.0,0.35,90000
851,18,A,25,18,23118.0,0.35,90000
852,18,A,25,19,30376.0,0.35,90000
853,18,A,25,20,35010.0,0.35,90000
856,18,A,25,23,59136.0,0.35,90000
857,18,A,25,24,68321.0,0.35,90000
858,18,A,25,25,74781.0,0.35,90000
859,18,A,25,26,75188.0,0.35,90000
860,18,A,25,27,78850.0,0.35,90000
861,18,A,25,28,88057.0,0.35,90000
862,18,A,25,29,87068.0,0.35,90000
863,18,A,25,30,91019.0,0.35,90000
864,18,A,25,31,84040.0,0.35,90000
865,18,A,25,32,92631.0,0.35,90000
866,18,A,25,33,90151.0,0.35,90000
867,18,A,25,34,86089.0,0.35,90000
868,18,A,25,35,89797.0,0.35,90000
869,18,A,25,36,93702.0,0.35,90000
870,18,A,25,37,91412.0,0.35,90000
871,18,A,25,38,86607.0,0.35,90000
872,18,A,25,39,85559.0,0.35,90000
873,18,A,25,40,93080.0,0.35,90000
874,18,A,25,41,89059.0,0.35,90000
875,18,A,25,42,87706.0,0.35,90000
876,18,A,25,43,88521.0,0.35,90000
877,18,A,25,44,87895.0,0.35,90000
878,18,A,25,45,85925.0,0.35,90000
880,18,A,25,47,90606.0,0.35,90000
881,18,A,25,48,85865.0,0.35,90000
882,19,A,25,0,139.0,0.35,90000
883,19,A,25,1,177.0,0.35,90000
884,19,A,25,2,248.0,0.35,90000
885,19,A,25,3,339.0,0.35,90000
886,19,A,25,4,458.0,0.35,90000
887,19,A,25,5,629.0,0.35,90000
888,19,A,25,6,769.0,0.35,90000
889,19,A,25,7,1027.0,0.35,90000
890,19,A,25,8,1400.0,0.35,90000
891,19,A,25,9,1940.0,0.35,90000
892,19,A,25,10,2687.0,0.35,90000
893,19,A,25,11,3428.0,0.35,90000
894,19,A,25,12,4592.0,0.35,90000
895,19,A,25,13,6222.0,0.35,90000
896,19,A,25,14,8218.0,0.35,90000
897,19,A,25,15,11751.0,0.35,90000
898,19,A,25,16,13970.0,0.35,90000
899,19,A,25,17,19661.0,0.35,90000
900,19,A,25,18,25473.0,0.35,90000
901,19,A,25,19,29858.0,0.35,90000
902,19,A,25,20,36747.0,0.35,90000
903,19,A,25,21,44390.0,0.35,90000
904,19,A,25,22,51370.0,0.35,90000
905,19,A,25,23,58966.0,0.35,90000
906,19,A,25,24,64354.0,0.35,90000
907,19,A,25,25,73803.0,0.35,90000
908,19,A,25,26,79881.0,0.35,90000
909,19,A,25,27,79457.0,0.35,90000
910,19,A,25,28,86158.0,0.35,90000
911,19,A,25,29,84696.0,0.35,90000
912,19,A,25,30,85370.0,0.35,90000
913,19,A,25,31,88397.0,0.35,90000
914,19,A,25,32,87801.0,0.35,90000
915,19,A,25,33,93613.0,0.35,90000
916,19,A,25,34,93084.0,0.35,90000
917,19,A,25,35,93190.0,0.35,90000
918,19,A,25,36,91873.0,0.35,90000
919,19,A,25,37,86182.0,0.35,90000
920,19,A,25,38,88268.0,0.35,90000
921,19,A,25,39,89510.0,0.35,90000
922,19,A,25,40,94628.0,0.35,90000
923,19,A,25,41,87671.0,0.35,90000
924,19,A,25,42,93171.0,0.35,90000
925,19,A,25,43,84584.0,0.35,90000
926,19,A,25,44,88647.0,0.35,90000
927,19,A,25,45,88928.0,0.35,90000
928,19,A,25,46,92896.0,0.35,90000
929,19,A,25,47,92649.0,0.35,90000
930,19,A,25,48,90289.0,0.35,90000
931,20,A,25,0,137.0,0.35,90000
932,20,A,25,1,175.0,0.35,90000
933,20,A,25,2,232.0,0.35,90000
934,20,A,25,3,342.0,0.35,90000
936,20,A,25,5,622.0,0.35,90000
937,20,A,25,6,801.0,0.35,90000
938,20,A,25,7,1112.0,0.35,90000
939,20,A,25,8,1391.0,0.35,90000
940,20,A,25,9,1968.0,0.35,90000
941,20,A,25,10,2631.0,0.35,90000
942,20,A,25,11,3703.0,0.35,90000
943,20,A,25,12,4799.0,0.35,90000
944,20,A,25,13,6523.0,0.35,90000
945,20,A,25,14,8049.0,0.35,90000
946,20,A,25,15,10973.0,0.35,90000
947,20,A,25,16,14107.0,0.35,90000
948,20,A,25,17,19177.0,0.35,90000
949,20,A,25,18,24091.0,0.35,90000
950,20,A,25,19,30176.0,0.35,90000
951,20,A,25,20,34766.0,0.35,90000
953,20,A,25,22,52009.0,0.35,90000
954,20,A,25,23,60240.0,0.35,90000
955,20,A,25,24,72333.0,0.35,90000
956,20,A,25,25,76531.0,0.35,90000
957,20,A,25,26,78414.0,0.35,90000
958,20,A,25,27,83367.0,0.35,90000
959,20,A,25,28,80968.0,0.35,90000
960,20,A,25,29,84152.0,0.35,90000
961,20,A,25,30,89456.0,0.35,90000
962,20,A,25,31,86926.0,0.35,90000
963,20,A,25,32,88182.0,0.35,90000
964,20,A,25,33,85375.0,0.35,90000
965,20,A,25,34,87690.0,0.35,90000
966,20,A,25,35,87916.0,0.35,90000
967,20,A,25,36,88361.0,0.35,90000
968,20,A,25,37,94681.0,0.35,90000
969,20,A,25,38,89568.0,0.35,90000
970,20,A,25,39,90175.0,0.35,90000
971,20,A,25,40,93031.0,0.35,90000
972,20,A,25,41,89156.0,0.35,90000
973,20,A,25,42,91873.0,0.35,90000
974,20,A,25,43,84959.0,0.35,90000
975,20,A,25,44,89062.0,0.35,90000
976,20,A,25,45,91470.0,0.35,90000
977,20,A,25,46,88006.0,0.35,90000
978,20,A,25,47,91350.0,0.35,90000
979,20,A,25,48,89066.0,0.35,90000
980,21,A,30,0,128.0,0.256,65845
981,21,A,30,1,163.0,0.256,65845
982,21,A,30,2,197.0,0.256,65845
983,21,A,30,3,240.0,0.256,65845
984,21,A,30,4,302.0,0.256,65845
985,21,A,30,5,392.0,0.256,65845
986,21,A,30,6,490.0,0.256,65845
987,21,A,30,7,585.0,0.256,65845
988,21,A,30,8,795.0,0.256,65845
989,21,A,30,9,1003.0,0.256,65845
990,21,A,30,10,1211.0,0.256,65845
991,21,A,30,11,1530.0,0.256,65845
992,21,A,30,12,1912.0,0.256,65845
993,21,A,30,13,2299.0,0.256,65845
994,21,A,30,14,2947.0,0.256,65845
995,21,A,30,15,3707.0,0.256,65845
996,21,A,30,16,4536.0,0.256,65845
997,21,A,30,17,5420.0,0.256,65845
998,21,A,30,18,6653.0,0.256,65845
999,21,A,30,19,8384.0,0.256,65845
1000,21,A,30,20,10239.0,0.256,65845
1001,21,A,30,21,12416.0,0.256,65845
1002,21,A,30,22,14331.0,0.256,65845
1004,21,A,30,24,21354.0,0.256,65845
1005,21,A,30,25,25310.0,0.256,65845
1006,21,A,30,26,28220.0,0.256,65845
1007,21,A,30,27,34107.0,0.256,65845
1008,21,A,30,28,37779.0,0.256,65845
1009,21,A,30,29,42980.0,0.256,65845
1010,21,A,30,30,44704.0,0.256,65845
1011,21,A,30,31,50407.0,0.256,65845
1012,21,A,30,32,52912.0,0.256,65845
1013,21,A,30,33,54463.0,0.256,65845
1015,21,A,30,35,57728.0,0.256,65845
1016,21,A,30,36,60517.0,0.256,65845
1017,21,A,30,37,61829.0,0.256,65845
1018,21,A,30,38,62628.0,0.256,65845
1019,21,A,30,39,63982.0,0.256,65845
1020,21,A,30,40,65358.0,0.256,65845
1021,21,A,30,41,62306.0,0.256,65845
1022,21,A,30,42,65568.0,0.256,65845
1023,21,A,30,43,60527.0,0.256,65845
1024,21,A,30,44,63038.0,0.256,65845
1025,21,A,30,45,69441.0,0.256,65845
1026,21,A,30,46,66823.0,0.256,65845
1027,21,A,30,47,65427.0,0.256,65845
1028,21,A,30,48,70547.0,0.256,65845
1029,22,A,30,0,122.0,0.256,65845
1030,22,A,30,1,156.0,0.256,65845
1031,22,A,30,2,191.0,0.256,65845
1032,22,A,30,3,251.0,0.256,65845
1033,22,A,30,4,304.0,0.256,65845
1034,22,A,30,5,367.0,0.256,65845
1035,22,A,30,6,468.0,0.256,65845
1036,22,A,30,7,601.0,0.256,65845
1037,22,A,30,8,784.0,0.256,65845
1038,22,A,30,9,976.0,0.256,65845
1039,22,A,30,10,1234.0,0.256,65845
1040,22,A,30,11,1525.0,0.256,65845
1041,22,A,30,12,1852.0,0.256,65845
1042,22,A,30,13,2488.0,0.256,65845
1043,22,A,30,14,2882.0,0.256,65845
1044,22,A,30,15,3708.0,0.256,65845
1045,22,A,30,16,4455.0,0.256,65845
1046,22,A,30,17,5555.0,0.256,65845
1047,22,A,30,18,6885.0,0.256,65845
1048,22,A,30,19,8291.0,0.256,65845
1049,22,A,30,20,10711.0,0.256,65845
1050,22,A,30,21,12664.0,0.256,65845
1051,22,A,30,22,15758.0,0.256,65845
1052,22,A,30,23,19029.0,0.256,65845
1053,22,A,30,24,22133.0,0.256,65845
1054,22,A,30,25,25572.0,0.256,65845
1055,22,A,30,26,29886.0,0.256,65845
1056,22,A,30,27,32957.0,0.256,65845
1057,22,A,30,28,38232.0,0.256,65845
1058,22,A,30,29,39223.0,0.256,65845
1059,22,A,30,30,44481.0,0.256,65845
1060,22,A,30,31,50392.0,0.256,65845
1061,22,A,30,32,49865.0,0.256,65845
1062,22,A,30,33,55566.0,0.256,65845
1063,22,A,30,34,58642.0,0.256,65845
1064,22,A,30,35,59208.0,0.256,65845
1065,22,A,30,36,59053.0,0.256,65845
1067,22,A,30,38,66681.0,0.256,65845
1068,22,A,30,39,66174.0,0.256,65845
1069,22,A,30,40,61096.0,0.256,65845
1070,22,A,30,41,67934.0,0.256,65845
1071,22,A,30,42,63573.0,0.256,65845
1072,22,A,30,43,68007.0,0.256,65845
1073,22,A,30,44,65179.0,0.256,65845
1074,22,A,30,45,66561.0,0.256,65845
1075,22,A,30,46,68272.0,0.256,65845
1076,22,A,30,47,63562.0,0.256,65845
1077,22,A,30,48,68282.0,0.256,65845
1078,23,A,30,0,125.0,0.256,65845
1079,23,A,30,1,161.0,0.256,65845
1080,23,A,30,2,197.0,0.256,65845
1081,23,A,30,3,246.0,0.256,65845
1082,23,A,30,4,298.0,0.256,65845
1083,23,A,30,5,388.0,0.256,65845
1084,23,A,30,6,503.0,0.256,65845
1085,23,A,30,7,598.0,0.256,65845
1086,23,A,30,8,803.0,0.256,65845
1087,23,A,30,9,985.0,0.256,65845
1088,23,A,30,10,1157.0,0.256,65845
1089,23,A,30,11,1512.0,0.256,65845
1090,23,A,30,12,1916.0,0.256,65845
1091,23,A,30,13,2353.0,0.256,65845
1092,23,A,30,14,2980.0,0.256,65845
1093,23,A,30,15,3774.0,0.256,65845
1094,23,A,30,16,4500.0,0.256,65845
1095,23,A,30,17,5718.0,0.256,65845
1096,23,A,30,18,6916.0,0.256,65845
1097,23,A,30,19,8295.0,0.256,65845
1098,23,A,30,20,10603.0,0.256,65845
1099,23,A,30,21,12508.0,0.256,65845
1100,23,A,30,22,15215.0,0.256,65845
1101,23,A,30,23,18772.0,0.256,65845
1102,23,A,30,24,20383.0,0.256,65845
1103,23,A,30,25,25884.0,0.256,65845
1104,23,A,30,26,29761.0,0.256,65845
1105,23,A,30,27,33733.0,0.256,65845
1106,23,A,30,28,38417.0,0.256,65845
1107,23,A,30,29,42296.0,0.256,65845
1108,23,A,30,30,46405.0,0.256,65845
1109,23,A,30,31,46999.0,0.256,65845
1110,23,A,30,32,51777.0,0.256,65845
1111,23,A,30,33,55573.0,0.256,65845
1112,23,A,30,34,57166.0,0.256,65845
1113,23,A,30,35,59526.0,0.256,65845
1114,23,A,30,36,59237.0,0.256,65845
1115,23,A,30,37,65242.0,0.256,65845
1116,23,A,30,38,62972.0,0.256,65845
1117,23,A,30,39,64973.0,0.256,65845
1118,23,A,30,40,65849.0,0.256,65845
1119,23,A,30,41,63567.0,0.256,65845
1120,23,A,30,42,63831.0,0.256,65845
1121,23,A,30,43,62984.0,0.256,65845
1122,23,A,30,44,66121.0,0.256,65845
1123,23,A,30,45,68028.0,0.256,65845
1124,23,A,30,46,66868.0,0.256,65845
1125,23,A,30,47,62826.0,0.256,65845
1126,23,A,30,48,67705.0,0.256,65845
1127,24,A,30,0,130.0,0.256,65845
1128,24,A,30,1,159.0,0.256,65845
1129,24,A,30,2,188.0,0.256,65845
1130,24,A,30,3,234.0,0.256,65845
1131,24,A,30,4,305.0,0.256,65845
1132,24,A,30,5,373.0,0.256,65845
1133,24,A,30,6,496.0,0.256,65845
1134,24,A,30,7,639.0,0.256,65845
1135,24,A,30,8,804.0,0.256,65845
1136,24,A,30,9,994.0,0.256,65845
1137,24,A,30,10,1249.0,0.256,65845
1138,24,A,30,11,1566.0,0.256,65845
1139,24,A,30,12,1905.0,0.256,65845
1140,24,A,30,13,2307.0,0.256,65845
1141,24,A,30,14,3119.0,0.256,65845
1142,24,A,30,15,3880.0,0.256,65845
1143,24,A,30,16,4275.0,0.256,65845
1144,24,A,30,17,5869.0,0.256,65845
1145,24,A,30,18,7036.0,0.256,65845
1146,24,A,30,19,8424.0,0.256,65845
1147,24,A,30,20,10969.0,0.256,65845
1148,24,A,30,21,12420.0,0.256,65845
1149,24,A,30,22,15274.0,0.256,65845
1150,24,A,30,23,18405.0,0.256,65845
1151,24,A,30,24,22635.0,0.256,65845
1152,24,A,30,25,25067.0,0.256,65845
1153,24,A,30,26,29753.0,0.256,65845
1154,24,A,30,27,33203.0,0.256,65845
1155,24,A,30,28,38373.0,0.256,65845
1156,24,A,30,29,43966.0,0.256,65845
1157,24,A,30,30,47725.0,0.256,65845
1158,24,A,30,31,49741.0,0.256,65845
1159,24,A,30,32,52920.0,0.256,65845
1160,24,A,30,33,53204.0,0.256,65845
1161,24,A,30,34,60105.0,0.256,65845
1162,24,A,30,35,60078.0,0.256,65845
1163,24,A,30,36,63794.0,0.256,65845
1164,24,A,30,37,62977.0,0.256,65845
1165,24,A,30,38,63528.0,0.256,65845
1166,24,A,30,39,63867.0,0.256,65845
1167,24,A,30,40,61514.0,0.256,65845
1168,24,A,30,41,66588.0,0.256,65845
1169,24,A,30,42,66830.0,0.256,65845
1170,24,A,30,43,64233.0,0.256,65845
1171,24,A,30,44,66624.0,0.256,65845
1172,24,A,30,45,66078.0,0.256,65845
1173,24,A,30,46,64773.0,0.256,65845
1174,24,A,30,47,64368.0,0.256,65845
1175,24,A,30,48,63303.0,0.256,65845
1176,25,A,30,0,122.0,0.256,65845
1177,25,A,30,1,164.0,0.256,65845
1178,25,A,30,2,204.0,0.256,65845
1179,25,A,30,3,250.0,0.256,65845
1180,25,A,30,4,323.0,0.256,65845
1181,25,A,30,5,395.0,0.256,65845
1182,25,A,30,6,487.0,0.256,65845
1183,25,A,30,7,628.0,0.256,65845
1184,25,A,30,8,770.0,0.256,65845
1185,25,A,30,9,964.0,0.256,65845
1186,25,A,30,10,1234.0,0.256,65845
1187,25,A,30,11,1472.0,0.256,65845
1188,25,A,30,12,1977.0,0.256,65845
1189,25,A,30,13,2406.0,0.256,65845
1190,25,A,30,14,2911.0,0.256,65845
1191,25,A,30,15,3765.0,0.256,65845
1192,25,A,30,16,4415.0,0.256,65845
1193,25,A,30,17,5419.0,0.256,65845
1194,25,A,30,18,6923.0,0.256,65845
1195,25,A,30,19,8673.0,0.256,65845
1196,25,A,30,20,10305.0,0.256,65845
1197,25,A,30,21,12325.0,0.256,65845
1198,25,A,30,22,16360.0,0.256,65845
1199,25,A,30,23,18635.0,0.256,65845
1200,25,A,30,24,21182.0,0.256,65845
1201,25,A,30,25,25353.0,0.256,65845
1202,25,A,30,26,30427.0,0.256,65845
1203,25,A,30,27,33739.0,0.256,65845
1204,25,A,30,28,36646.0,0.256,65845
1205,25,A,30,29,45216.0,0.256,65845
1206,25,A,30,30,48287.0,0.256,65845
1207,25,A,30,31,47499.0,0.256,65845
1208,25,A,30,32,54125.0,0.256,65845
1209,25,A,30,33,56696.0,0.256,65845
1210,25,A,30,34,56449.0,0.256,65845
1211,25,A,30,35,59185.0,0.256,65845
1212,25,A,30,36,59969.0,0.256,65845
1213,25,A,30,37,63283.0,0.256,65845
1214,25,A,30,38,66701.0,0.256,65845
1215,25,A,30,39,64356.0,0.256,65845
1216,25,A,30,40,63904.0,0.256,65845
1217,25,A,30,41,68000.0,0.256,65845
1218,25,A,30,42,65188.0,0.256,65845
1219,25,A,30,43,63861.0,0.256,65845
1220,25,A,30,44,64421.0,0.256,65845
1221,25,A,30,45,64893.0,0.256,65845
1222,25,A,30,46,67164.0,0.256,65845
1223,25,A,30,47,67803.0,0.256,65845
1224,25,A,30,48,68112.0,0.256,65845
1225,26,A,30,0,130.0,0.256,65845
1226,26,A,30,1,151.0,0.256,65845
1227,26,A,30,2,202.0,0.256,65845
1228,26,A,30,3,241.0,0.256,65845
1229,26,A,30,4,316.0,0.256,65845
1230,26,A,30,5,395.0,0.256,65845
1231,26,A,30,6,483.0,0.256,65845
1232,26,A,30,7,610.0,0.256,65845
1233,26,A,30,8,765.0,0.256,65845
1234,26,A,30,9,981.0,0.256,65845
1235,26,A,30,10,1225.0,0.256,65845
1236,26,A,30,11,1604.0,0.256,65845
1237,26,A,30,12,1921.0,0.256,65845
1238,26,A,30,13,2418.0,0.256,65845
1239,26,A,30,14,3002.0,0.256,65845
1240,26,A,30,15,3677.0,0.256,65845
1241,26,A,30,16,4711.0,0.256,65845
1242,26,A,30,17,5548.0,0.256,65845
1243,26,A,30,18,7059.0,0.256,65845
1244,26,A,30,19,8434.0,0.256,65845
1245,26,A,30,20,10446.0,0.256,65845
1246,26,A,30,21,12119.0,0.256,65845
1247,26,A,30,22,14773.0,0.256,65845
1248,26,A,30,23,18887.0,0.256,65845
1249,26,A,30,24,22019.0,0.256,65845
1250,26,A,30,25,26106.0,0.256,65845
1251,26,A,30,26,29395.0,0.256,65845
1252,26,A,30,27,32909.0,0.256,65845
1254,26,A,30,29,43492.0,0.256,65845
1255,26,A,30,30,44711.0,0.256,65845
1256,26,A,30,31,46334.0,0.256,65845
1257,26,A,30,32,51932.0,0.256,65845
1258,26,A,30,33,55328.0,0.256,65845
1259,26,A,30,34,54922.0,0.256,65845
1260,26,A,30,35,57240.0,0.256,65845
1261,26,A,30,36,62009.0,0.256,65845
1262,26,A,30,37,64520.0,0.256,65845
1263,26,A,30,38,66148.0,0.256,65845
1264,26,A,30,39,63162.0,0.256,65845
1265,26,A,30,40,65252.0,0.256,65845
1266,26,A,30,41,64509.0,0.256,65845
1267,26,A,30,42,63125.0,0.256,65845
1268,26,A,30,43,64240.0,0.256,65845
1269,26,A,30,44,66808.0,0.256,65845
1270,26,A,30,45,63521.0,0.256,65845
1271,26,A,30,46,64365.0,0.256,65845
1272,26,A,30,47,65599.0,0.256,65845
1273,26,A,30,48,64376.0,0.256,65845
1274,27,A,30,0,121.0,0.256,65845
1275,27,A,30,1,156.0,0.256,65845
1276,27,A,30,2,206.0,0.256,65845
1277,27,A,30,3,251.0,0.256,65845
1280,27,A,30,6,484.0,0.256,65845
1281,27,A,30,7,625.0,0.256,65845
1282,27,A,30,8,773.0,0.256,65845
1284,27,A,30,10,1189.0,0.256,65845
1285,27,A,30,11,1526.0,0.256,65845
1286,27,A,30,12,1909.0,0.256,65845
1287,27,A,30,13,2342.0,0.256,65845
1289,27,A,30,15,3567.0,0.256,65845
1290,27,A,30,16,4484.0,0.256,65845
1291,27,A,30,17,5589.0,0.256,65845
1292,27,A,30,18,6501.0,0.256,65845
1293,27,A,30,19,8684.0,0.256,65845
1294,27,A,30,20,10235.0,0.256,65845
1295,27,A,30,21,12695.0,0.256,65845
1296,27,A,30,22,14874.0,0.256,65845
1297,27,A,30,23,18771.0,0.256,65845
1298,27,A,30,24,21591.0,0.256,65845
1299,27,A,30,25,25069.0,0.256,65845
1300,27,A,30,26,30481.0,0.256,65845
1301,27,A,30,27,33088.0,0.256,65845
1302,27,A,30,28,35991.0,0.256,65845
1303,27,A,30,29,43672.0,0.256,65845
1304,27,A,30,30,45230.0,0.256,65845
1305,27,A,30,31,47936.0,0.256,65845
1306,27,A,30,32,52064.0,0.256,65845
1307,27,A,30,33,57424.0,0.256,65845
1308,27,A,30,34,58330.0,0.256,65845
1309,27,A,30,35,57907.0,0.256,65845
1310,27,A,30,36,61084.0,0.256,65845
1311,27,A,30,37,66672.0,0.256,65845
1312,27,A,30,38,64671.0,0.256,65845
1313,27,A,30,39,66056.0,0.256,65845
1314,27,A,30,40,63447.0,0.256,65845
1315,27,A,30,41,64368.0,0.256,65845
1316,27,A,30,42,69022.0,0.256,65845
1317,27,A,30,43,64558.0,0.256,65845
1318,27,A,30,44,66318.0,0.256,65845
1319,27,A,30,45,67231.0,0.256,65845
1320,27,A,30,46,67167.0,0.256,65845
1321,27,A,30,47,65417.0,0.256,65845
1322,27,A,30,48,67650.0,0.256,65845
1323,28,A,30,0,124.0,0.256,65845
1324,28,A,30,1,153.0,0.256,65845
1325,28,A,30,2,201.0,0.256,65845
1326,28,A,30,3,249.0,0.256,65845
1327,28,A,30,4,307.0,0.256,65845
1328,28,A,30,5,391.0,0.256,65845
1329,28,A,30,6,473.0,0.256,65845
1330,28,A,30,7,624.0,0.256,65845
1331,28,A,30,8,799.0,0.256,65845
1332,28,A,30,9,915.0,0.256,65845
1333,28,A,30,10,1178.0,0.256,65845
1334,28,A,30,11,1490.0,0.256,65845
1335,28,A,30,12,1828.0,0.256,65845
1336,28,A,30,13,2385.0,0.256,65845
1337,28,A,30,14,3081.0,0.256,65845
1338,28,A,30,15,3688.0,0.256,65845
1339,28,A,30,16,4750.0,0.256,65845
1340,28,A,30,17,5675.0,0.256,65845
1341,28,A,30,18,7066.0,0.256,65845
1342,28,A,30,19,8459.0,0.256,65845
1343,28,A,30,20,10591.0,0.256,65845
1345,28,A,30,22,15990.0,0.256,65845
1346,28,A,30,23,17807.0,0.256,65845
1347,28,A,30,24,21176.0,0.256,65845
1348,28,A,30,25,25708.0,0.256,65845
1349,28,A,30,26,28806.0,0.256,65845
1350,28,A,30,27,34273.0,0.256,65845
1351,28,A,30,28,38528.0,0.256,65845
1352,28,A,30,29,42229.0,0.256,65845
1353,28,A,30,30,43523.0,0.256,65845
1354,28,A,30,31,49304.0,0.256,65845
1355,28,A,30,32,52874.0,0.256,65845
1356,28,A,30,33,55296.0,0.256,65845
1357,28,A,30,34,57364.0,0.256,65845
1358,28,A,30,35,58191.0,0.256,65845
1359,28,A,30,36,60109.0,0.256,65845
1360,28,A,30,37,62867.0,0.256,65845
1361,28,A,30,38,63735.0,0.256,65845
1362,28,A,30,39,62596.0,0.256,65845
1363,28,A,30,40,65310.0,0.256,65845
1364,28,A,30,41,66718.0,0.256,65845
1365,28,A,30,42,67225.0,0.256,65845
1366,28,A,30,43,65002.0,0.256,65845
1367,28,A,30,44,69818.0,0.256,65845
1368,28,A,30,45,62541.0,0.256,65845
1369,28,A,30,46,66756.0,0.256,65845
1370,28,A,30,47,65980.0,0.256,65845
1371,28,A,30,48,65590.0,0.256,65845
1372,29,A,30,0,125.0,0.256,65845
1373,29,A,30,1,155.0,0.256,65845
1374,29,A,30,2,199.0,0.256,65845
1375,29,A,30,3,247.0,0.256,65845
1376,29,A,30,4,308.0,0.256,65845
1377,29,A,30,5,388.0,0.256,65845
1378,29,A,30,6,485.0,0.256,65845
1379,29,A,30,7,629.0,0.256,65845
1380,29,A,30,8,802.0,0.256,65845
1381,29,A,30,9,965.0,0.256,65845
1382,29,A,30,10,1225.0,0.256,65845
1383,29,A,30,11,1590.0,0.256,65845
1384,29,A,30,12,1843.0,0.256,65845
1385,29,A,30,13,2412.0,0.256,65845
1387,29,A,30,15,3721.0,0.256,65845
1388,29,A,30,16,23300.0,0.256,65845
1389,29,A,30,17,5900.0,0.256,65845
1390,29,A,30,18,6845.0,0.256,65845
1392,29,A,30,20,10414.0,0.256,65845
1393,29,A,30,21,13183.0,0.256,65845
1394,29,A,30,22,14852.0,0.256,65845
1395,29,A,30,23,19013.0,0.256,65845
1396,29,A,30,24,22909.0,0.256,65845
1397,29,A,30,25,27071.0,0.256,65845
1398,29,A,30,26,30596.0,0.256,65845
1399,29,A,30,27,33763.0,0.256,65845
1400,29,A,30,28,37230.0,0.256,65845
1401,29,A,30,29,43202.0,0.256,65845
1402,29,A,30,30,46682.0,0.256,65845
1403,29,A,30,31,47177.0,0.256,65845
1404,29,A,30,32,50783.0,0.256,65845
1405,29,A,30,33,56328.0,0.256,65845
1406,29,A,30,34,57540.0,0.256,65845
1408,29,A,30,36,59069.0,0.256,65845
1409,29,A,30,37,60983.0,0.256,65845
1410,29,A,30,38,64421.0,0.256,65845
1411,29,A,30,39,65231.0,0.256,65845
1412,29,A,30,40,65540.0,0.256,65845
1413,29,A,30,41,64778.0,0.256,65845
1414,29,A,30,42,65182.0,0.256,65845
1415,29,A,30,43,64970.0,0.256,65845
1416,29,A,30,44,68942.0,0.256,65845
1417,29,A,30,45,62998.0,0.256,65845
1418,29,A,30,46,67208.0,0.256,65845
1419,29,A,30,47,67664.0,0.256,65845
1420,29,A,30,48,66524.0,0.256,65845
1421,30,A,30,0,117.0,0.256,65845
1422,30,A,30,1,158.0,0.256,65845
1423,30,A,30,2,198.0,0.256,65845
1424,30,A,30,3,243.0,0.256,65845
1425,30,A,30,4,307.0,0.256,65845
1426,30,A,30,5,388.0,0.256,65845
1427,30,A,30,6,499.0,0.256,65845
1428,30,A,30,7,604.0,0.256,65845
1429,30,A,30,8,782.0,0.256,65845
1430,30,A,30,9,936.0,0.256,65845
1431,30,A,30,10,1284.0,0.256,65845
1432,30,A,30,11,1447.0,0.256,65845
1433,30,A,30,12,1888.0,0.256,65845
1434,30,A,30,13,2286.0,0.256,65845
1435,30,A,30,14,2853.0,0.256,65845
1436,30,A,30,15,3709.0,0.256,65845
1437,30,A,30,16,4729.0,0.256,65845
1438,30,A,30,17,5514.0,0.256,65845
1439,30,A,30,18,7042.0,0.256,65845
1440,30,A,30,19,8423.0,0.256,65845
1441,30,A,30,20,10709.0,0.256,65845
1442,30,A,30,21,11729.0,0.256,65845
1443,30,A,30,22,15588.0,0.256,65845
1444,30,A,30,23,18145.0,0.256,65845
1445,30,A,30,24,21586.0,0.256,65845
1446,30,A,30,25,25166.0,0.256,65845
1447,30,A,30,26,27996.0,0.256,65845
1448,30,A,30,27,34470.0,0.256,65845
1449,30,A,30,28,38265.0,0.256,65845
1450,30,A,30,29,40844.0,0.256,65845
1451,30,A,30,30,45229.0,0.256,65845
1452,30,A,30,31,48814.0,0.256,65845
1453,30,A,30,32,49442.0,0.256,65845
1454,30,A,30,33,55222.0,0.256,65845
1455,30,A,30,34,58491.0,0.256,65845
1456,30,A,30,35,59386.0,0.256,65845
1457,30,A,30,36,60638.0,0.256,65845
1458,30,A,30,37,58937.0,0.256,65845
1459,30,A,30,38,61560.0,0.256,65845
1460,30,A,30,39,60501.0,0.256,65845
1461,30,A,30,40,62829.0,0.256,65845
1462,30,A,30,41,64895.0,0.256,65845
1463,30,A,30,42,70480.0,0.256,65845
1464,30,A,30,43,64663.0,0.256,65845
1465,30,A,30,44,65187.0,0.256,65845
1466,30,A,30,45,64415.0,0.256,65845
1467,30,A,30,46,64757.0,0.256,65845
1468,30,A,30,47,67551.0,0.256,65845
1469,30,A,30,48,64446.0,0.256,65845
1470,31,A,37,0,106.0,0.058,14877
1471,31,A,37,1,114.0,0.058,14877
1472,31,A,37,2,115.0,0.058,14877
1473,31,A,37,3,133.0,0.058,14877
1474,31,A,37,4,130.0,0.058,14877
1475,31,A,37,5,140.0,0.058,14877
1476,31,A,37,6,154.0,0.058,14877
1477,31,A,37,7,154.0,0.058,14877
1478,31,A,37,8,151.0,0.058,14877
1479,31,A,37,9,176.0,0.058,14877
1482,31,A,37,12,212.0,0.058,14877
1483,31,A,37,13,219.0,0.058,14877
1484,31,A,37,14,243.0,0.058,14877
1485,31,A,37,15,257.0,0.058,14877
1486,31,A,37,16,259.0,0.058,14877
1487,31,A,37,17,283.0,0.058,14877
1488,31,A,37,18,285.0,0.058,14877
1489,31,A,37,19,310.0,0.058,14877
1490,31,A,37,20,331.0,0.058,14877
1491,31,A,37,21,329.0,0.058,14877
1492,31,A,37,22,363.0,0.058,14877
1493,31,A,37,23,357.0,0.058,14877
1494,31,A,37,24,387.0,0.058,14877
1495,31,A,37,25,406.0,0.058,14877
1496,31,A,37,26,458.0,0.058,14877
1497,31,A,37,27,459.0,0.058,14877
1498,31,A,37,28,522.0,0.058,14877
1499,31,A,37,29,511.0,0.058,14877
1500,31,A,37,30,545.0,0.058,14877
1501,31,A,37,31,564.0,0.058,14877
1502,31,A,37,32,620.0,0.058,14877
1503,31,A,37,33,643.0,0.058,14877
1504,31,A,37,34,686.0,0.058,14877
1505,31,A,37,35,737.0,0.058,14877
1506,31,A,37,36,766.0,0.058,14877
1507,31,A,37,37,791.0,0.058,14877
1508,31,A,37,38,822.0,0.058,14877
1509,31,A,37,39,903.0,0.058,14877
1510,31,A,37,40,1000.0,0.058,14877
1511,31,A,37,41,1038.0,0.058,14877
1512,31,A,37,42,1059.0,0.058,14877
1513,31,A,37,43,1092.0,0.058,14877
1514,31,A,37,44,1204.0,0.058,14877
1515,31,A,37,45,1243.0,0.058,14877
1516,31,A,37,46,1277.0,0.058,14877
1517,31,A,37,47,1349.0,0.058,14877
1518,31,A,37,48,1413.0,0.058,14877
1519,32,A,37,0,103.0,0.058,14877
1520,32,A,37,1,111.0,0.058,14877
1521,32,A,37,2,116.0,0.058,14877
1522,32,A,37,3,126.0,0.058,14877
1523,32,A,37,4,131.0,0.058,14877
1524,32,A,37,5,134.0,0.058,14877
1525,32,A,37,6,149.0,0.058,14877
1526,32,A,37,7,165.0,0.058,14877
1527,32,A,37,8,159.0,0.058,14877
1528,32,A,37,9,177.0,0.058,14877
1529,32,A,37,10,180.0,0.058,14877
1530,32,A,37,11,197.0,0.058,14877
1531,32,A,37,12,223.0,0.058,14877
1532,32,A,37,13,226.0,0.058,14877
1533,32,A,37,14,227.0,0.058,14877
1534,32,A,37,15,239.0,0.058,14877
1535,32,A,37,16,254.0,0.058,14877
1536,32,A,37,17,277.0,0.058,14877
1537,32,A,37,18,285.0,0.058,14877
1538,32,A,37,19,294.0,0.058,14877
1539,32,A,37,20,324.0,0.058,14877
1540,32,A,37,21,317.0,0.058,14877
1541,32,A,37,22,351.0,0.058,14877
1542,32,A,37,23,395.0,0.058,14877
1543,32,A,37,24,395.0,0.058,14877
1544,32,A,37,25,421.0,0.058,14877
1545,32,A,37,26,433.0,0.058,14877
1546,32,A,37,27,458.0,0.058,14877
1547,32,A,37,28,478.0,0.058,14877
1548,32,A,37,29,510.0,0.058,14877
1549,32,A,37,30,531.0,0.058,14877
1550,32,A,37,31,534.0,0.058,14877
1551,32,A,37,32,616.0,0.058,14877
1552,32,A,37,33,632.0,0.058,14877
1553,32,A,37,34,709.0,0.058,14877
1554,32,A,37,35,740.0,0.058,14877
1555,32,A,37,36,782.0,0.058,14877
1556,32,A,37,37,838.0,0.058,14877
1557,32,A,37,38,887.0,0.058,14877
1558,32,A,37,39,889.0,0.058,14877
1559,32,A,37,40,987.0,0.058,14877
1560,32,A,37,41,1060.0,0.058,14877
1561,32,A,37,42,1075.0,0.058,14877
1562,32,A,37,43,1070.0,0.058,14877
1563,32,A,37,44,1162.0,0.058,14877
1565,32,A,37,46,1273.0,0.058,14877
1566,32,A,37,47,1329.0,0.058,14877
1567,32,A,37,48,1502.0,0.058,14877
1568,33,A,37,0,105.0,0.058,14877
1569,33,A,37,1,111.0,0.058,14877
1570,33,A,37,2,121.0,0.058,14877
1571,33,A,37,3,122.0,0.058,14877
1572,33,A,37,4,140.0,0.058,14877
1573,33,A,37,5,141.0,0.058,14877
1574,33,A,37,6,150.0,0.058,14877
1575,33,A,37,7,150.0,0.058,14877
1576,33,A,37,8,162.0,0.058,14877
1577,33,A,37,9,179.0,0.058,14877
1578,33,A,37,10,185.0,0.058,14877
1579,33,A,37,11,195.0,0.058,14877
1580,33,A,37,12,205.0,0.058,14877
1581,33,A,37,13,221.0,0.058,14877
1582,33,A,37,14,218.0,0.058,14877
1583,33,A,37,15,256.0,0.058,14877
1584,33,A,37,16,266.0,0.058,14877
1585,33,A,37,17,281.0,0.058,14877
1586,33,A,37,18,273.0,0.058,14877
1587,33,A,37,19,307.0,0.058,14877
1588,33,A,37,20,337.0,0.058,14877
1589,33,A,37,21,337.0,0.058,14877
1590,33,A,37,22,350.0,0.058,14877
1591,33,A,37,23,360.0,0.058,14877
1593,33,A,37,25,430.0,0.058,14877
1594,33,A,37,26,423.0,0.058,14877
1595,33,A,37,27,453.0,0.058,14877
1596,33,A,37,28,510.0,0.058,14877
1597,33,A,37,29,508.0,0.058,14877
1598,33,A,37,30,555.0,0.058,14877
1599,33,A,37,31,585.0,0.058,14877
1600,33,A,37,32,635.0,0.058,14877
1601,33,A,37,33,636.0,0.058,14877
1602,33,A,37,34,689.0,0.058,14877
1603,33,A,37,35,707.0,0.058,14877
1604,33,A,37,36,798.0,0.058,14877
1605,33,A,37,37,802.0,0.058,14877
1606,33,A,37,38,898.0,0.058,14877
1607,33,A,37,39,880.0,0.058,14877
1608,33,A,37,40,946.0,0.058,14877
1609,33,A,37,41,1044.0,0.058,14877
1610,33,A,37,42,1067.0,0.058,14877
1611,33,A,37,43,1133.0,0.058,14877
1612,33,A,37,44,1160.0,0.058,14877
1613,33,A,37,45,1229.0,0.058,14877
1614,33,A,37,46,1278.0,0.058,14877
1615,33,A,37,47,1372.0,0.058,14877
1616,33,A,37,48,1480.0,0.058,14877
1617,34,A,37,0,110.0,0.058,14877
1618,34,A,37,1,114.0,0.058,14877
1619,34,A,37,2,112.0,0.058,14877
1620,34,A,37,3,129.0,0.058,14877
1621,34,A,37,4,136.0,0.058,14877
1622,34,A,37,5,139.0,0.058,14877
1623,34,A,37,6,147.0,0.058,14877
1624,34,A,37,7,146.0,0.058,14877
1625,34,A,37,8,161.0,0.058,14877
1626,34,A,37,9,179.0,0.058,14877
1627,34,A,37,10,194.0,0.058,14877
1628,34,A,37,11,195.0,0.058,14877
1629,34,A,37,12,201.0,0.058,14877
1630,34,A,37,13,217.0,0.058,14877
1631,34,A,37,14,233.0,0.058,14877
1632,34,A,37,15,235.0,0.058,14877
1633,34,A,37,16,257.0,0.058,14877
1634,34,A,37,17,276.0,0.058,14877
1635,34,A,37,18,297.0,0.058,14877
1636,34,A,37,19,299.0,0.058,14877
1637,34,A,37,20,311.0,0.058,14877
1638,34,A,37,21,339.0,0.058,14877
1639,34,A,37,22,353.0,0.058,14877
1640,34,A,37,23,376.0,0.058,14877
1641,34,A,37,24,393.0,0.058,14877
1642,34,A,37,25,423.0,0.058,14877
1643,34,A,37,26,438.0,0.058,14877
1644,34,A,37,27,479.0,0.058,14877
1645,34,A,37,28,495.0,0.058,14877
1646,34,A,37,29,515.0,0.058,14877
1647,34,A,37,30,583.0,0.058,14877
1648,34,A,37,31,595.0,0.058,14877
1649,34,A,37,32,620.0,0.058,14877
1650,34,A,37,33,642.0,0.058,14877
1651,34,A,37,34,648.0,0.058,14877
1652,34,A,37,35,738.0,0.058,14877
1654,34,A,37,37,792.0,0.058,14877
1655,34,A,37,38,861.0,0.058,14877
1656,34,A,37,39,882.0,0.058,14877
1657,34,A,37,40,952.0,0.058,14877
1658,34,A,37,41,1007.0,0.058,14877
1659,34,A,37,42,1031.0,0.058,14877
1660,34,A,37,43,1093.0,0.058,14877
1661,34,A,37,44,1191.0,0.058,14877
1662,34,A,37,45,1207.0,0.058,14877
1663,34,A,37,46,1236.0,0.058,14877
1664,34,A,37,47,1291.0,0.058,14877
1665,34,A,37,48,1431.0,0.058,14877
1666,35,A,37,0,111.0,0.058,14877
1667,35,A,37,1,112.0,0.058,14877
1669,35,A,37,3,129.0,0.058,14877
1671,35,A,37,5,146.0,0.058,14877
1672,35,A,37,6,140.0,0.058,14877
1673,35,A,37,7,156.0,0.058,14877
1674,35,A,37,8,172.0,0.058,14877
1675,35,A,37,9,176.0,0.058,14877
1676,35,A,37,10,191.0,0.058,14877
1677,35,A,37,11,203.0,0.058,14877
1678,35,A,37,12,207.0,0.058,14877
1679,35,A,37,13,209.0,0.058,14877
1680,35,A,37,14,224.0,0.058,14877
1681,35,A,37,15,247.0,0.058,14877
1682,35,A,37,16,275.0,0.058,14877
1683,35,A,37,17,275.0,0.058,14877
1684,35,A,37,18,269.0,0.058,14877
1685,35,A,37,19,303.0,0.058,14877
1686,35,A,37,20,321.0,0.058,14877
1687,35,A,37,21,341.0,0.058,14877
1688,35,A,37,22,365.0,0.058,14877
1689,35,A,37,23,340.0,0.058,14877
1690,35,A,37,24,432.0,0.058,14877
1691,35,A,37,25,436.0,0.058,14877
1692,35,A,37,26,457.0,0.058,14877
1693,35,A,37,27,478.0,0.058,14877
1694,35,A,37,28,484.0,0.058,14877
1695,35,A,37,29,523.0,0.058,14877
1696,35,A,37,30,590.0,0.058,14877
1697,35,A,37,31,600.0,0.058,14877
1698,35,A,37,32,633.0,0.058,14877
1699,35,A,37,33,654.0,0.058,14877
1700,35,A,37,34,686.0,0.058,14877
1701,35,A,37,35,733.0,0.058,14877
1702,35,A,37,36,797.0,0.058,14877
1703,35,A,37,37,841.0,0.058,14877
1704,35,A,37,38,882.0,0.058,14877
1705,35,A,37,39,872.0,0.058,14877
1706,35,A,37,40,944.0,0.058,14877
1707,35,A,37,41,1001.0,0.058,14877
1708,35,A,37,42,1027.0,0.058,14877
1709,35,A,37,43,1137.0,0.058,14877
1710,35,A,37,44,1143.0,0.058,14877
1711,35,A,37,45,1326.0,0.058,14877
1712,35,A,37,46,1316.0,0.058,14877
1713,35,A,37,47,1371.0,0.058,14877
1714,35,A,37,48,1402.0,0.058,14877
1715,36,A,37,0,105.0,0.058,14877
1716,36,A,37,1,117.0,0.058,14877
1717,36,A,37,2,113.0,0.058,14877
1718,36,A,37,3,123.0,0.058,14877
1719,36,A,37,4,137.0,0.058,14877
1720,36,A,37,5,128.0,0.058,14877
1721,36,A,37,6,148.0,0.058,14877
1722,36,A,37,7,152.0,0.058,14877
1723,36,A,37,8,170.0,0.058,14877
1724,36,A,37,9,169.0,0.058,14877
1725,36,A,37,10,176.0,0.058,14877
1726,36,A,37,11,193.0,0.058,14877
1727,36,A,37,12,217.0,0.058,14877
1728,36,A,37,13,215.0,0.058,14877
1729,36,A,37,14,231.0,0.058,14877
1730,36,A,37,15,245.0,0.058,14877
1731,36,A,37,16,251.0,0.058,14877
1732,36,A,37,17,270.0,0.058,14877
1733,36,A,37,18,286.0,0.058,14877
1734,36,A,37,19,309.0,0.058,14877
1735,36,A,37,20,321.0,0.058,14877
1737,36,A,37,22,340.0,0.058,14877
1738,36,A,37,23,402.0,0.058,14877
1739,36,A,37,24,398.0,0.058,14877
1740,36,A,37,25,420.0,0.058,14877
1741,36,A,37,26,457.0,0.058,14877
1742,36,A,37,27,495.0,0.058,14877
1743,36,A,37,28,501.0,0.058,14877
1744,36,A,37,29,532.0,0.058,14877
1745,36,A,37,30,538.0,0.058,14877
1746,36,A,37,31,589.0,0.058,14877
1748,36,A,37,33,641.0,0.058,14877
1749,36,A,37,34,702.0,0.058,14877
1750,36,A,37,35,702.0,0.058,14877
1751,36,A,37,36,806.0,0.058,14877
1752,36,A,37,37,776.0,0.058,14877
1753,36,A,37,38,879.0,0.058,14877
1754,36,A,37,39,877.0,0.058,14877
1755,36,A,37,40,966.0,0.058,14877
1756,36,A,37,41,1044.0,0.058,14877
1757,36,A,37,42,1002.0,0.058,14877
1758,36,A,37,43,1108.0,0.058,14877
1759,36,A,37,44,1172.0,0.058,14877
1760,36,A,37,45,1185.0,0.058,14877
1761,36,A,37,46,1276.0,0.058,14877
1762,36,A,37,47,1417.0,0.058,14877
1763,36,A,37,48,1387.0,0.058,14877
1764,37,A,37,0,104.0,0.058,14877
1765,37,A,37,1,107.0,0.058,14877
1766,37,A,37,2,114.0,0.058,14877
1767,37,A,37,3,126.0,0.058,14877
1768,37,A,37,4,137.0,0.058,14877
1769,37,A,37,5,134.0,0.058,14877
1770,37,A,37,6,150.0,0.058,14877
1771,37,A,37,7,159.0,0.058,14877
1772,37,A,37,8,155.0,0.058,14877
1773,37,A,37,9,177.0,0.058,14877
1774,37,A,37,10,177.0,0.058,14877
1775,37,A,37,11,187.0,0.058,14877
1776,37,A,37,12,198.0,0.058,14877
1777,37,A,37,13,211.0,0.058,14877
1778,37,A,37,14,229.0,0.058,14877
1779,37,A,37,15,247.0,0.058,14877
1780,37,A,37,16,265.0,0.058,14877
1781,37,A,37,17,260.0,0.058,14877
1782,37,A,37,18,302.0,0.058,14877
1783,37,A,37,19,295.0,0.058,14877
1784,37,A,37,20,302.0,0.058,14877
1785,37,A,37,21,345.0,0.058,14877
1786,37,A,37,22,364.0,0.058,14877
1787,37,A,37,23,391.0,0.058,14877
1788,37,A,37,24,410.0,0.058,14877
1789,37,A,37,25,437.0,0.058,14877
1790,37,A,37,26,434.0,0.058,14877
1791,37,A,37,27,466.0,0.058,14877
1792,37,A,37,28,488.0,0.058,14877
1793,37,A,37,29,530.0,0.058,14877
1794,37,A,37,30,545.0,0.058,14877
1795,37,A,37,31,610.0,0.058,14877
1796,37,A,37,32,627.0,0.058,14877
1797,37,A,37,33,665.0,0.058,14877
1798,37,A,37,34,679.0,0.058,14877
1799,37,A,37,35,716.0,0.058,14877
1800,37,A,37,36,758.0,0.058,14877
1801,37,A,37,37,809.0,0.058,14877
1802,37,A,37,38,793.0,0.058,14877
1803,37,A,37,39,871.0,0.058,14877
1804,37,A,37,40,967.0,0.058,14877
1805,37,A,37,41,1005.0,0.058,14877
1806,37,A,37,42,1072.0,0.058,14877
1807,37,A,37,43,1104.0,0.058,14877
1808,37,A,37,44,1146.0,0.058,14877
1809,37,A,37,45,1235.0,0.058,14877
1810,37,A,37,46,1275.0,0.058,14877
1811,37,A,37,47,1390.0,0.058,14877
1812,37,A,37,48,1436.0,0.058,14877
1813,38,A,37,0,106.0,0.058,14877
1814,38,A,37,1,113.0,0.058,14877
1815,38,A,37,2,116.0,0.058,14877
1816,38,A,37,3,122.0,0.058,14877
1817,38,A,37,4,130.0,0.058,14877
1818,38,A,37,5,139.0,0.058,14877
1819,38,A,37,6,154.0,0.058,14877
1820,38,A,37,7,154.0,0.058,14877
1821,38,A,37,8,163.0,0.058,14877
1822,38,A,37,9,179.0,0.058,14877
1823,38,A,37,10,192.0,0.058,14877
1824,38,A,37,11,198.0,0.058,14877
1826,38,A,37,13,218.0,0.058,14877
1827,38,A,37,14,231.0,0.058,14877
1828,38,A,37,15,244.0,0.058,14877
1829,38,A,37,16,264.0,0.058,14877
1830,38,A,37,17,273.0,0.058,14877
1831,38,A,37,18,288.0,0.058,14877
1832,38,A,37,19,295.0,0.058,14877
1833,38,A,37,20,312.0,0.058,14877
1834,38,A,37,21,339.0,0.058,14877
1835,38,A,37,22,355.0,0.058,14877
1836,38,A,37,23,390.0,0.058,14877
1837,38,A,37,24,396.0,0.058,14877
1838,38,A,37,25,430.0,0.058,14877
1839,38,A,37,26,444.0,0.058,14877
1840,38,A,37,27,456.0,0.058,14877
1841,38,A,37,28,480.0,0.058,14877
1842,38,A,37,29,520.0,0.058,14877
1843,38,A,37,30,557.0,0.058,14877
1845,38,A,37,32,637.0,0.058,14877
1846,38,A,37,33,665.0,0.058,14877
1847,38,A,37,34,706.0,0.058,14877
1848,38,A,37,35,730.0,0.058,14877
1849,38,A,37,36,783.0,0.058,14877
1850,38,A,37,37,821.0,0.058,14877
1851,38,A,37,38,807.0,0.058,14877
1852,38,A,37,39,882.0,0.058,14877
1853,38,A,37,40,999.0,0.058,14877
1854,38,A,37,41,978.0,0.058,14877
1855,38,A,37,42,1069.0,0.058,14877
1856,38,A,37,43,5665.0,0.058,14877
1857,38,A,37,44,1178.0,0.058,14877
1858,38,A,37,45,1252.0,0.058,14877
1859,38,A,37,46,1391.0,0.058,14877
1860,38,A,37,47,1295.0,0.058,14877
1861,38,A,37,48,1384.0,0.058,14877
1862,39,A,37,0,111.0,0.058,14877
1863,39,A,37,1,115.0,0.058,14877
1864,39,A,37,2,116.0,0.058,14877
1865,39,A,37,3,132.0,0.058,14877
1866,39,A,37,4,129.0,0.058,14877
1867,39,A,37,5,136.0,0.058,14877
1868,39,A,37,6,148.0,0.058,14877
1869,39,A,37,7,154.0,0.058,14877
1870,39,A,37,8,165.0,0.058,14877
1871,39,A,37,9,171.0,0.058,14877
1872,39,A,37,10,179.0,0.058,14877
1873,39,A,37,11,193.0,0.058,14877
1874,39,A,37,12,211.0,0.058,14877
1875,39,A,37,13,212.0,0.058,14877
1876,39,A,37,14,223.0,0.058,14877
1877,39,A,37,15,248.0,0.058,14877
1878,39,A,37,16,255.0,0.058,14877
1879,39,A,37,17,288.0,0.058,14877
1880,39,A,37,18,304.0,0.058,14877
1881,39,A,37,19,297.0,0.058,14877
1883,39,A,37,21,327.0,0.058,14877
1884,39,A,37,22,361.0,0.058,14877
1885,39,A,37,23,370.0,0.058,14877
1886,39,A,37,24,412.0,0.058,14877
1887,39,A,37,25,407.0,0.058,14877
1888,39,A,37,26,438.0,0.058,14877
1889,39,A,37,27,472.0,0.058,14877
1890,39,A,37,28,519.0,0.058,14877
1891,39,A,37,29,509.0,0.058,14877
1892,39,A,37,30,562.0,0.058,14877
1893,39,A,37,31,585.0,0.058,14877
1894,39,A,37,32,622.0,0.058,14877
1895,39,A,37,33,644.0,0.058,14877
1896,39,A,37,34,680.0,0.058,14877
1897,39,A,37,35,727.0,0.058,14877
1898,39,A,37,36,769.0,0.058,14877
1899,39,A,37,37,779.0,0.058,14877
1900,39,A,37,38,851.0,0.058,14877
1901,39,A,37,39,903.0,0.058,14877
1902,39,A,37,40,974.0,0.058,14877
1903,39,A,37,41,986.0,0.058,14877
1904,39,A,37,42,1105.0,0.058,14877
1905,39,A,37,43,1049.0,0.058,14877
1906,39,A,37,44,1112.0,0.058,14877
1907,39,A,37,45,1200.0,0.058,14877
1908,39,A,37,46,1293.0,0.058,14877
1909,39,A,37,47,1416.0,0.058,14877
1910,39,A,37,48,1457.0,0.058,14877
1911,40,A,37,0,107.0,0.058,14877
1912,40,A,37,1,112.0,0.058,14877
1913,40,A,37,2,115.0,0.058,14877
1914,40,A,37,3,132.0,0.058,14877
1915,40,A,37,4,136.0,0.058,14877
1916,40,A,37,5,137.0,0.058,14877
1917,40,A,37,6,147.0,0.058,14877
1918,40,A,37,7,156.0,0.058,14877
1919,40,A,37,8,169.0,0.058,14877
1920,40,A,37,9,179.0,0.058,14877
1921,40,A,37,10,189.0,0.058,14877
1922,40,A,37,11,194.0,0.058,14877
1923,40,A,37,12,211.0,0.058,14877
1924,40,A,37,13,220.0,0.058,14877
1925,40,A,37,14,227.0,0.058,14877
1926,40,A,37,15,1225.0,0.058,14877
1927,40,A,37,16,256.0,0.058,14877
1928,40,A,37,17,271.0,0.058,14877
1929,40,A,37,18,292.0,0.058,14877
1930,40,A,37,19,297.0,0.058,14877
1931,40,A,37,20,343.0,0.058,14877
1932,40,A,37,21,346.0,0.058,14877
1933,40,A,37,22,363.0,0.058,14877
1934,40,A,37,23,391.0,0.058,14877
1935,40,A,37,24,399.0,0.058,14877
1936,40,A,37,25,440.0,0.058,14877
1937,40,A,37,26,414.0,0.058,14877
1938,40,A,37,27,475.0,0.058,14877
1939,40,A,37,28,489.0,0.058,14877
1940,40,A,37,29,501.0,0.058,14877
1941,40,A,37,30,575.0,0.058,14877
1942,40,A,37,31,606.0,0.058,14877
1943,40,A,37,32,612.0,0.058,14877
1944,40,A,37,33,680.0,0.058,14877
1945,40,A,37,34,732.0,0.058,14877
1946,40,A,37,35,717.0,0.058,14877
1947,40,A,37,36,780.0,0.058,14877
1948,40,A,37,37,819.0,0.058,14877
1949,40,A,37,38,827.0,0.058,14877
1951,40,A,37,40,967.0,0.058,14877
1952,40,A,37,41,943.0,0.058,14877
1953,40,A,37,42,1035.0,0.058,14877
1954,40,A,37,43,1117.0,0.058,14877
1955,40,A,37,44,1181.0,0.058,14877
1956,40,A,37,45,1206.0,0.058,14877
1957,40,A,37,46,1293.0,0.058,14877
1958,40,A,37,47,1400.0,0.058,14877
1959,40,A,37,48,1455.0,0.058,14877
1960,41,B,20,0,119.0,0.158,42976
1961,41,B,20,1,137.0,0.158,42976
1962,41,B,20,2,157.0,0.158,42976
1963,41,B,20,3,174.0,0.158,42976
1964,41,B,20,4,206.0,0.158,42976
1965,41,B,20,5,238.0,0.158,42976
1966,41,B,20,6,283.0,0.158,42976
1967,41,B,20,7,315.0,0.158,42976
1968,41,B,20,8,357.0,0.158,42976
1969,41,B,20,9,424.0,0.158,42976
1970,41,B,20,10,472.0,0.158,42976
1971,41,B,20,11,568.0,0.158,42976
1972,41,B,20,12,699.0,0.158,42976
1974,41,B,20,14,924.0,0.158,42976
1975,41,B,20,15,977.0,0.158,42976
1976,41,B,20,16,1150.0,0.158,42976
1977,41,B,20,17,1353.0,0.158,42976
1978,41,B,20,18,1555.0,0.158,42976
1979,41,B,20,19,1793.0,0.158,42976
1980,41,B,20,20,2106.0,0.158,42976
1981,41,B,20,21,2465.0,0.158,42976
1982,41,B,20,22,2876.0,0.158,42976
1983,41,B,20,23,3094.0,0.158,42976
1984,41,B,20,24,3475.0,0.158,42976
1985,41,B,20,25,3882.0,0.158,42976
1986,41,B,20,26,4672.0,0.158,42976
1987,41,B,20,27,5212.0,0.158,42976
1988,41,B,20,28,6056.0,0.158,42976
1989,41,B,20,29,6473.0,0.158,42976
1990,41,B,20,30,8089.0,0.158,42976
1991,41,B,20,31,9148.0,0.158,42976
1992,41,B,20,32,10077.0,0.158,42976
1993,41,B,20,33,11392.0,0.158,42976
1994,41,B,20,34,11933.0,0.158,42976
1995,41,B,20,35,14015.0,0.158,42976
1996,41,B,20,36,15447.0,0.158,42976
1997,41,B,20,37,16472.0,0.158,42976
1998,41,B,20,38,19202.0,0.158,42976
1999,41,B,20,39,19641.0,0.158,42976
2000,41,B,20,40,21626.0,0.158,42976
2001,41,B,20,41,24207.0,0.158,42976
2002,41,B,20,42,25038.0,0.158,42976
2003,41,B,20,43,27536.0,0.158,42976
2004,41,B,20,44,28374.0,0.158,42976
2005,41,B,20,45,29015.0,0.158,42976
2006,41,B,20,46,30909.0,0.158,42976
2007,41,B,20,47,31682.0,0.158,42976
2008,41,B,20,48,33382.0,0.158,42976
2009,42,B,20,0,115.0,0.158,42976
2010,42,B,20,1,136.0,0.158,42976
2011,42,B,20,2,159.0,0.158,42976
2012,42,B,20,3,172.0,0.158,42976
2013,42,B,20,4,206.0,0.158,42976
2014,42,B,20,5,239.0,0.158,42976
2015,42,B,20,6,285.0,0.158,42976
2016,42,B,20,7,327.0,0.158,42976
2017,42,B,20,8,372.0,0.158,42976
2018,42,B,20,9,418.0,0.158,42976
2019,42,B,20,10,495.0,0.158,42976
2020,42,B,20,11,554.0,0.158,42976
2021,42,B,20,12,635.0,0.158,42976
2022,42,B,20,13,779.0,0.158,42976
2023,42,B,20,14,868.0,0.158,42976
2024,42,B,20,15,993.0,0.158,42976
2025,42,B,20,16,1207.0,0.158,42976
2026,42,B,20,17,1359.0,0.158,42976
2027,42,B,20,18,1697.0,0.158,42976
2028,42,B,20,19,1900.0,0.158,42976
2029,42,B,20,20,2137.0,0.158,42976
2030,42,B,20,21,2381.0,0.158,42976
2031,42,B,20,22,2698.0,0.158,42976
2032,42,B,20,23,3365.0,0.158,42976
2033,42,B,20,24,3590.0,0.158,42976
2034,42,B,20,25,3877.0,0.158,42976
2035,42,B,20,26,4710.0,0.158,42976
2036,42,B,20,27,5402.0,0.158,42976
2037,42,B,20,28,6205.0,0.158,42976
2038,42,B,20,29,6550.0,0.158,42976
2039,42,B,20,30,8373.0,0.158,42976
2040,42,B,20,31,8949.0,0.158,42976
2041,42,B,20,32,10188.0,0.158,42976
2042,42,B,20,33,11486.0,0.158,42976
2043,42,B,20,34,12672.0,0.158,42976
2044,42,B,20,35,14367.0,0.158,42976
2045,42,B,20,36,15543.0,0.158,42976
2046,42,B,20,37,17821.0,0.158,42976
2047,42,B,20,38,18338.0,0.158,42976
2048,42,B,20,39,19733.0,0.158,42976
2049,42,B,20,40,21466.0,0.158,42976
2050,42,B,20,41,24200.0,0.158,42976
2051,42,B,20,42,25968.0,0.158,42976
2052,42,B,20,43,26371.0,0.158,42976
2053,42,B,20,44,27851.0,0.158,42976
2054,42,B,20,45,29917.0,0.158,42976
2055,42,B,20,46,31682.0,0.158,42976
2056,42,B,20,47,32562.0,0.158,42976
2057,42,B,20,48,35656.0,0.158,42976
2058,43,B,20,0,114.0,0.158,42976
2059,43,B,20,1,134.0,0.158,42976
2060,43,B,20,2,153.0,0.158,42976
2061,43,B,20,3,180.0,0.158,42976
2062,43,B,20,4,210.0,0.158,42976
2063,43,B,20,5,240.0,0.158,42976
2064,43,B,20,6,278.0,0.158,42976
2065,43,B,20,7,311.0,0.158,42976
2066,43,B,20,8,380.0,0.158,42976
2067,43,B,20,9,426.0,0.158,42976
2068,43,B,20,10,494.0,0.158,42976
2069,43,B,20,11,568.0,0.158,42976
2070,43,B,20,12,681.0,0.158,42976
2071,43,B,20,13,791.0,0.158,42976
2072,43,B,20,14,899.0,0.158,42976
2073,43,B,20,15,1002.0,0.158,42976
2074,43,B,20,16,1203.0,0.158,42976
2075,43,B,20,17,1336.0,0.158,42976
2076,43,B,20,18,1558.0,0.158,42976
2077,43,B,20,19,1749.0,0.158,42976
2078,43,B,20,20,2043.0,0.158,42976
2079,43,B,20,21,2476.0,0.158,42976
2080,43,B,20,22,2740.0,0.158,42976
2081,43,B,20,23,3101.0,0.158,42976
2082,43,B,20,24,3744.0,0.158,42976
2083,43,B,20,25,4115.0,0.158,42976
2084,43,B,20,26,4782.0,0.158,42976
2085,43,B,20,27,5152.0,0.158,42976
2086,43,B,20,28,5832.0,0.158,42976
2087,43,B,20,29,6585.0,0.158,42976
2088,43,B,20,30,7882.0,0.158,42976
2089,43,B,20,31,8384.0,0.158,42976
2090,43,B,20,32,10139.0,0.158,42976
2091,43,B,20,33,11618.0,0.158,42976
2092,43,B,20,34,12540.0,0.158,42976
2093,43,B,20,35,13795.0,0.158,42976
2094,43,B,20,36,15645.0,0.158,42976
2095,43,B,20,37,16560.0,0.158,42976
2096,43,B,20,38,19365.0,0.158,42976
2097,43,B,20,39,20371.0,0.158,42976
2098,43,B,20,40,22383.0,0.158,42976
2099,43,B,20,41,23420.0,0.158,42976
2100,43,B,20,42,26379.0,0.158,42976
2101,43,B,20,43,27799.0,0.158,42976
2102,43,B,20,44,28375.0,0.158,42976
2103,43,B,20,45,30866.0,0.158,42976
2104,43,B,20,46,31755.0,0.158,42976
2105,43,B,20,47,32590.0,0.158,42976
2106,43,B,20,48,33039.0,0.158,42976
2107,44,B,20,0,116.0,0.158,42976
2109,44,B,20,2,162.0,0.158,42976
2110,44,B,20,3,176.0,0.158,42976
2111,44,B,20,4,220.0,0.158,42976
2112,44,B,20,5,228.0,0.158,42976
2113,44,B,20,6,262.0,0.158,42976
2114,44,B,20,7,304.0,0.158,42976
2115,44,B,20,8,384.0,0.158,42976
2116,44,B,20,9,413.0,0.158,42976
2117,44,B,20,10,512.0,0.158,42976
2118,44,B,20,11,571.0,0.158,42976
2119,44,B,20,12,650.0,0.158,42976
2120,44,B,20,13,767.0,0.158,42976
2121,44,B,20,14,901.0,0.158,42976
2122,44,B,20,15,1054.0,0.158,42976
2123,44,B,20,16,1228.0,0.158,42976
2124,44,B,20,17,1332.0,0.158,42976
2125,44,B,20,18,1619.0,0.158,42976
2126,44,B,20,19,1823.0,0.158,42976
2127,44,B,20,20,2112.0,0.158,42976
2128,44,B,20,21,2490.0,0.158,42976
2129,44,B,20,22,2756.0,0.158,42976
2130,44,B,20,23,3217.0,0.158,42976
2131,44,B,20,24,3763.0,0.158,42976
2132,44,B,20,25,3932.0,0.158,42976
2133,44,B,20,26,4619.0,0.158,42976
2134,44,B,20,27,5168.0,0.158,42976
2135,44,B,20,28,5732.0,0.158,42976
2136,44,B,20,29,6915.0,0.158,42976
2137,44,B,20,30,8155.0,0.158,42976
2138,44,B,20,31,9003.0,0.158,42976
2139,44,B,20,32,9862.0,0.158,42976
2140,44,B,20,33,11633.0,0.158,42976
2141,44,B,20,34,12957.0,0.158,42976
2142,44,B,20,35,14673.0,0.158,42976
2143,44,B,20,36,16267.0,0.158,42976
2144,44,B,20,37,17063.0,0.158,42976
2145,44,B,20,38,18383.0,0.158,42976
2146,44,B,20,39,20174.0,0.158,42976
2147,44,B,20,40,22544.0,0.158,42976
2148,44,B,20,41,22034.0,0.158,42976
2149,44,B,20,42,25003.0,0.158,42976
2151,44,B,20,44,28116.0,0.158,42976
2152,44,B,20,45,29538.0,0.158,42976
2153,44,B,20,46,31338.0,0.158,42976
2155,44,B,20,48,32625.0,0.158,42976
2156,45,B,20,0,115.0,0.158,42976
2157,45,B,20,1,135.0,0.158,42976
2158,45,B,20,2,161.0,0.158,42976
2159,45,B,20,3,189.0,0.158,42976
2160,45,B,20,4,209.0,0.158,42976
2161,45,B,20,5,237.0,0.158,42976
2162,45,B,20,6,261.0,0.158,42976
2163,45,B,20,7,334.0,0.158,42976
2164,45,B,20,8,372.0,0.158,42976
2165,45,B,20,9,436.0,0.158,42976
2166,45,B,20,10,507.0,0.158,42976
2167,45,B,20,11,580.0,0.158,42976
2168,45,B,20,12,662.0,0.158,42976
2169,45,B,20,13,767.0,0.158,42976
2170,45,B,20,14,908.0,0.158,42976
2171,45,B,20,15,974.0,0.158,42976
2172,45,B,20,16,1187.0,0.158,42976
2173,45,B,20,17,1373.0,0.158,42976
2174,45,B,20,18,1669.0,0.158,42976
2175,45,B,20,19,1778.0,0.158,42976
2176,45,B,20,20,2035.0,0.158,42976
2177,45,B,20,21,2389.0,0.158,42976
2178,45,B,20,22,2800.0,0.158,42976
2179,45,B,20,23,3035.0,0.158,42976
2180,45,B,20,24,3702.0,0.158,42976
2181,45,B,20,25,4199.0,0.158,42976
2182,45,B,20,26,4478.0,0.158,42976
2183,45,B,20,27,5100.0,0.158,42976
2184,45,B,20,28,6343.0,0.158,42976
2185,45,B,20,29,6956.0,0.158,42976
2186,45,B,20,30,8265.0,0.158,42976
2187,45,B,20,31,8808.0,0.158,42976
2188,45,B,20,32,9427.0,0.158,42976
2189,45,B,20,33,11058.0,0.158,42976
2190,45,B,20,34,12202.0,0.158,42976
2191,45,B,20,35,14154.0,0.158,42976
2192,45,B,20,36,15250.0,0.158,42976
2194,45,B,20,38,17612.0,0.158,42976
2195,45,B,20,39,20076.0,0.158,42976
2196,45,B,20,40,22953.0,0.158,42976
2197,45,B,20,41,23668.0,0.158,42976
2198,45,B,20,42,26076.0,0.158,42976
2199,45,B,20,43,25171.0,0.158,42976
2200,45,B,20,44,28702.0,0.158,42976
2201,45,B,20,45,30146.0,0.158,42976
2202,45,B,20,46,32060.0,0.158,42976
2203,45,B,20,47,32621.0,0.158,42976
2204,45,B,20,48,31405.0,0.158,42976
2205,46,B,20,0,114.0,0.158,42976
2206,46,B,20,1,133.0,0.158,42976
2207,46,B,20,2,159.0,0.158,42976
2208,46,B,20,3,179.0,0.158,42976
2209,46,B,20,4,210.0,0.158,42976
2210,46,B,20,5,236.0,0.158,42976
2211,46,B,20,6,282.0,0.158,42976
2212,46,B,20,7,323.0,0.158,42976
2213,46,B,20,8,374.0,0.158,42976
2214,46,B,20,9,426.0,0.158,42976
2215,46,B,20,10,498.0,0.158,42976
2216,46,B,20,11,580.0,0.158,42976
2217,46,B,20,12,668.0,0.158,42976
2218,46,B,20,13,692.0,0.158,42976
2219,46,B,20,14,877.0,0.158,42976
2220,46,B,20,15,1046.0,0.158,42976
2221,46,B,20,16,1202.0,0.158,42976
2222,46,B,20,17,1328.0,0.158,42976
2223,46,B,20,18,1588.0,0.158,42976
2224,46,B,20,19,1774.0,0.158,42976
2225,46,B,20,20,2104.0,0.158,42976
2226,46,B,20,21,2331.0,0.158,42976
2227,46,B,20,22,2759.0,0.158,42976
2228,46,B,20,23,3050.0,0.158,42976
2229,46,B,20,24,3600.0,0.158,42976
2230,46,B,20,25,4144.0,0.158,42976
2231,46,B,20,26,4743.0,0.158,42976
2232,46,B,20,27,5432.0,0.158,42976
2233,46,B,20,28,6420.0,0.158,42976
2234,46,B,20,29,6860.0,0.158,42976
2235,46,B,20,30,7994.0,0.158,42976
2236,46,B,20,31,8784.0,0.158,42976
2237,46,B,20,32,10203.0,0.158,42976
2238,46,B,20,33,11348.0,0.158,42976
2239,46,B,20,34,12192.0,0.158,42976
2240,46,B,20,35,14161.0,0.158,42976
2241,46,B,20,36,15516.0,0.158,42976
2242,46,B,20,37,16818.0,0.158,42976
2243,46,B,20,38,18424.0,0.158,42976
2244,46,B,20,39,20968.0,0.158,42976
2245,46,B,20,40,21951.0,0.158,42976
2246,46,B,20,41,23512.0,0.158,42976
2247,46,B,20,42,25798.0,0.158,42976
2248,46,B,20,43,27193.0,0.158,42976
2249,46,B,20,44,29003.0,0.158,42976
2250,46,B,20,45,30713.0,0.158,42976
2251,46,B,20,46,30105.0,0.158,42976
2252,46,B,20,47,32979.0,0.158,42976
2253,46,B,20,48,35162.0,0.158,42976
2254,47,B,20,0,117.0,0.158,42976
2255,47,B,20,1,138.0,0.158,42976
2256,47,B,20,2,159.0,0.158,42976
2257,47,B,20,3,188.0,0.158,42976
2258,47,B,20,4,208.0,0.158,42976
2259,47,B,20,5,240.0,0.158,42976
2260,47,B,20,6,253.0,0.158,42976
2261,47,B,20,7,330.0,0.158,42976
2262,47,B,20,8,388.0,0.158,42976
2263,47,B,20,9,428.0,0.158,42976
2264,47,B,20,10,493.0,0.158,42976
2265,47,B,20,11,592.0,0.158,42976
2266,47,B,20,12,638.0,0.158,42976
2267,47,B,20,13,753.0,0.158,42976
2268,47,B,20,14,849.0,0.158,42976
2269,47,B,20,15,1077.0,0.158,42976
2270,47,B,20,16,1198.0,0.158,42976
2271,47,B,20,17,1318.0,0.158,42976
2272,47,B,20,18,1603.0,0.158,42976
2273,47,B,20,19,1810.0,0.158,42976
2274,47,B,20,20,2100.0,0.158,42976
2275,47,B,20,21,2541.0,0.158,42976
2276,47,B,20,22,2695.0,0.158,42976
2277,47,B,20,23,3351.0,0.158,42976
2278,47,B,20,24,3463.0,0.158,42976
2279,47,B,20,25,4089.0,0.158,42976
2280,47,B,20,26,4724.0,0.158,42976
2281,47,B,20,27,5261.0,0.158,42976
2282,47,B,20,28,6015.0,0.158,42976
2283,47,B,20,29,7179.0,0.158,42976
2284,47,B,20,30,7769.0,0.158,42976
2285,47,B,20,31,8997.0,0.158,42976
2286,47,B,20,32,9962.0,0.158,42976
2287,47,B,20,33,11339.0,0.158,42976
2288,47,B,20,34,12550.0,0.158,42976
2289,47,B,20,35,13578.0,0.158,42976
2290,47,B,20,36,15523.0,0.158,42976
2291,47,B,20,37,17327.0,0.158,42976
2292,47,B,20,38,18722.0,0.158,42976
2293,47,B,20,39,21175.0,0.158,42976
2294,47,B,20,40,22722.0,0.158,42976
2295,47,B,20,41,22480.0,0.158,42976
2296,47,B,20,42,24251.0,0.158,42976
2297,47,B,20,43,24713.0,0.158,42976
2298,47,B,20,44,27409.0,0.158,42976
2299,47,B,20,45,30107.0,0.158,42976
2300,47,B,20,46,30162.0,0.158,42976
2301,47,B,20,47,31064.0,0.158,42976
2302,47,B,20,48,33020.0,0.158,42976
2303,48,B,20,0,119.0,0.158,42976
2304,48,B,20,1,131.0,0.158,42976
2305,48,B,20,2,154.0,0.158,42976
2306,48,B,20,3,184.0,0.158,42976
2307,48,B,20,4,202.0,0.158,42976
2308,48,B,20,5,233.0,0.158,42976
2309,48,B,20,6,269.0,0.158,42976
2310,48,B,20,7,331.0,0.158,42976
2311,48,B,20,8,380.0,0.158,42976
2312,48,B,20,9,436.0,0.158,42976
2313,48,B,20,10,489.0,0.158,42976
2314,48,B,20,11,584.0,0.158,42976
2315,48,B,20,12,668.0,0.158,42976
2316,48,B,20,13,746.0,0.158,42976
2317,48,B,20,14,958.0,0.158,42976
2318,48,B,20,15,1031.0,0.158,42976
2319,48,B,20,16,1191.0,0.158,42976
2320,48,B,20,17,1395.0,0.158,42976
2321,48,B,20,18,1594.0,0.158,42976
2322,48,B,20,19,1873.0,0.158,42976
2323,48,B,20,20,2048.0,0.158,42976
2324,48,B,20,21,2432.0,0.158,42976
2325,48,B,20,22,2641.0,0.158,42976
2326,48,B,20,23,3161.0,0.158,42976
2327,48,B,20,24,3822.0,0.158,42976
2329,48,B,20,26,5009.0,0.158,42976
2330,48,B,20,27,5293.0,0.158,42976
2331,48,B,20,28,5980.0,0.158,42976
2332,48,B,20,29,7027.0,0.158,42976
2333,48,B,20,30,7530.0,0.158,42976
2334,48,B,20,31,8976.0,0.158,42976
2335,48,B,20,32,10218.0,0.158,42976
2336,48,B,20,33,11142.0,0.158,42976
2337,48,B,20,34,12632.0,0.158,42976
2338,48,B,20,35,13619.0,0.158,42976
2339,48,B,20,36,15545.0,0.158,42976
2340,48,B,20,37,17025.0,0.158,42976
2341,48,B,20,38,18851.0,0.158,42976
2342,48,B,20,39,19421.0,0.158,42976
2343,48,B,20,40,20751.0,0.158,42976
2344,48,B,20,41,22552.0,0.158,42976
2345,48,B,20,42,25106.0,0.158,42976
2346,48,B,20,43,26805.0,0.158,42976
2347,48,B,20,44,29323.0,0.158,42976
2348,48,B,20,45,29821.0,0.158,42976
2349,48,B,20,46,31048.0,0.158,42976
2350,48,B,20,47,34643.0,0.158,42976
2351,48,B,20,48,32831.0,0.158,42976
2352,49,B,20,0,114.0,0.158,42976
2353,49,B,20,1,135.0,0.158,42976
2354,49,B,20,2,158.0,0.158,42976
2355,49,B,20,3,184.0,0.158,42976
2356,49,B,20,4,210.0,0.158,42976
2357,49,B,20,5,239.0,0.158,42976
2358,49,B,20,6,272.0,0.158,42976
2359,49,B,20,7,336.0,0.158,42976
2360,49,B,20,8,370.0,0.158,42976
2361,49,B,20,9,2215.0,0.158,42976
2362,49,B,20,10,479.0,0.158,42976
2363,49,B,20,11,561.0,0.158,42976
2364,49,B,20,12,661.0,0.158,42976
2365,49,B,20,13,817.0,0.158,42976
2366,49,B,20,14,922.0,0.158,42976
2367,49,B,20,15,1053.0,0.158,42976
2368,49,B,20,16,1115.0,0.158,42976
2369,49,B,20,17,1403.0,0.158,42976
2370,49,B,20,18,1568.0,0.158,42976
2371,49,B,20,19,1824.0,0.158,42976
2372,49,B,20,20,2130.0,0.158,42976
2373,49,B,20,21,2318.0,0.158,42976
2374,49,B,20,22,2747.0,0.158,42976
2375,49,B,20,23,3111.0,0.158,42976
2376,49,B,20,24,3490.0,0.158,42976
2377,49,B,20,25,4099.0,0.158,42976
2378,49,B,20,26,4742.0,0.158,42976
2379,49,B,20,27,5162.0,0.158,42976
2380,49,B,20,28,6008.0,0.158,42976
2381,49,B,20,29,7127.0,0.158,42976
2382,49,B,20,30,7799.0,0.158,42976
2383,49,B,20,31,9030.0,0.158,42976
2384,49,B,20,32,10148.0,0.158,42976
2385,49,B,20,33,11252.0,0.158,42976
2386,49,B,20,34,12608.0,0.158,42976
2387,49,B,20,35,14008.0,0.158,42976
2388,49,B,20,36,15339.0,0.158,42976
2389,49,B,20,37,17361.0,0.158,42976
2390,49,B,20,38,18638.0,0.158,42976
2391,49,B,20,39,19532.0,0.158,42976
2392,49,B,20,40,21543.0,0.158,42976
2393,49,B,20,41,22364.0,0.158,42976
2394,49,B,20,42,25124.0,0.158,42976
2395,49,B,20,43,26213.0,0.158,42976
2396,49,B,20,44,28804.0,0.158,42976
2397,49,B,20,45,28517.0,0.158,42976
2398,49,B,20,46,32461.0,0.158,42976
2399,49,B,20,47,32315.0,0.158,42976
2400,49,B,20,48,32043.0,0.158,42976
2401,50,B,20,0,121.0,0.158,42976
2402,50,B,20,1,133.0,0.158,42976
2403,50,B,20,2,151.0,0.158,42976
2404,50,B,20,3,179.0,0.158,42976
2405,50,B,20,4,193.0,0.158,42976
2406,50,B,20,5,236.0,0.158,42976
2407,50,B,20,6,271.0,0.158,42976
2408,50,B,20,7,315.0,0.158,42976
2410,50,B,20,9,448.0,0.158,42976
2411,50,B,20,10,533.0,0.158,42976
2412,50,B,20,11,566.0,0.158,42976
2413,50,B,20,12,658.0,0.158,42976
2414,50,B,20,13,751.0,0.158,42976
2415,50,B,20,14,888.0,0.158,42976
2416,50,B,20,15,1037.0,0.158,42976
2417,50,B,20,16,1151.0,0.158,42976
2418,50,B,20,17,1446.0,0.158,42976
2419,50,B,20,18,1562.0,0.158,42976
2420,50,B,20,19,1822.0,0.158,42976
2421,50,B,20,20,1990.0,0.158,42976
2422,50,B,20,21,2417.0,0.158,42976
2423,50,B,20,22,2778.0,0.158,42976
2424,50,B,20,23,3074.0,0.158,42976
2425,50,B,20,24,3762.0,0.158,42976
2426,50,B,20,25,4111.0,0.158,42976
2427,50,B,20,26,4497.0,0.158,42976
2428,50,B,20,27,5149.0,0.158,42976
2429,50,B,20,28,6132.0,0.158,42976
2430,50,B,20,29,6996.0,0.158,42976
2431,50,B,20,30,7851.0,0.158,42976
2432,50,B,20,31,9163.0,0.158,42976
2433,50,B,20,32,10251.0,0.158,42976
2434,50,B,20,33,11701.0,0.158,42976
2435,50,B,20,34,12176.0,0.158,42976
2436,50,B,20,35,13693.0,0.158,42976
2437,50,B,20,36,16364.0,0.158,42976
2438,50,B,20,37,17013.0,0.158,42976
2439,50,B,20,38,18089.0,0.158,42976
2440,50,B,20,39,20144.0,0.158,42976
2441,50,B,20,40,22766.0,0.158,42976
2442,50,B,20,41,23039.0,0.158,42976
2443,50,B,20,42,25761.0,0.158,42976
2444,50,B,20,43,25606.0,0.158,42976
2445,50,B,20,44,28385.0,0.158,42976
2446,50,B,20,45,29256.0,0.158,42976
2448,50,B,20,47,32136.0,0.158,42976
2449,50,B,20,48,34047.0,0.158,42976
2450,51,B,25,0,135.0,0.402,109742
2451,51,B,25,1,196.0,0.402,109742
2453,51,B,25,3,391.0,0.402,109742
2454,51,B,25,4,560.0,0.402,109742
2455,51,B,25,5,811.0,0.402,109742
2456,51,B,25,6,1032.0,0.402,109742
2457,51,B,25,7,1471.0,0.402,109742
2458,51,B,25,8,1987.0,0.402,109742
2459,51,B,25,9,2873.0,0.402,109742
2460,51,B,25,10,3981.0,0.402,109742
2461,51,B,25,11,5389.0,0.402,109742
2462,51,B,25,12,7815.0,0.402,109742
2463,51,B,25,13,10791.0,0.402,109742
2464,51,B,25,14,69540.0,0.402,109742
2465,51,B,25,15,19802.0,0.402,109742
2466,51,B,25,16,27324.0,0.402,109742
2467,51,B,25,17,33729.0,0.402,109742
2468,51,B,25,18,41551.0,0.402,109742
2469,51,B,25,19,51861.0,0.402,109742
2470,51,B,25,20,65848.0,0.402,109742
2471,51,B,25,21,77884.0,0.402,109742
2472,51,B,25,22,85753.0,0.402,109742
2473,51,B,25,23,93514.0,0.402,109742
2474,51,B,25,24,99335.0,0.402,109742
2475,51,B,25,25,103716.0,0.402,109742
2477,51,B,25,27,111621.0,0.402,109742
2478,51,B,25,28,117898.0,0.402,109742
2479,51,B,25,29,111579.0,0.402,109742
2480,51,B,25,30,107923.0,0.402,109742
2481,51,B,25,31,111322.0,0.402,109742
2482,51,B,25,32,107174.0,0.402,109742
2483,51,B,25,33,109419.0,0.402,109742
2484,51,B,25,34,113383.0,0.402,109742
2485,51,B,25,35,110543.0,0.402,109742
2486,51,B,25,36,111701.0,0.402,109742
2487,51,B,25,37,103114.0,0.402,109742
2488,51,B,25,38,105322.0,0.402,109742
2489,51,B,25,39,112992.0,0.402,109742
2490,51,B,25,40,110189.0,0.402,109742
2492,51,B,25,42,115163.0,0.402,109742
2493,51,B,25,43,109821.0,0.402,109742
2494,51,B,25,44,107874.0,0.402,109742
2495,51,B,25,45,114740.0,0.402,109742
2496,51,B,25,46,113666.0,0.402,109742
2497,51,B,25,47,106845.0,0.402,109742
2498,51,B,25,48,105503.0,0.402,109742
2499,52,B,25,0,146.0,0.402,109742
2500,52,B,25,1,201.0,0.402,109742
2501,52,B,25,2,283.0,0.402,109742
2502,52,B,25,3,386.0,0.402,109742
2503,52,B,25,4,529.0,0.402,109742
2504,52,B,25,5,726.0,0.402,109742
2505,52,B,25,6,1036.0,0.402,109742
2506,52,B,25,7,1530.0,0.402,109742
2507,52,B,25,8,2154.0,0.402,109742
2508,52,B,25,9,2878.0,0.402,109742
2509,52,B,25,10,3890.0,0.402,109742
2510,52,B,25,11,5365.0,0.402,109742
2511,52,B,25,12,8249.0,0.402,109742
2512,52,B,25,13,10645.0,0.402,109742
2513,52,B,25,14,13761.0,0.402,109742
2514,52,B,25,15,19708.0,0.402,109742
2515,52,B,25,16,26904.0,0.402,109742
2516,52,B,25,17,33236.0,0.402,109742
2517,52,B,25,18,42081.0,0.402,109742
2518,52,B,25,19,53990.0,0.402,109742
2519,52,B,25,20,67666.0,0.402,109742
2520,52,B,25,21,76154.0,0.402,109742
2521,52,B,25,22,81519.0,0.402,109742
2522,52,B,25,23,93116.0,0.402,109742
2523,52,B,25,24,97237.0,0.402,109742
2524,52,B,25,25,102584.0,0.402,109742
2525,52,B,25,26,105969.0,0.402,109742
2526,52,B,25,27,110495.0,0.402,109742
2527,52,B,25,28,112009.0,0.402,109742
2528,52,B,25,29,117658.0,0.402,109742
2529,52,B,25,30,109816.0,0.402,109742
2530,52,B,25,31,110626.0,0.402,109742
2531,52,B,25,32,111163.0,0.402,109742
2532,52,B,25,33,109540.0,0.402,109742
2533,52,B,25,34,117187.0,0.402,109742
2534,52,B,25,35,114347.0,0.402,109742
2535,52,B,25,36,106641.0,0.402,109742
2536,52,B,25,37,112341.0,0.402,109742
2537,52,B,25,38,109248.0,0.402,109742
2538,52,B,25,39,114812.0,0.402,109742
2539,52,B,25,40,111193.0,0.402,109742
2540,52,B,25,41,105072.0,0.402,109742
2541,52,B,25,42,112318.0,0.402,109742
2542,52,B,25,43,119023.0,0.402,109742
2543,52,B,25,44,109379.0,0.402,109742
2544,52,B,25,45,103485.0,0.402,109742
2545,52,B,25,46,115568.0,0.402,109742
2546,52,B,25,47,107476.0,0.402,109742
2547,52,B,25,48,113576.0,0.402,109742
2548,53,B,25,0,140.0,0.402,109742
2549,53,B,25,1,192.0,0.402,109742
2550,53,B,25,2,274.0,0.402,109742
2551,53,B,25,3,373.0,0.402,109742
2552,53,B,25,4,537.0,0.402,109742
2553,53,B,25,5,768.0,0.402,109742
2554,53,B,25,6,1025.0,0.402,109742
2555,53,B,25,7,1539.0,0.402,109742
2556,53,B,25,8,2184.0,0.402,109742
2557,53,B,25,9,2778.0,0.402,109742
2558,53,B,25,10,4158.0,0.402,109742
2559,53,B,25,11,5571.0,0.402,109742
2560,53,B,25,12,7426.0,0.402,109742
2561,53,B,25,13,10553.0,0.402,109742
2562,53,B,25,14,14531.0,0.402,109742
2563,53,B,25,15,18974.0,0.402,109742
2564,53,B,25,16,25684.0,0.402,109742
2565,53,B,25,17,33733.0,0.402,109742
2566,53,B,25,18,44787.0,0.402,109742
2567,53,B,25,19,53566.0,0.402,109742
2568,53,B,25,20,65521.0,0.402,109742
2569,53,B,25,21,76872.0,0.402,109742
2570,53,B,25,22,86715.0,0.402,109742
2571,53,B,25,23,91134.0,0.402,109742
2572,53,B,25,24,94641.0,0.402,109742
2573,53,B,25,25,102844.0,0.402,109742
2574,53,B,25,26,103271.0,0.402,109742
2575,53,B,25,27,108152.0,0.402,109742
2576,53,B,25,28,103731.0,0.402,109742
2577,53,B,25,29,108241.0,0.402,109742
2578,53,B,25,30,108322.0,0.402,109742
2579,53,B,25,31,112080.0,0.402,109742
2580,53,B,25,32,110369.0,0.402,109742
2581,53,B,25,33,110062.0,0.402,109742
2582,53,B,25,34,112738.0,0.402,109742
2583,53,B,25,35,108750.0,0.402,109742
2584,53,B,25,36,108858.0,0.402,109742
2585,53,B,25,37,110108.0,0.402,109742
2586,53,B,25,38,113103.0,0.402,109742
2587,53,B,25,39,113008.0,0.402,109742
2588,53,B,25,40,111539.0,0.402,109742
2589,53,B,25,41,109417.0,0.402,109742
2590,53,B,25,42,114114.0,0.402,109742
2591,53,B,25,43,105607.0,0.402,109742
2592,53,B,25,44,105463.0,0.402,109742
2593,53,B,25,45,109017.0,0.402,109742
2594,53,B,25,46,114920.0,0.402,109742
2595,53,B,25,47,115399.0,0.402,109742
2596,53,B,25,48,110205.0,0.402,109742
2597,54,B,25,0,132.0,0.402,109742
2598,54,B,25,1,195.0,0.402,109742
2599,54,B,25,2,280.0,0.402,109742
2600,54,B,25,3,369.0,0.402,109742
2601,54,B,25,4,527.0,0.402,109742
2602,54,B,25,5,792.0,0.402,109742
2603,54,B,25,6,1044.0,0.402,109742
2604,54,B,25,7,1523.0,0.402,109742
2605,54,B,25,8,2004.0,0.402,109742
2606,54,B,25,9,2820.0,0.402,109742
2607,54,B,25,10,3988.0,0.402,109742
2608,54,B,25,11,5688.0,0.402,109742
2609,54,B,25,12,7674.0,0.402,109742
2610,54,B,25,13,10514.0,0.402,109742
2611,54,B,25,14,14110.0,0.402,109742
2612,54,B,25,15,20030.0,0.402,109742
2613,54,B,25,16,24865.0,0.402,109742
2614,54,B,25,17,34205.0,0.402,109742
2615,54,B,25,18,41501.0,0.402,109742
2616,54,B,25,19,55858.0,0.402,109742
2617,54,B,25,20,62232.0,0.402,109742
2618,54,B,25,21,74678.0,0.402,109742
2619,54,B,25,22,81741.0,0.402,109742
2620,54,B,25,23,93873.0,0.402,109742
2621,54,B,25,24,103452.0,0.402,109742
2622,54,B,25,25,101567.0,0.402,109742
2623,54,B,25,26,109632.0,0.402,109742
2624,54,B,25,27,105489.0,0.402,109742
2625,54,B,25,28,117050.0,0.402,109742
2626,54,B,25,29,110080.0,0.402,109742
2627,54,B,25,30,109674.0,0.402,109742
2628,54,B,25,31,109442.0,0.402,109742
2629,54,B,25,32,111108.0,0.402,109742
2630,54,B,25,33,114971.0,0.402,109742
2631,54,B,25,34,112672.0,0.402,109742
2632,54,B,25,35,107709.0,0.402,109742
2633,54,B,25,36,105985.0,0.402,109742
2634,54,B,25,37,103341.0,0.402,109742
2635,54,B,25,38,112086.0,0.402,109742
2637,54,B,25,40,103212.0,0.402,109742
2638,54,B,25,41,108390.0,0.402,109742
2639,54,B,25,42,114415.0,0.402,109742
2640,54,B,25,43,106256.0,0.402,109742
2641,54,B,25,44,108932.0,0.402,109742
2642,54,B,25,45,105212.0,0.402,109742
2643,54,B,25,46,112951.0,0.402,109742
2644,54,B,25,47,109073.0,0.402,109742
2645,54,B,25,48,111299.0,0.402,109742
2646,55,B,25,0,137.0,0.402,109742
2647,55,B,25,1,193.0,0.402,109742
2648,55,B,25,2,277.0,0.402,109742
2649,55,B,25,3,366.0,0.402,109742
2650,55,B,25,4,577.0,0.402,109742
2651,55,B,25,5,799.0,0.402,109742
2652,55,B,25,6,1074.0,0.402,109742
2653,55,B,25,7,1461.0,0.402,109742
2654,55,B,25,8,2117.0,0.402,109742
2655,55,B,25,9,2979.0,0.402,109742
2656,55,B,25,10,3925.0,0.402,109742
2657,55,B,25,11,5445.0,0.402,109742
2658,55,B,25,12,7675.0,0.402,109742
2659,55,B,25,13,10557.0,0.402,109742
2660,55,B,25,14,14107.0,0.402,109742
2661,55,B,25,15,19673.0,0.402,109742
2662,55,B,25,16,26645.0,0.402,109742
2663,55,B,25,17,35069.0,0.402,109742
2664,55,B,25,18,43991.0,0.402,109742
2665,55,B,25,19,55634.0,0.402,109742
2666,55,B,25,20,63782.0,0.402,109742
2667,55,B,25,21,74339.0,0.402,109742
2668,55,B,25,22,85240.0,0.402,109742
2669,55,B,25,23,89932.0,0.402,109742
2671,55,B,25,25,106931.0,0.402,109742
2672,55,B,25,26,101866.0,0.402,109742
2673,55,B,25,27,99210.0,0.402,109742
2674,55,B,25,28,106965.0,0.402,109742
2675,55,B,25,29,108594.0,0.402,109742
2676,55,B,25,30,107821.0,0.402,109742
2677,55,B,25,31,107086.0,0.402,109742
2678,55,B,25,32,108262.0,0.402,109742
2679,55,B,25,33,109387.0,0.402,109742
2680,55,B,25,34,111143.0,0.402,109742
2681,55,B,25,35,109782.0,0.402,109742
2682,55,B,25,36,108706.0,0.402,109742
2683,55,B,25,37,110536.0,0.402,109742
2684,55,B,25,38,108240.0,0.402,109742
2685,55,B,25,39,106677.0,0.402,109742
2686,55,B,25,40,111008.0,0.402,109742
2687,55,B,25,41,105692.0,0.402,109742
2688,55,B,25,42,108684.0,0.402,109742
2689,55,B,25,43,106016.0,0.402,109742
2690,55,B,25,44,108557.0,0.402,109742
2691,55,B,25,45,116010.0,0.402,109742
2692,55,B,25,46,108067.0,0.402,109742
2693,55,B,25,47,110172.0,0.402,109742
2694,55,B,25,48,112916.0,0.402,109742
2695,56,B,25,0,138.0,0.402,109742
2696,56,B,25,1,203.0,0.402,109742
2697,56,B,25,2,272.0,0.402,109742
2698,56,B,25,3,387.0,0.402,109742
2699,56,B,25,4,506.0,0.402,109742
2700,56,B,25,5,763.0,0.402,109742
2701,56,B,25,6,1059.0,0.402,109742
2702,56,B,25,7,1516.0,0.402,109742
2703,56,B,25,8,2012.0,0.402,109742
2704,56,B,25,9,2797.0,0.402,109742
2705,56,B,25,10,4081.0,0.402,109742
2706,56,B,25,11,5869.0,0.402,109742
2707,56,B,25,12,7484.0,0.402,109742
2708,56,B,25,13,10436.0,0.402,109742
2709,56,B,25,14,15154.0,0.402,109742
2710,56,B,25,15,19374.0,0.402,109742
2711,56,B,25,16,25929.0,0.402,109742
2712,56,B,25,17,34718.0,0.402,109742
2714,56,B,25,19,54479.0,0.402,109742
2715,56,B,25,20,61893.0,0.402,109742
2716,56,B,25,21,76246.0,0.402,109742
2717,56,B,25,22,85346.0,0.402,109742
2718,56,B,25,23,89582.0,0.402,109742
2719,56,B,25,24,90633.0,0.402,109742
2720,56,B,25,25,108738.0,0.402,109742
2721,56,B,25,26,107919.0,0.402,109742
2722,56,B,25,27,101369.0,0.402,109742
2723,56,B,25,28,107063.0,0.402,109742
2724,56,B,25,29,108686.0,0.402,109742
2725,56,B,25,30,106367.0,0.402,109742
2726,56,B,25,31,107725.0,0.402,109742
2727,56,B,25,32,113123.0,0.402,109742
2728,56,B,25,33,109400.0,0.402,109742
2729,56,B,25,34,106071.0,0.402,109742
2730,56,B,25,35,105964.0,0.402,109742
2731,56,B,25,36,109180.0,0.402,109742
2732,56,B,25,37,112913.0,0.402,109742
2733,56,B,25,38,110810.0,0.402,109742
2734,56,B,25,39,110600.0,0.402,109742
2735,56,B,25,40,106923.0,0.402,109742
2736,56,B,25,41,108906.0,0.402,109742
2737,56,B,25,42,113097.0,0.402,109742
2738,56,B,25,43,110726.0,0.402,109742
2739,56,B,25,44,113996.0,0.402,109742
2740,56,B,25,45,112305.0,0.402,109742
2741,56,B,25,46,109859.0,0.402,109742
2742,56,B,25,47,110145.0,0.402,109742
2743,56,B,25,48,117166.0,0.402,109742
2744,57,B,25,0,137.0,0.402,109742
2745,57,B,25,1,206.0,0.402,109742
2746,57,B,25,2,275.0,0.402,109742
2747,57,B,25,3,390.0,0.402,109742
2748,57,B,25,4,544.0,0.402,109742
2749,57,B,25,5,776.0,0.402,109742
2750,57,B,25,6,1064.0,0.402,109742
2751,57,B,25,7,1587.0,0.402,109742
2752,57,B,25,8,2078.0,0.402,109742
2753,57,B,25,9,2891.0,0.402,109742
2754,57,B,25,10,4014.0,0.402,109742
2755,57,B,25,11,5508.0,0.402,109742
2756,57,B,25,12,7722.0,0.402,109742
2757,57,B,25,13,10846.0,0.402,109742
2758,57,B,25,14,14701.0,0.402,109742
2759,57,B,25,15,18669.0,0.402,109742
2760,57,B,25,16,26161.0,0.402,109742
2761,57,B,25,17,34845.0,0.402,109742
2762,57,B,25,18,41973.0,0.402,109742
2763,57,B,25,19,53756.0,0.402,109742
2764,57,B,25,20,64083.0,0.402,109742
2765,57,B,25,21,71904.0,0.402,109742
2766,57,B,25,22,80960.0,0.402,109742
2767,57,B,25,23,96645.0,0.402,109742
2768,57,B,25,24,101164.0,0.402,109742
2769,57,B,25,25,107256.0,0.402,109742
2770,57,B,25,26,101676.0,0.402,109742
2771,57,B,25,27,107526.0,0.402,109742
2772,57,B,25,28,107940.0,0.402,109742
2773,57,B,25,29,105800.0,0.402,109742
2774,57,B,25,30,106257.0,0.402,109742
2775,57,B,25,31,113773.0,0.402,109742
2776,57,B,25,32,105865.0,0.402,109742
2777,57,B,25,33,108366.0,0.402,109742
2778,57,B,25,34,108625.0,0.402,109742
2779,57,B,25,35,107756.0,0.402,109742
2780,57,B,25,36,113444.0,0.402,109742
2781,57,B,25,37,110147.0,0.402,109742
2782,57,B,25,38,102008.0,0.402,109742
2783,57,B,25,39,113771.0,0.402,109742
2784,57,B,25,40,108546.0,0.402,109742
2785,57,B,25,41,103927.0,0.402,109742
2786,57,B,25,42,106606.0,0.402,109742
2787,57,B,25,43,119714.0,0.402,109742
2788,57,B,25,44,109348.0,0.402,109742
2789,57,B,25,45,103682.0,0.402,109742
2790,57,B,25,46,121392.0,0.402,109742
2791,57,B,25,47,107337.0,0.402,109742
2792,57,B,25,48,104951.0,0.402,109742
2793,58,B,25,0,135.0,0.402,109742
2794,58,B,25,1,195.0,0.402,109742
2795,58,B,25,2,285.0,0.402,109742
2796,58,B,25,3,389.0,0.402,109742
2797,58,B,25,4,524.0,0.402,109742
2798,58,B,25,5,721.0,0.402,109742
2799,58,B,25,6,994.0,0.402,109742
2800,58,B,25,7,1468.0,0.402,109742
2801,58,B,25,8,2148.0,0.402,109742
2802,58,B,25,9,2928.0,0.402,109742
2803,58,B,25,10,4170.0,0.402,109742
2804,58,B,25,11,5560.0,0.402,109742
2805,58,B,25,12,7341.0,0.402,109742
2806,58,B,25,13,10403.0,0.402,109742
2807,58,B,25,14,14331.0,0.402,109742
2808,58,B,25,15,19039.0,0.402,109742
2809,58,B,25,16,26129.0,0.402,109742
2810,58,B,25,17,34007.0,0.402,109742
2811,58,B,25,18,43260.0,0.402,109742
2812,58,B,25,19,52302.0,0.402,109742
2813,58,B,25,20,64875.0,0.402,109742
2814,58,B,25,21,79414.0,0.402,109742
2815,58,B,25,22,84412.0,0.402,109742
2816,58,B,25,23,91080.0,0.402,109742
2817,58,B,25,24,101882.0,0.402,109742
2818,58,B,25,25,99528.0,0.402,109742
2819,58,B,25,26,105887.0,0.402,109742
2820,58,B,25,27,105666.0,0.402,109742
2821,58,B,25,28,109341.0,0.402,109742
2822,58,B,25,29,107515.0,0.402,109742
2823,58,B,25,30,107217.0,0.402,109742
2824,58,B,25,31,108841.0,0.402,109742
2825,58,B,25,32,103823.0,0.402,109742
2826,58,B,25,33,113494.0,0.402,109742
2827,58,B,25,34,109043.0,0.402,109742
2828,58,B,25,35,114026.0,0.402,109742
2829,58,B,25,36,108135.0,0.402,109742
2830,58,B,25,37,108783.0,0.402,109742
2831,58,B,25,38,113073.0,0.402,109742
2832,58,B,25,39,112359.0,0.402,109742
2833,58,B,25,40,111394.0,0.402,109742
2834,58,B,25,41,116051.0,0.402,109742
2835,58,B,25,42,109543.0,0.402,109742
2836,58,B,25,43,111712.0,0.402,109742
2837,58,B,25,44,109328.0,0.402,109742
2838,58,B,25,45,106505.0,0.402,109742
2839,58,B,25,46,113181.0,0.402,109742
2840,58,B,25,47,109160.0,0.402,109742
2841,58,B,25,48,112083.0,0.402,109742
2842,59,B,25,0,140.0,0.402,109742
2843,59,B,25,1,200.0,0.402,109742
2844,59,B,25,2,276.0,0.402,109742
2845,59,B,25,3,391.0,0.402,109742
2846,59,B,25,4,542.0,0.402,109742
2847,59,B,25,5,758.0,0.402,109742
2848,59,B,25,6,1084.0,0.402,109742
2849,59,B,25,7,1466.0,0.402,109742
2850,59,B,25,8,2095.0,0.402,109742
2851,59,B,25,9,2832.0,0.402,109742
2852,59,B,25,10,3989.0,0.402,109742
2853,59,B,25,11,5314.0,0.402,109742
2854,59,B,25,12,7565.0,0.402,109742
2855,59,B,25,13,10351.0,0.402,109742
2856,59,B,25,14,14450.0,0.402,109742
2857,59,B,25,15,20145.0,0.402,109742
2858,59,B,25,16,26808.0,0.402,109742
2859,59,B,25,17,34628.0,0.402,109742
2860,59,B,25,18,43857.0,0.402,109742
2861,59,B,25,19,57509.0,0.402,109742
2862,59,B,25,20,65023.0,0.402,109742
2864,59,B,25,22,86162.0,0.402,109742
2865,59,B,25,23,91534.0,0.402,109742
2866,59,B,25,24,100879.0,0.402,109742
2867,59,B,25,25,100049.0,0.402,109742
2868,59,B,25,26,100209.0,0.402,109742
2869,59,B,25,27,110438.0,0.402,109742
2870,59,B,25,28,103692.0,0.402,109742
2871,59,B,25,29,104569.0,0.402,109742
2872,59,B,25,30,112578.0,0.402,109742
2873,59,B,25,31,109317.0,0.402,109742
2874,59,B,25,32,115881.0,0.402,109742
2875,59,B,25,33,110293.0,0.402,109742
2876,59,B,25,34,108495.0,0.402,109742
2877,59,B,25,35,107968.0,0.402,109742
2878,59,B,25,36,107486.0,0.402,109742
2879,59,B,25,37,114963.0,0.402,109742
2880,59,B,25,38,110575.0,0.402,109742
2881,59,B,25,39,109913.0,0.402,109742
2882,59,B,25,40,110629.0,0.402,109742
2883,59,B,25,41,106734.0,0.402,109742
2884,59,B,25,42,108826.0,0.402,109742
2885,59,B,25,43,113034.0,0.402,109742
2886,59,B,25,44,114204.0,0.402,109742
2887,59,B,25,45,111351.0,0.402,109742
2888,59,B,25,46,112702.0,0.402,109742
2889,59,B,25,47,114953.0,0.402,109742
2890,59,B,25,48,107964.0,0.402,109742
2891,60,B,25,0,137.0,0.402,109742
2892,60,B,25,1,192.0,0.402,109742
2893,60,B,25,2,271.0,0.402,109742
2894,60,B,25,3,413.0,0.402,109742
2895,60,B,25,4,541.0,0.402,109742
2896,60,B,25,5,735.0,0.402,109742
2897,60,B,25,6,1047.0,0.402,109742
2898,60,B,25,7,1562.0,0.402,109742
2899,60,B,25,8,2027.0,0.402,109742
2900,60,B,25,9,2907.0,0.402,109742
2901,60,B,25,10,4013.0,0.402,109742
2902,60,B,25,11,5506.0,0.402,109742
2903,60,B,25,12,7857.0,0.402,109742
2904,60,B,25,13,10849.0,0.402,109742
2905,60,B,25,14,14674.0,0.402,109742
2906,60,B,25,15,19592.0,0.402,109742
2907,60,B,25,16,25001.0,0.402,109742
2908,60,B,25,17,33339.0,0.402,109742
2909,60,B,25,18,43520.0,0.402,109742
2910,60,B,25,19,52983.0,0.402,109742
2911,60,B,25,20,63966.0,0.402,109742
2912,60,B,25,21,74848.0,0.402,109742
2913,60,B,25,22,82624.0,0.402,109742
2914,60,B,25,23,94138.0,0.402,109742
2915,60,B,25,24,103113.0,0.402,109742
2916,60,B,25,25,106895.0,0.402,109742
2917,60,B,25,26,106399.0,0.402,109742
2918,60,B,25,27,108741.0,0.402,109742
2920,60,B,25,29,101611.0,0.402,109742
2921,60,B,25,30,110521.0,0.402,109742
2922,60,B,25,31,111558.0,0.402,109742
2923,60,B,25,32,114547.0,0.402,109742
2924,60,B,25,33,108731.0,0.402,109742
2925,60,B,25,34,110416.0,0.402,109742
2926,60,B,25,35,111102.0,0.402,109742
2927,60,B,25,36,109450.0,0.402,109742
2928,60,B,25,37,107844.0,0.402,109742
2929,60,B,25,38,111526.0,0.402,109742
2930,60,B,25,39,105712.0,0.402,109742
2931,60,B,25,40,108260.0,0.402,109742
2932,60,B,25,41,108437.0,0.402,109742
2933,60,B,25,42,106564.0,0.402,109742
2934,60,B,25,43,104360.0,0.402,109742
2935,60,B,25,44,106439.0,0.402,109742
2936,60,B,25,45,105086.0,0.402,109742
2937,60,B,25,46,111591.0,0.402,109742
2938,60,B,25,47,112442.0,0.402,109742
2939,60,B,25,48,111052.0,0.402,109742
2940,61,B,30,0,155.0,0.55,150000
2941,61,B,30,1,229.0,0.55,150000
2942,61,B,30,2,355.0,0.55,150000
2943,61,B,30,3,575.0,0.55,150000
2944,61,B,30,4,877.0,0.55,150000
2945,61,B,30,5,1278.0,0.55,150000
2946,61,B,30,6,2151.0,0.55,150000
2947,61,B,30,7,3120.0,0.55,150000
2949,61,B,30,9,7221.0,0.55,150000
2950,61,B,30,10,12759.0,0.55,150000
2951,61,B,30,11,17231.0,0.55,150000
2952,61,B,30,12,26850.0,0.55,150000
2953,61,B,30,13,36604.0,0.55,150000
2954,61,B,30,14,57915.0,0.55,150000
2955,61,B,30,15,74094.0,0.55,150000
2956,61,B,30,16,96010.0,0.55,150000
2957,61,B,30,17,114828.0,0.55,150000
2958,61,B,30,18,128388.0,0.55,150000
2959,61,B,30,19,136168.0,0.55,150000
2960,61,B,30,20,128914.0,0.55,150000
2961,61,B,30,21,148763.0,0.55,150000
2962,61,B,30,22,156584.0,0.55,150000
2963,61,B,30,23,147274.0,0.55,150000
2964,61,B,30,24,142954.0,0.55,150000
2965,61,B,30,25,146342.0,0.55,150000
2966,61,B,30,26,149692.0,0.55,150000
2967,61,B,30,27,148751.0,0.55,150000
2968,61,B,30,28,144957.0,0.55,150000
2969,61,B,30,29,149093.0,0.55,150000
2970,61,B,30,30,153158.0,0.55,150000
2971,61,B,30,31,141989.0,0.55,150000
2972,61,B,30,32,149143.0,0.55,150000
2973,61,B,30,33,145096.0,0.55,150000
2974,61,B,30,34,148032.0,0.55,150000
2975,61,B,30,35,152373.0,0.55,150000
2976,61,B,30,36,154434.0,0.55,150000
2977,61,B,30,37,141939.0,0.55,150000
2978,61,B,30,38,151273.0,0.55,150000
2979,61,B,30,39,147108.0,0.55,150000
2980,61,B,30,40,150567.0,0.55,150000
2981,61,B,30,41,156795.0,0.55,150000
2982,61,B,30,42,140842.0,0.55,150000
2983,61,B,30,43,139439.0,0.55,150000
2984,61,B,30,44,152036.0,0.55,150000
2985,61,B,30,45,146936.0,0.55,150000
2986,61,B,30,46,148430.0,0.55,150000
2987,61,B,30,47,151988.0,0.55,150000
2988,61,B,30,48,148268.0,0.55,150000
2989,62,B,30,0,151.0,0.55,150000
2990,62,B,30,1,257.0,0.55,150000
2991,62,B,30,2,363.0,0.55,150000
2992,62,B,30,3,563.0,0.55,150000
2993,62,B,30,4,889.0,0.55,150000
2994,62,B,30,5,1367.0,0.55,150000
2995,62,B,30,6,2072.0,0.55,150000
2996,62,B,30,7,3396.0,0.55,150000
2997,62,B,30,8,5169.0,0.55,150000
2998,62,B,30,9,7808.0,0.55,150000
2999,62,B,30,10,11367.0,0.55,150000
3000,62,B,30,11,17641.0,0.55,150000
3001,62,B,30,12,25876.0,0.55,150000
3002,62,B,30,13,36383.0,0.55,150000
3003,62,B,30,14,53098.0,0.55,150000
3004,62,B,30,15,75248.0,0.55,150000
3005,62,B,30,16,93908.0,0.55,150000
3006,62,B,30,17,108152.0,0.55,150000
3007,62,B,30,18,122659.0,0.55,150000
3008,62,B,30,19,141658.0,0.55,150000
3009,62,B,30,20,139693.0,0.55,150000
3010,62,B,30,21,147322.0,0.55,150000
3011,62,B,30,22,146575.0,0.55,150000
3012,62,B,30,23,153788.0,0.55,150000
3013,62,B,30,24,153735.0,0.55,150000
3014,62,B,30,25,755515.0,0.55,150000
3015,62,B,30,26,151879.0,0.55,150000
3016,62,B,30,27,148279.0,0.55,150000
3017,62,B,30,28,150098.0,0.55,150000
3018,62,B,30,29,151795.0,0.55,150000
3020,62,B,30,31,154380.0,0.55,150000
3021,62,B,30,32,152701.0,0.55,150000
3022,62,B,30,33,149880.0,0.55,150000
3023,62,B,30,34,150668.0,0.55,150000
3024,62,B,30,35,154552.0,0.55,150000
3025,62,B,30,36,157814.0,0.55,150000
3026,62,B,30,37,149329.0,0.55,150000
3027,62,B,30,38,152999.0,0.55,150000
3028,62,B,30,39,148545.0,0.55,150000
3029,62,B,30,40,147735.0,0.55,150000
3030,62,B,30,41,150485.0,0.55,150000
3031,62,B,30,42,147676.0,0.55,150000
3032,62,B,30,43,146378.0,0.55,150000
3033,62,B,30,44,149976.0,0.55,150000
3034,62,B,30,45,151510.0,0.55,150000
3035,62,B,30,46,152134.0,0.55,150000
3036,62,B,30,47,151317.0,0.55,150000
3037,62,B,30,48,145746.0,0.55,150000
3038,63,B,30,0,143.0,0.55,150000
3039,63,B,30,1,244.0,0.55,150000
3040,63,B,30,2,388.0,0.55,150000
3041,63,B,30,3,572.0,0.55,150000
3042,63,B,30,4,890.0,0.55,150000
3043,63,B,30,5,1427.0,0.55,150000
3044,63,B,30,6,2083.0,0.55,150000
3045,63,B,30,7,3285.0,0.55,150000
3046,63,B,30,8,5206.0,0.55,150000
3047,63,B,30,9,8169.0,0.55,150000
3048,63,B,30,10,11655.0,0.55,150000
3049,63,B,30,11,17072.0,0.55,150000
3050,63,B,30,12,26937.0,0.55,150000
3051,63,B,30,13,40202.0,0.55,150000
3052,63,B,30,14,55141.0,0.55,150000
3053,63,B,30,15,72245.0,0.55,150000
3054,63,B,30,16,95720.0,0.55,150000
3055,63,B,30,17,109306.0,0.55,150000
3056,63,B,30,18,126828.0,0.55,150000
3057,63,B,30,19,145596.0,0.55,150000
3058,63,B,30,20,143441.0,0.55,150000
3059,63,B,30,21,151061.0,0.55,150000
3061,63,B,30,23,138327.0,0.55,150000
3062,63,B,30,24,148145.0,0.55,150000
3063,63,B,30,25,142996.0,0.55,150000
3064,63,B,30,26,150372.0,0.55,150000
3065,63,B,30,27,148246.0,0.55,150000
3066,63,B,30,28,159666.0,0.55,150000
3067,63,B,30,29,150056.0,0.55,150000
3068,63,B,30,30,153105.0,0.55,150000
3069,63,B,30,31,146336.0,0.55,150000
3071,63,B,30,33,146669.0,0.55,150000
3072,63,B,30,34,154657.0,0.55,150000
3073,63,B,30,35,145559.0,0.55,150000
3074,63,B,30,36,148893.0,0.55,150000
3075,63,B,30,37,157537.0,0.55,150000
3076,63,B,30,38,152047.0,0.55,150000
3077,63,B,30,39,150859.0,0.55,150000
3078,63,B,30,40,144175.0,0.55,150000
3079,63,B,30,41,149044.0,0.55,150000
3080,63,B,30,42,142406.0,0.55,150000
3081,63,B,30,43,153694.0,0.55,150000
3082,63,B,30,44,152718.0,0.55,150000
3083,63,B,30,45,148161.0,0.55,150000
3084,63,B,30,46,157723.0,0.55,150000
3085,63,B,30,47,148597.0,0.55,150000
3086,63,B,30,48,147722.0,0.55,150000
3087,64,B,30,0,154.0,0.55,150000
3088,64,B,30,1,244.0,0.55,150000
3089,64,B,30,2,380.0,0.55,150000
3090,64,B,30,3,580.0,0.55,150000
3091,64,B,30,4,858.0,0.55,150000
3092,64,B,30,5,1355.0,0.55,150000
3093,64,B,30,6,2062.0,0.55,150000
3094,64,B,30,7,3127.0,0.55,150000
3095,64,B,30,8,5057.0,0.55,150000
3096,64,B,30,9,7872.0,0.55,150000
3097,64,B,30,10,12131.0,0.55,150000
3098,64,B,30,11,17635.0,0.55,150000
3099,64,B,30,12,27369.0,0.55,150000
3100,64,B,30,13,36573.0,0.55,150000
3101,64,B,30,14,54946.0,0.55,150000
3102,64,B,30,15,74167.0,0.55,150000
3103,64,B,30,16,94620.0,0.55,150000
3104,64,B,30,17,116174.0,0.55,150000
3105,64,B,30,18,126461.0,0.55,150000
3106,64,B,30,19,131648.0,0.55,150000
3107,64,B,30,20,148049.0,0.55,150000
3108,64,B,30,21,149864.0,0.55,150000
3109,64,B,30,22,137470.0,0.55,150000
3110,64,B,30,23,155598.0,0.55,150000
3111,64,B,30,24,155309.0,0.55,150000
3112,64,B,30,25,152524.0,0.55,150000
3113,64,B,30,26,153334.0,0.55,150000
3114,64,B,30,27,150214.0,0.55,150000
3115,64,B,30,28,151609.0,0.55,150000
3116,64,B,30,29,150991.0,0.55,150000
3117,64,B,30,30,156228.0,0.55,150000
3118,64,B,30,31,153425.0,0.55,150000
3119,64,B,30,32,157696.0,0.55,150000
3120,64,B,30,33,148119.0,0.55,150000
3121,64,B,30,34,150348.0,0.55,150000
3123,64,B,30,36,147686.0,0.55,150000
3124,64,B,30,37,158603.0,0.55,150000
3125,64,B,30,38,144823.0,0.55,150000
3126,64,B,30,39,151230.0,0.55,150000
3127,64,B,30,40,148321.0,0.55,150000
3128,64,B,30,41,147346.0,0.55,150000
3129,64,B,30,42,147448.0,0.55,150000
3130,64,B,30,43,148291.0,0.55,150000
3131,64,B,30,44,144731.0,0.55,150000
3132,64,B,30,45,151059.0,0.55,150000
3133,64,B,30,46,156628.0,0.55,150000
3134,64,B,30,47,154556.0,0.55,150000
3135,64,B,30,48,143206.0,0.55,150000
3136,65,B,30,0,151.0,0.55,150000
3137,65,B,30,1,241.0,0.55,150000
3138,65,B,30,2,384.0,0.55,150000
3139,65,B,30,3,588.0,0.55,150000
3140,65,B,30,4,888.0,0.55,150000
3141,65,B,30,5,1468.0,0.55,150000
3142,65,B,30,6,2210.0,0.55,150000
3143,65,B,30,7,3365.0,0.55,150000
3144,65,B,30,8,5132.0,0.55,150000
3145,65,B,30,9,7811.0,0.55,150000
3146,65,B,30,10,11895.0,0.55,150000
3147,65,B,30,11,17069.0,0.55,150000
3148,65,B,30,12,26473.0,0.55,150000
3149,65,B,30,13,37969.0,0.55,150000
3150,65,B,30,14,52928.0,0.55,150000
3151,65,B,30,15,73149.0,0.55,150000
3152,65,B,30,16,93960.0,0.55,150000
3153,65,B,30,17,117100.0,0.55,150000
3154,65,B,30,18,134038.0,0.55,150000
3155,65,B,30,19,135470.0,0.55,150000
3156,65,B,30,20,141864.0,0.55,150000
3157,65,B,30,21,139052.0,0.55,150000
3158,65,B,30,22,149123.0,0.55,150000
3159,65,B,30,23,148984.0,0.55,150000
3160,65,B,30,24,144529.0,0.55,150000
3161,65,B,30,25,140666.0,0.55,150000
3162,65,B,30,26,160729.0,0.55,150000
3163,65,B,30,27,152981.0,0.55,150000
3164,65,B,30,28,152644.0,0.55,150000
3165,65,B,30,29,144040.0,0.55,150000
3166,65,B,30,30,145937.0,0.55,150000
3167,65,B,30,31,147465.0,0.55,150000
3168,65,B,30,32,152271.0,0.55,150000
3169,65,B,30,33,153332.0,0.55,150000
3170,65,B,30,34,147244.0,0.55,150000
3171,65,B,30,35,161808.0,0.55,150000
3172,65,B,30,36,157693.0,0.55,150000
3173,65,B,30,37,146030.0,0.55,150000
3174,65,B,30,38,154215.0,0.55,150000
3175,65,B,30,39,147586.0,0.55,150000
3176,65,B,30,40,152204.0,0.55,150000
3177,65,B,30,41,148735.0,0.55,150000
3179,65,B,30,43,153091.0,0.55,150000
3180,65,B,30,44,148864.0,0.55,150000
3181,65,B,30,45,150373.0,0.55,150000
3182,65,B,30,46,149288.0,0.55,150000
3183,65,B,30,47,155703.0,0.55,150000
3184,65,B,30,48,155284.0,0.55,150000
3185,66,B,30,0,151.0,0.55,150000
3186,66,B,30,1,241.0,0.55,150000
3187,66,B,30,2,374.0,0.55,150000
3188,66,B,30,3,536.0,0.55,150000
3189,66,B,30,4,894.0,0.55,150000
3190,66,B,30,5,1453.0,0.55,150000
3191,66,B,30,6,2115.0,0.55,150000
3192,66,B,30,7,3247.0,0.55,150000
3193,66,B,30,8,5123.0,0.55,150000
3194,66,B,30,9,7975.0,0.55,150000
3195,66,B,30,10,11863.0,0.55,150000
3196,66,B,30,11,17280.0,0.55,150000
3197,66,B,30,12,25941.0,0.55,150000
3198,66,B,30,13,37289.0,0.55,150000
3199,66,B,30,14,57233.0,0.55,150000
3200,66,B,30,15,72264.0,0.55,150000
3201,66,B,30,16,91353.0,0.55,150000
3202,66,B,30,17,111867.0,0.55,150000
3203,66,B,30,18,134676.0,0.55,150000
3204,66,B,30,19,137198.0,0.55,150000
3205,66,B,30,20,142602.0,0.55,150000
3206,66,B,30,21,148038.0,0.55,150000
3207,66,B,30,22,150620.0,0.55,150000
3208,66,B,30,23,147291.0,0.55,150000
3209,66,B,30,24,147702.0,0.55,150000
3210,66,B,30,25,145447.0,0.55,150000
3211,66,B,30,26,147054.0,0.55,150000
3212,66,B,30,27,157672.0,0.55,150000
3213,66,B,30,28,144910.0,0.55,150000
3214,66,B,30,29,147894.0,0.55,150000
3215,66,B,30,30,153971.0,0.55,150000
3216,66,B,30,31,143458.0,0.55,150000
3217,66,B,30,32,149656.0,0.55,150000
3218,66,B,30,33,153341.0,0.55,150000
3219,66,B,30,34,155785.0,0.55,150000
3220,66,B,30,35,155354.0,0.55,150000
3221,66,B,30,36,141281.0,0.55,150000
3222,66,B,30,37,152563.0,0.55,150000
3223,66,B,30,38,146370.0,0.55,150000
3224,66,B,30,39,153555.0,0.55,150000
3225,66,B,30,40,144943.0,0.55,150000
3226,66,B,30,41,146360.0,0.55,150000
3227,66,B,30,42,145960.0,0.55,150000
3228,66,B,30,43,148284.0,0.55,150000
3229,66,B,30,44,146521.0,0.55,150000
3230,66,B,30,45,145355.0,0.55,150000
3231,66,B,30,46,153352.0,0.55,150000
3232,66,B,30,47,153741.0,0.55,150000
3233,66,B,30,48,142931.0,0.55,150000
3234,67,B,30,0,153.0,0.55,150000
3235,67,B,30,1,243.0,0.55,150000
3236,67,B,30,2,382.0,0.55,150000
3237,67,B,30,3,622.0,0.55,150000
3238,67,B,30,4,942.0,0.55,150000
3239,67,B,30,5,1381.0,0.55,150000
3240,67,B,30,6,2120.0,0.55,150000
3241,67,B,30,7,3368.0,0.55,150000
3242,67,B,30,8,5174.0,0.55,150000
3243,67,B,30,9,7456.0,0.55,150000
3244,67,B,30,10,12020.0,0.55,150000
3245,67,B,30,11,18609.0,0.55,150000
3246,67,B,30,12,26502.0,0.55,150000
3247,67,B,30,13,37391.0,0.55,150000
3248,67,B,30,14,51726.0,0.55,150000
3249,67,B,30,15,72326.0,0.55,150000
3250,67,B,30,16,97578.0,0.55,150000
3251,67,B,30,17,110951.0,0.55,150000
3252,67,B,30,18,125846.0,0.55,150000
3253,67,B,30,19,140063.0,0.55,150000
3254,67,B,30,20,148329.0,0.55,150000
3255,67,B,30,21,143787.0,0.55,150000
3256,67,B,30,22,144150.0,0.55,150000
3257,67,B,30,23,145057.0,0.55,150000
3258,67,B,30,24,144943.0,0.55,150000
3259,67,B,30,25,149005.0,0.55,150000
3260,67,B,30,26,144946.0,0.55,150000
3261,67,B,30,27,153756.0,0.55,150000
3262,67,B,30,28,144868.0,0.55,150000
3263,67,B,30,29,148222.0,0.55,150000
3264,67,B,30,30,147144.0,0.55,150000
3265,67,B,30,31,149050.0,0.55,150000
3266,67,B,30,32,155950.0,0.55,150000
3267,67,B,30,33,142218.0,0.55,150000
3268,67,B,30,34,157117.0,0.55,150000
3269,67,B,30,35,144893.0,0.55,150000
3270,67,B,30,36,155327.0,0.55,150000
3271,67,B,30,37,141480.0,0.55,150000
3272,67,B,30,38,153341.0,0.55,150000
3273,67,B,30,39,138084.0,0.55,150000
3274,67,B,30,40,146453.0,0.55,150000
3275,67,B,30,41,149695.0,0.55,150000
3276,67,B,30,42,145668.0,0.55,150000
3277,67,B,30,43,145901.0,0.55,150000
3278,67,B,30,44,154853.0,0.55,150000
3279,67,B,30,45,150421.0,0.55,150000
3280,67,B,30,46,146714.0,0.55,150000
3281,67,B,30,47,147617.0,0.55,150000
3282,67,B,30,48,148747.0,0.55,150000
3283,68,B,30,0,152.0,0.55,150000
3284,68,B,30,1,240.0,0.55,150000
3285,68,B,30,2,353.0,0.55,150000
3286,68,B,30,3,554.0,0.55,150000
3287,68,B,30,4,911.0,0.55,150000
3288,68,B,30,5,1340.0,0.55,150000
3289,68,B,30,6,2097.0,0.55,150000
3290,68,B,30,7,3154.0,0.55,150000
3291,68,B,30,8,4787.0,0.55,150000
3292,68,B,30,9,8028.0,0.55,150000
3293,68,B,30,10,11737.0,0.55,150000
3294,68,B,30,11,17810.0,0.55,150000
3295,68,B,30,12,27501.0,0.55,150000
3296,68,B,30,13,37433.0,0.55,150000
3297,68,B,30,14,52763.0,0.55,150000
3298,68,B,30,15,70919.0,0.55,150000
3299,68,B,30,16,95836.0,0.55,150000
3300,68,B,30,17,114293.0,0.55,150000
3301,68,B,30,18,123356.0,0.55,150000
3302,68,B,30,19,136233.0,0.55,150000
3303,68,B,30,20,147177.0,0.55,150000
3304,68,B,30,21,135656.0,0.55,150000
3305,68,B,30,22,145661.0,0.55,150000
3306,68,B,30,23,155652.0,0.55,150000
3307,68,B,30,24,153143.0,0.55,150000
3308,68,B,30,25,151090.0,0.55,150000
3309,68,B,30,26,145902.0,0.55,150000
3310,68,B,30,27,151140.0,0.55,150000
3311,68,B,30,28,149700.0,0.55,150000
3312,68,B,30,29,143277.0,0.55,150000
3313,68,B,30,30,151559.0,0.55,150000
3314,68,B,30,31,151314.0,0.55,150000
3315,68,B,30,32,150935.0,0.55,150000
3316,68,B,30,33,148810.0,0.55,150000
3317,68,B,30,34,156212.0,0.55,150000
3318,68,B,30,35,151296.0,0.55,150000
3319,68,B,30,36,148162.0,0.55,150000
3320,68,B,30,37,147517.0,0.55,150000
3321,68,B,30,38,155423.0,0.55,150000
3322,68,B,30,39,144687.0,0.55,150000
3323,68,B,30,40,157702.0,0.55,150000
3324,68,B,30,41,148762.0,0.55,150000
3325,68,B,30,42,153016.0,0.55,150000
3326,68,B,30,43,151929.0,0.55,150000
3327,68,B,30,44,145913.0,0.55,150000
3328,68,B,30,45,144687.0,0.55,150000
3329,68,B,30,46,150051.0,0.55,150000
3330,68,B,30,47,152681.0,0.55,150000
3331,68,B,30,48,157316.0,0.55,150000
3332,69,B,30,0,156.0,0.55,150000
3333,69,B,30,1,238.0,0.55,150000
3334,69,B,30,2,393.0,0.55,150000
3335,69,B,30,3,579.0,0.55,150000
3336,69,B,30,4,899.0,0.55,150000
3337,69,B,30,5,1413.0,0.55,150000
3338,69,B,30,6,2203.0,0.55,150000
3339,69,B,30,7,3361.0,0.55,150000
3340,69,B,30,8,5039.0,0.55,150000
3341,69,B,30,9,7843.0,0.55,150000
3342,69,B,30,10,11775.0,0.55,150000
3343,69,B,30,11,17611.0,0.55,150000
3344,69,B,30,12,26456.0,0.55,150000
3345,69,B,30,13,37816.0,0.55,150000
3346,69,B,30,14,52173.0,0.55,150000
3347,69,B,30,15,76666.0,0.55,150000
3348,69,B,30,16,94979.0,0.55,150000
3349,69,B,30,17,113262.0,0.55,150000
3350,69,B,30,18,131766.0,0.55,150000
3351,69,B,30,19,138826.0,0.55,150000
3352,69,B,30,20,140105.0,0.55,150000
3353,69,B,30,21,145833.0,0.55,150000
3354,69,B,30,22,155932.0,0.55,150000
3355,69,B,30,23,152261.0,0.55,150000
3356,69,B,30,24,146561.0,0.55,150000
3357,69,B,30,25,148869.0,0.55,150000
3358,69,B,30,26,144573.0,0.55,150000
3359,69,B,30,27,149943.0,0.55,150000
3360,69,B,30,28,148931.0,0.55,150000
3361,69,B,30,29,143751.0,0.55,150000
3362,69,B,30,30,146287.0,0.55,150000
3363,69,B,30,31,150427.0,0.55,150000
3364,69,B,30,32,149035.0,0.55,150000
3365,69,B,30,33,158887.0,0.55,150000
3366,69,B,30,34,144411.0,0.55,150000
3367,69,B,30,35,152513.0,0.55,150000
3368,69,B,30,36,151613.0,0.55,150000
3369,69,B,30,37,144146.0,0.55,150000
3370,69,B,30,38,148493.0,0.55,150000
3371,69,B,30,39,148578.0,0.55,150000
3372,69,B,30,40,144908.0,0.55,150000
3373,69,B,30,41,154048.0,0.55,150000
3374,69,B,30,42,149697.0,0.55,150000
3375,69,B,30,43,150880.0,0.55,150000
3376,69,B,30,44,154330.0,0.55,150000
3377,69,B,30,45,148436.0,0.55,150000
3378,69,B,30,46,155112.0,0.55,150000
3379,69,B,30,47,145196.0,0.55,150000
3380,69,B,30,48,149162.0,0.55,150000
3381,70,B,30,0,155.0,0.55,150000
3382,70,B,30,1,233.0,0.55,150000
3383,70,B,30,2,361.0,0.55,150000
3384,70,B,30,3,579.0,0.55,150000
3385,70,B,30,4,857.0,0.55,150000
3386,70,B,30,5,1360.0,0.55,150000
3387,70,B,30,6,2037.0,0.55,150000
3388,70,B,30,7,3388.0,0.55,150000
3389,70,B,30,8,5207.0,0.55,150000
3390,70,B,30,9,7713.0,0.55,150000
3391,70,B,30,10,11581.0,0.55,150000
3392,70,B,30,11,17106.0,0.55,150000
3393,70,B,30,12,26868.0,0.55,150000
3394,70,B,30,13,39176.0,0.55,150000
3395,70,B,30,14,49349.0,0.55,150000
3396,70,B,30,15,69662.0,0.55,150000
3397,70,B,30,16,94039.0,0.55,150000
3398,70,B,30,17,118390.0,0.55,150000
3399,70,B,30,18,123070.0,0.55,150000
3400,70,B,30,19,143152.0,0.55,150000
3401,70,B,30,20,151548.0,0.55,150000
3402,70,B,30,21,157485.0,0.55,150000
3403,70,B,30,22,148626.0,0.55,150000
3404,70,B,30,23,156114.0,0.55,150000
3405,70,B,30,24,144043.0,0.55,150000
3406,70,B,30,25,151562.0,0.55,150000
3407,70,B,30,26,146265.0,0.55,150000
3408,70,B,30,27,148734.0,0.55,150000
3409,70,B,30,28,152040.0,0.55,150000
3410,70,B,30,29,146975.0,0.55,150000
3411,70,B,30,30,154457.0,0.55,150000
3412,70,B,30,31,150998.0,0.55,150000
3413,70,B,30,32,152722.0,0.55,150000
3414,70,B,30,33,149923.0,0.55,150000
3415,70,B,30,34,151672.0,0.55,150000
3416,70,B,30,35,157061.0,0.55,150000
3417,70,B,30,36,150522.0,0.55,150000
3419,70,B,30,38,155676.0,0.55,150000
3420,70,B,30,39,145993.0,0.55,150000
3421,70,B,30,40,151168.0,0.55,150000
3422,70,B,30,41,153534.0,0.55,150000
3423,70,B,30,42,152483.0,0.55,150000
3425,70,B,30,44,148895.0,0.55,150000
3426,70,B,30,45,151357.0,0.55,150000
3427,70,B,30,46,148638.0,0.55,150000
3428,70,B,30,47,148633.0,0.55,150000
3429,70,B,30,48,154908.0,0.55,150000
3430,71,B,37,0,126.0,0.298,81299
3431,71,B,37,1,175.0,0.298,81299
3432,71,B,37,2,219.0,0.298,81299
3433,71,B,37,3,298.0,0.298,81299
3434,71,B,37,4,349.0,0.298,81299
3435,71,B,37,5,456.0,0.298,81299
3436,71,B,37,6,616.0,0.298,81299
3437,71,B,37,7,813.0,0.298,81299
3438,71,B,37,8,1017.0,0.298,81299
3439,71,B,37,9,1320.0,0.298,81299
3440,71,B,37,10,1700.0,0.298,81299
3441,71,B,37,11,2320.0,0.298,81299
3442,71,B,37,12,2813.0,0.298,81299
3443,71,B,37,13,3439.0,0.298,81299
3444,71,B,37,14,4710.0,0.298,81299
3445,71,B,37,15,6091.0,0.298,81299
3446,71,B,37,16,7942.0,0.298,81299
3447,71,B,37,17,9945.0,0.298,81299
3448,71,B,37,18,12486.0,0.298,81299
3449,71,B,37,19,15422.0,0.298,81299
3450,71,B,37,20,19587.0,0.298,81299
3452,71,B,37,22,27849.0,0.298,81299
3453,71,B,37,23,34150.0,0.298,81299
3454,71,B,37,24,40096.0,0.298,81299
3455,71,B,37,25,49150.0,0.298,81299
3456,71,B,37,26,53813.0,0.298,81299
3457,71,B,37,27,58611.0,0.298,81299
3459,71,B,37,29,68760.0,0.298,81299
3460,71,B,37,30,71709.0,0.298,81299
3461,71,B,37,31,71595.0,0.298,81299
3462,71,B,37,32,74787.0,0.298,81299
3463,71,B,37,33,79225.0,0.298,81299
3464,71,B,37,34,75385.0,0.298,81299
3465,71,B,37,35,75700.0,0.298,81299
3466,71,B,37,36,75723.0,0.298,81299
3467,71,B,37,37,83495.0,0.298,81299
3468,71,B,37,38,78689.0,0.298,81299
3469,71,B,37,39,80230.0,0.298,81299
3470,71,B,37,40,80295.0,0.298,81299
3471,71,B,37,41,83615.0,0.298,81299
3472,71,B,37,42,80443.0,0.298,81299
3473,71,B,37,43,81999.0,0.298,81299
3474,71,B,37,44,85481.0,0.298,81299
3475,71,B,37,45,82008.0,0.298,81299
3476,71,B,37,46,86437.0,0.298,81299
3477,71,B,37,47,83392.0,0.298,81299
3478,71,B,37,48,79535.0,0.298,81299
3479,72,B,37,0,128.0,0.298,81299
3480,72,B,37,1,170.0,0.298,81299
3481,72,B,37,2,209.0,0.298,81299
3482,72,B,37,3,272.0,0.298,81299
3483,72,B,37,4,377.0,0.298,81299
3484,72,B,37,5,473.0,0.298,81299
3485,72,B,37,6,617.0,0.298,81299
3486,72,B,37,7,820.0,0.298,81299
3487,72,B,37,8,1046.0,0.298,81299
3488,72,B,37,9,1368.0,0.298,81299
3489,72,B,37,10,1846.0,0.298,81299
3490,72,B,37,11,2199.0,0.298,81299
3491,72,B,37,12,3084.0,0.298,81299
3492,72,B,37,13,3761.0,0.298,81299
3493,72,B,37,14,4796.0,0.298,81299
3494,72,B,37,15,6089.0,0.298,81299
3495,72,B,37,16,8002.0,0.298,81299
3496,72,B,37,17,9583.0,0.298,81299
3497,72,B,37,18,13073.0,0.298,81299
3498,72,B,37,19,16194.0,0.298,81299
3499,72,B,37,20,18623.0,0.298,81299
3500,72,B,37,21,23328.0,0.298,81299
3501,72,B,37,22,29072.0,0.298,81299
3502,72,B,37,23,34444.0,0.298,81299
3503,72,B,37,24,41768.0,0.298,81299
3504,72,B,37,25,46825.0,0.298,81299
3505,72,B,37,26,56122.0,0.298,81299
3506,72,B,37,27,57630.0,0.298,81299
3507,72,B,37,28,62086.0,0.298,81299
3508,72,B,37,29,67061.0,0.298,81299
3509,72,B,37,30,70736.0,0.298,81299
3510,72,B,37,31,72662.0,0.298,81299
3511,72,B,37,32,72840.0,0.298,81299
3512,72,B,37,33,73407.0,0.298,81299
3513,72,B,37,34,79652.0,0.298,81299
3514,72,B,37,35,79698.0,0.298,81299
3515,72,B,37,36,76620.0,0.298,81299
3516,72,B,37,37,80612.0,0.298,81299
3517,72,B,37,38,86768.0,0.298,81299
3518,72,B,37,39,85016.0,0.298,81299
3519,72,B,37,40,79715.0,0.298,81299
3520,72,B,37,41,82264.0,0.298,81299
3521,72,B,37,42,81171.0,0.298,81299
3522,72,B,37,43,81387.0,0.298,81299
3524,72,B,37,45,80285.0,0.298,81299
3525,72,B,37,46,85602.0,0.298,81299
3526,72,B,37,47,84263.0,0.298,81299
3529,73,B,37,1,169.0,0.298,81299
3530,73,B,37,2,220.0,0.298,81299
3531,73,B,37,3,283.0,0.298,81299
3532,73,B,37,4,346.0,0.298,81299
3533,73,B,37,5,481.0,0.298,81299
3534,73,B,37,6,630.0,0.298,81299
3535,73,B,37,7,814.0,0.298,81299
3536,73,B,37,8,981.0,0.298,81299
3537,73,B,37,9,1386.0,0.298,81299
3538,73,B,37,10,1689.0,0.298,81299
3539,73,B,37,11,2245.0,0.298,81299
3540,73,B,37,12,2816.0,0.298,81299
3541,73,B,37,13,3650.0,0.298,81299
3542,73,B,37,14,4662.0,0.298,81299
3543,73,B,37,15,6224.0,0.298,81299
3544,73,B,37,16,7913.0,0.298,81299
3545,73,B,37,17,9575.0,0.298,81299
3546,73,B,37,18,12190.0,0.298,81299
3547,73,B,37,19,15950.0,0.298,81299
3548,73,B,37,20,18628.0,0.298,81299
3549,73,B,37,21,23352.0,0.298,81299
3550,73,B,37,22,28906.0,0.298,81299
3551,73,B,37,23,34745.0,0.298,81299
3552,73,B,37,24,39542.0,0.298,81299
3553,73,B,37,25,46589.0,0.298,81299
3554,73,B,37,26,52299.0,0.298,81299
3555,73,B,37,27,60059.0,0.298,81299
3556,73,B,37,28,64835.0,0.298,81299
3557,73,B,37,29,67508.0,0.298,81299
3558,73,B,37,30,69478.0,0.298,81299
3559,73,B,37,31,72881.0,0.298,81299
3560,73,B,37,32,74591.0,0.298,81299
3561,73,B,37,33,76056.0,0.298,81299
3562,73,B,37,34,81431.0,0.298,81299
3563,73,B,37,35,79914.0,0.298,81299
3564,73,B,37,36,81040.0,0.298,81299
3565,73,B,37,37,83609.0,0.298,81299
3566,73,B,37,38,79377.0,0.298,81299
3567,73,B,37,39,81113.0,0.298,81299
3568,73,B,37,40,78917.0,0.298,81299
3569,73,B,37,41,83428.0,0.298,81299
3570,73,B,37,42,78872.0,0.298,81299
3571,73,B,37,43,82025.0,0.298,81299
3572,73,B,37,44,79641.0,0.298,81299
3573,73,B,37,45,79714.0,0.298,81299
3574,73,B,37,46,81967.0,0.298,81299
3575,73,B,37,47,83623.0,0.298,81299
3576,73,B,37,48,84333.0,0.298,81299
3577,74,B,37,0,130.0,0.298,81299
3578,74,B,37,1,172.0,0.298,81299
3579,74,B,37,2,208.0,0.298,81299
3580,74,B,37,3,289.0,0.298,81299
3581,74,B,37,4,368.0,0.298,81299
3582,74,B,37,5,474.0,0.298,81299
3583,74,B,37,6,625.0,0.298,81299
3584,74,B,37,7,769.0,0.298,81299
3585,74,B,37,8,1037.0,0.298,81299
3586,74,B,37,9,1262.0,0.298,81299
3587,74,B,37,10,1725.0,0.298,81299
3588,74,B,37,11,2145.0,0.298,81299
3589,74,B,37,12,2926.0,0.298,81299
3590,74,B,37,13,3716.0,0.298,81299
3591,74,B,37,14,4533.0,0.298,81299
3592,74,B,37,15,6001.0,0.298,81299
3593,74,B,37,16,7717.0,0.298,81299
3594,74,B,37,17,9875.0,0.298,81299
3595,74,B,37,18,12572.0,0.298,81299
3596,74,B,37,19,15492.0,0.298,81299
3597,74,B,37,20,19710.0,0.298,81299
3598,74,B,37,21,24278.0,0.298,81299
3599,74,B,37,22,29212.0,0.298,81299
3600,74,B,37,23,34811.0,0.298,81299
3601,74,B,37,24,40012.0,0.298,81299
3602,74,B,37,25,45251.0,0.298,81299
3603,74,B,37,26,51209.0,0.298,81299
3604,74,B,37,27,55635.0,0.298,81299
3605,74,B,37,28,60405.0,0.298,81299
3606,74,B,37,29,70076.0,0.298,81299
3607,74,B,37,30,72899.0,0.298,81299
3608,74,B,37,31,72392.0,0.298,81299
3609,74,B,37,32,76205.0,0.298,81299
3610,74,B,37,33,75199.0,0.298,81299
3611,74,B,37,34,80150.0,0.298,81299
3612,74,B,37,35,78654.0,0.298,81299
3613,74,B,37,36,75514.0,0.298,81299
3614,74,B,37,37,78305.0,0.298,81299
3615,74,B,37,38,81230.0,0.298,81299
3616,74,B,37,39,77210.0,0.298,81299
3617,74,B,37,40,80856.0,0.298,81299
3618,74,B,37,41,81491.0,0.298,81299
3619,74,B,37,42,81392.0,0.298,81299
3620,74,B,37,43,81315.0,0.298,81299
3621,74,B,37,44,77784.0,0.298,81299
3622,74,B,37,45,80841.0,0.298,81299
3623,74,B,37,46,79909.0,0.298,81299
3624,74,B,37,47,84306.0,0.298,81299
3625,74,B,37,48,85797.0,0.298,81299
3626,75,B,37,0,132.0,0.298,81299
3627,75,B,37,1,166.0,0.298,81299
3628,75,B,37,2,221.0,0.298,81299
3629,75,B,37,3,287.0,0.298,81299
3630,75,B,37,4,365.0,0.298,81299
3631,75,B,37,5,486.0,0.298,81299
3632,75,B,37,6,652.0,0.298,81299
3633,75,B,37,7,817.0,0.298,81299
3634,75,B,37,8,1079.0,0.298,81299
3635,75,B,37,9,1374.0,0.298,81299
3636,75,B,37,10,1723.0,0.298,81299
3637,75,B,37,11,2401.0,0.298,81299
3638,75,B,37,12,2805.0,0.298,81299
3639,75,B,37,13,3802.0,0.298,81299
3640,75,B,37,14,4768.0,0.298,81299
3641,75,B,37,15,5984.0,0.298,81299
3642,75,B,37,16,7527.0,0.298,81299
3643,75,B,37,17,9392.0,0.298,81299
3644,75,B,37,18,12670.0,0.298,81299
3645,75,B,37,19,15742.0,0.298,81299
3646,75,B,37,20,18807.0,0.298,81299
3648,75,B,37,22,28658.0,0.298,81299
3649,75,B,37,23,34652.0,0.298,81299
3650,75,B,37,24,40738.0,0.298,81299
3651,75,B,37,25,46057.0,0.298,81299
3652,75,B,37,26,51454.0,0.298,81299
3653,75,B,37,27,59017.0,0.298,81299
3654,75,B,37,28,66637.0,0.298,81299
3655,75,B,37,29,67273.0,0.298,81299
3656,75,B,37,30,72521.0,0.298,81299
3657,75,B,37,31,73414.0,0.298,81299
3658,75,B,37,32,73437.0,0.298,81299
3659,75,B,37,33,79534.0,0.298,81299
3660,75,B,37,34,79042.0,0.298,81299
3661,75,B,37,35,79773.0,0.298,81299
3662,75,B,37,36,81936.0,0.298,81299
3663,75,B,37,37,78921.0,0.298,81299
3664,75,B,37,38,80238.0,0.298,81299
3665,75,B,37,39,79833.0,0.298,81299
3666,75,B,37,40,82567.0,0.298,81299
3667,75,B,37,41,79927.0,0.298,81299
3668,75,B,37,42,76816.0,0.298,81299
3669,75,B,37,43,80320.0,0.298,81299
3670,75,B,37,44,76752.0,0.298,81299
3671,75,B,37,45,79409.0,0.298,81299
3672,75,B,37,46,80632.0,0.298,81299
3673,75,B,37,47,78891.0,0.298,81299
3674,75,B,37,48,83226.0,0.298,81299
3675,76,B,37,0,124.0,0.298,81299
3676,76,B,37,1,167.0,0.298,81299
3677,76,B,37,2,219.0,0.298,81299
3678,76,B,37,3,286.0,0.298,81299
3679,76,B,37,4,366.0,0.298,81299
3680,76,B,37,5,501.0,0.298,81299
3681,76,B,37,6,608.0,0.298,81299
3683,76,B,37,8,1011.0,0.298,81299
3684,76,B,37,9,1366.0,0.298,81299
3685,76,B,37,10,1750.0,0.298,81299
3686,76,B,37,11,2299.0,0.298,81299
3687,76,B,37,12,2898.0,0.298,81299
3688,76,B,37,13,3659.0,0.298,81299
3689,76,B,37,14,4802.0,0.298,81299
3690,76,B,37,15,6062.0,0.298,81299
3691,76,B,37,16,7806.0,0.298,81299
3692,76,B,37,17,9897.0,0.298,81299
3693,76,B,37,18,12539.0,0.298,81299
3694,76,B,37,19,16038.0,0.298,81299
3695,76,B,37,20,19200.0,0.298,81299
3696,76,B,37,21,23110.0,0.298,81299
3697,76,B,37,22,28493.0,0.298,81299
3698,76,B,37,23,35802.0,0.298,81299
3699,76,B,37,24,40392.0,0.298,81299
3700,76,B,37,25,44855.0,0.298,81299
3701,76,B,37,26,258100.0,0.298,81299
3702,76,B,37,27,58190.0,0.298,81299
3703,76,B,37,28,64861.0,0.298,81299
3704,76,B,37,29,67601.0,0.298,81299
3705,76,B,37,30,72564.0,0.298,81299
3706,76,B,37,31,75392.0,0.298,81299
3707,76,B,37,32,73927.0,0.298,81299
3708,76,B,37,33,78468.0,0.298,81299
3709,76,B,37,34,74119.0,0.298,81299
3710,76,B,37,35,76975.0,0.298,81299
3711,76,B,37,36,78155.0,0.298,81299
3712,76,B,37,37,79812.0,0.298,81299
3713,76,B,37,38,81387.0,0.298,81299
3714,76,B,37,39,88585.0,0.298,81299
3715,76,B,37,40,81205.0,0.298,81299
3716,76,B,37,41,78663.0,0.298,81299
3717,76,B,37,42,82890.0,0.298,81299
3718,76,B,37,43,80610.0,0.298,81299
3719,76,B,37,44,84224.0,0.298,81299
3720,76,B,37,45,80348.0,0.298,81299
3721,76,B,37,46,82675.0,0.298,81299
3722,76,B,37,47,81324.0,0.298,81299
3723,76,B,37,48,83248.0,0.298,81299
3724,77,B,37,0,131.0,0.298,81299
3725,77,B,37,1,165.0,0.298,81299
3726,77,B,37,2,230.0,0.298,81299
3727,77,B,37,3,270.0,0.298,81299
3728,77,B,37,4,385.0,0.298,81299
3729,77,B,37,5,482.0,0.298,81299
3730,77,B,37,6,629.0,0.298,81299
3731,77,B,37,7,788.0,0.298,81299
3732,77,B,37,8,1055.0,0.298,81299
3734,77,B,37,10,1786.0,0.298,81299
3735,77,B,37,11,2267.0,0.298,81299
3737,77,B,37,13,3655.0,0.298,81299
3738,77,B,37,14,4626.0,0.298,81299
3739,77,B,37,15,6349.0,0.298,81299
3740,77,B,37,16,7786.0,0.298,81299
3741,77,B,37,17,9933.0,0.298,81299
3742,77,B,37,18,13036.0,0.298,81299
3743,77,B,37,19,15828.0,0.298,81299
3744,77,B,37,20,18873.0,0.298,81299
3745,77,B,37,21,23833.0,0.298,81299
3746,77,B,37,22,29907.0,0.298,81299
3747,77,B,37,23,34740.0,0.298,81299
3748,77,B,37,24,40599.0,0.298,81299
3749,77,B,37,25,46142.0,0.298,81299
3750,77,B,37,26,52761.0,0.298,81299
3751,77,B,37,27,57008.0,0.298,81299
3752,77,B,37,28,62036.0,0.298,81299
3753,77,B,37,29,72883.0,0.298,81299
3754,77,B,37,30,69794.0,0.298,81299
3755,77,B,37,31,72748.0,0.298,81299
3756,77,B,37,32,76117.0,0.298,81299
3757,77,B,37,33,77053.0,0.298,81299
3758,77,B,37,34,79448.0,0.298,81299
3759,77,B,37,35,78382.0,0.298,81299
3760,77,B,37,36,79208.0,0.298,81299
3761,77,B,37,37,81319.0,0.298,81299
3762,77,B,37,38,84419.0,0.298,81299
3763,77,B,37,39,78254.0,0.298,81299
3764,77,B,37,40,80608.0,0.298,81299
3765,77,B,37,41,80250.0,0.298,81299
3766,77,B,37,42,83250.0,0.298,81299
3767,77,B,37,43,82954.0,0.298,81299
3768,77,B,37,44,81787.0,0.298,81299
3769,77,B,37,45,83337.0,0.298,81299
3770,77,B,37,46,77802.0,0.298,81299
3771,77,B,37,47,78374.0,0.298,81299
3772,77,B,37,48,78327.0,0.298,81299
3773,78,B,37,0,123.0,0.298,81299
3775,78,B,37,2,224.0,0.298,81299
3776,78,B,37,3,284.0,0.298,81299
3777,78,B,37,4,374.0,0.298,81299
3778,78,B,37,5,487.0,0.298,81299
3779,78,B,37,6,646.0,0.298,81299
3780,78,B,37,7,789.0,0.298,81299
3781,78,B,37,8,1068.0,0.298,81299
3782,78,B,37,9,1284.0,0.298,81299
3783,78,B,37,10,1837.0,0.298,81299
3784,78,B,37,11,2197.0,0.298,81299
3785,78,B,37,12,2762.0,0.298,81299
3786,78,B,37,13,3678.0,0.298,81299
3787,78,B,37,14,4669.0,0.298,81299
3788,78,B,37,15,6087.0,0.298,81299
3789,78,B,37,16,7731.0,0.298,81299
3790,78,B,37,17,9674.0,0.298,81299
3791,78,B,37,18,12689.0,0.298,81299
3792,78,B,37,19,15254.0,0.298,81299
3793,78,B,37,20,19461.0,0.298,81299
3794,78,B,37,21,24221.0,0.298,81299
3796,78,B,37,23,34558.0,0.298,81299
3797,78,B,37,24,39941.0,0.298,81299
3798,78,B,37,25,46695.0,0.298,81299
3799,78,B,37,26,53575.0,0.298,81299
3800,78,B,37,27,56947.0,0.298,81299
3801,78,B,37,28,65847.0,0.298,81299
3802,78,B,37,29,68216.0,0.298,81299
3803,78,B,37,30,72164.0,0.298,81299
3804,78,B,37,31,75300.0,0.298,81299
3805,78,B,37,32,77370.0,0.298,81299
3806,78,B,37,33,79950.0,0.298,81299
3807,78,B,37,34,78369.0,0.298,81299
3808,78,B,37,35,75520.0,0.298,81299
3809,78,B,37,36,80459.0,0.298,81299
3810,78,B,37,37,82968.0,0.298,81299
3811,78,B,37,38,84418.0,0.298,81299
3812,78,B,37,39,79525.0,0.298,81299
3813,78,B,37,40,87553.0,0.298,81299
3814,78,B,37,41,82132.0,0.298,81299
3815,78,B,37,42,82398.0,0.298,81299
3816,78,B,37,43,77562.0,0.298,81299
3817,78,B,37,44,86004.0,0.298,81299
3818,78,B,37,45,76740.0,0.298,81299
3819,78,B,37,46,84090.0,0.298,81299
3820,78,B,37,47,84045.0,0.298,81299
3821,78,B,37,48,83897.0,0.298,81299
3822,79,B,37,0,132.0,0.298,81299
3823,79,B,37,1,151.0,0.298,81299
3824,79,B,37,2,228.0,0.298,81299
3825,79,B,37,3,278.0,0.298,81299
3826,79,B,37,4,350.0,0.298,81299
3827,79,B,37,5,469.0,0.298,81299
3828,79,B,37,6,627.0,0.298,81299
3829,79,B,37,7,785.0,0.298,81299
3830,79,B,37,8,1072.0,0.298,81299
3831,79,B,37,9,1403.0,0.298,81299
3832,79,B,37,10,1849.0,0.298,81299
3833,79,B,37,11,2195.0,0.298,81299
3834,79,B,37,12,2802.0,0.298,81299
3835,79,B,37,13,3714.0,0.298,81299
3836,79,B,37,14,4808.0,0.298,81299
3837,79,B,37,15,6402.0,0.298,81299
3838,79,B,37,16,8028.0,0.298,81299
3839,79,B,37,17,9502.0,0.298,81299
3840,79,B,37,18,11819.0,0.298,81299
3841,79,B,37,19,15534.0,0.298,81299
3842,79,B,37,20,18932.0,0.298,81299
3843,79,B,37,21,23545.0,0.298,81299
3844,79,B,37,22,28266.0,0.298,81299
3845,79,B,37,23,33905.0,0.298,81299
3846,79,B,37,24,41732.0,0.298,81299
3847,79,B,37,25,45281.0,0.298,81299
3848,79,B,37,26,51768.0,0.298,81299
3849,79,B,37,27,56043.0,0.298,81299
3850,79,B,37,28,64292.0,0.298,81299
3851,79,B,37,29,66707.0,0.298,81299
3852,79,B,37,30,69507.0,0.298,81299
3853,79,B,37,31,74418.0,0.298,81299
3854,79,B,37,32,76484.0,0.298,81299
3855,79,B,37,33,75620.0,0.298,81299
3856,79,B,37,34,79242.0,0.298,81299
3857,79,B,37,35,75957.0,0.298,81299
3858,79,B,37,36,79004.0,0.298,81299
3859,79,B,37,37,81094.0,0.298,81299
3860,79,B,37,38,79952.0,0.298,81299
3861,79,B,37,39,83898.0,0.298,81299
3862,79,B,37,40,79351.0,0.298,81299
3863,79,B,37,41,78434.0,0.298,81299
3864,79,B,37,42,79179.0,0.298,81299
3865,79,B,37,43,85736.0,0.298,81299
3866,79,B,37,44,79739.0,0.298,81299
3867,79,B,37,45,81505.0,0.298,81299
3868,79,B,37,46,79445.0,0.298,81299
3869,79,B,37,47,76751.0,0.298,81299
3871,80,B,37,0,128.0,0.298,81299
3872,80,B,37,1,163.0,0.298,81299
3873,80,B,37,2,225.0,0.298,81299
3874,80,B,37,3,287.0,0.298,81299
3875,80,B,37,4,391.0,0.298,81299
3876,80,B,37,5,488.0,0.298,81299
3877,80,B,37,6,609.0,0.298,81299
3878,80,B,37,7,812.0,0.298,81299
3879,80,B,37,8,980.0,0.298,81299
3880,80,B,37,9,1359.0,0.298,81299
3881,80,B,37,10,1714.0,0.298,81299
3882,80,B,37,11,2247.0,0.298,81299
3883,80,B,37,12,2866.0,0.298,81299
3884,80,B,37,13,3567.0,0.298,81299
3885,80,B,37,14,5011.0,0.298,81299
3886,80,B,37,15,6400.0,0.298,81299
3887,80,B,37,16,8442.0,0.298,81299
3888,80,B,37,17,10174.0,0.298,81299
3889,80,B,37,18,12127.0,0.298,81299
3890,80,B,37,19,15630.0,0.298,81299
3891,80,B,37,20,18575.0,0.298,81299
3892,80,B,37,21,23522.0,0.298,81299
3893,80,B,37,22,29003.0,0.298,81299
3894,80,B,37,23,34076.0,0.298,81299
3895,80,B,37,24,40699.0,0.298,81299
3896,80,B,37,25,44171.0,0.298,81299
3897,80,B,37,26,53195.0,0.298,81299
3898,80,B,37,27,57639.0,0.298,81299
3899,80,B,37,28,64416.0,0.298,81299
3900,80,B,37,29,64692.0,0.298,81299
3901,80,B,37,30,65190.0,0.298,81299
3902,80,B,37,31,74015.0,0.298,81299
3903,80,B,37,32,75437.0,0.298,81299
3904,80,B,37,33,71744.0,0.298,81299
3905,80,B,37,34,78589.0,0.298,81299
3906,80,B,37,35,78631.0,0.298,81299
3907,80,B,37,36,82483.0,0.298,81299
3908,80,B,37,37,81413.0,0.298,81299
3909,80,B,37,38,82901.0,0.298,81299
3910,80,B,37,39,83508.0,0.298,81299
3912,80,B,37,41,81311.0,0.298,81299
3913,80,B,37,42,84423.0,0.298,81299
3914,80,B,37,43,82139.0,0.298,81299
3915,80,B,37,44,83405.0,0.298,81299
3916,80,B,37,45,83286.0,0.298,81299
3917,80,B,37,46,82485.0,0.298,81299
3918,80,B,37,47,83466.0,0.298,81299
3919,80,B,37,48,78280.0,0.298,81299
3920,81,C,20,0,101.0,0.007,1889
3921,81,C,20,1,101.0,0.007,1889
3922,81,C,20,2,100.0,0.007,1889
3923,81,C,20,3,95.0,0.007,1889
3924,81,C,20,4,95.0,0.007,1889
3925,81,C,20,5,107.0,0.007,1889
3926,81,C,20,6,105.0,0.007,1889
3927,81,C,20,7,110.0,0.007,1889
3928,81,C,20,8,99.0,0.007,1889
3929,81,C,20,9,106.0,0.007,1889
3930,81,C,20,10,109.0,0.007,1889
3931,81,C,20,11,110.0,0.007,1889
3932,81,C,20,12,110.0,0.007,1889
3933,81,C,20,13,109.0,0.007,1889
3934,81,C,20,14,111.0,0.007,1889
3935,81,C,20,15,112.0,0.007,1889
3936,81,C,20,16,113.0,0.007,1889
3937,81,C,20,17,118.0,0.007,1889
3938,81,C,20,18,116.0,0.007,1889
3939,81,C,20,19,118.0,0.007,1889
3940,81,C,20,20,111.0,0.007,1889
3941,81,C,20,21,116.0,0.007,1889
3942,81,C,20,22,115.0,0.007,1889
3943,81,C,20,23,118.0,0.007,1889
3945,81,C,20,25,117.0,0.007,1889
3946,81,C,20,26,121.0,0.007,1889
3947,81,C,20,27,120.0,0.007,1889
3948,81,C,20,28,123.0,0.007,1889
3949,81,C,20,29,125.0,0.007,1889
3950,81,C,20,30,122.0,0.007,1889
3951,81,C,20,31,123.0,0.007,1889
3952,81,C,20,32,124.0,0.007,1889
3953,81,C,20,33,125.0,0.007,1889
3954,81,C,20,34,135.0,0.007,1889
3955,81,C,20,35,124.0,0.007,1889
3956,81,C,20,36,123.0,0.007,1889
3957,81,C,20,37,127.0,0.007,1889
3958,81,C,20,38,126.0,0.007,1889
3959,81,C,20,39,129.0,0.007,1889
3961,81,C,20,41,130.0,0.007,1889
3962,81,C,20,42,132.0,0.007,1889
3963,81,C,20,43,131.0,0.007,1889
3964,81,C,20,44,131.0,0.007,1889
3965,81,C,20,45,132.0,0.007,1889
3966,81,C,20,46,137.0,0.007,1889
3967,81,C,20,47,131.0,0.007,1889
3968,81,C,20,48,132.0,0.007,1889
3969,82,C,20,0,102.0,0.007,1889
3970,82,C,20,1,101.0,0.007,1889
3971,82,C,20,2,98.0,0.007,1889
3972,82,C,20,3,100.0,0.007,1889
3973,82,C,20,4,109.0,0.007,1889
3974,82,C,20,5,99.0,0.007,1889
3975,82,C,20,6,100.0,0.007,1889
3976,82,C,20,7,109.0,0.007,1889
3977,82,C,20,8,103.0,0.007,1889
3978,82,C,20,9,105.0,0.007,1889
3979,82,C,20,10,107.0,0.007,1889
3980,82,C,20,11,107.0,0.007,1889
3981,82,C,20,12,104.0,0.007,1889
3982,82,C,20,13,111.0,0.007,1889
3983,82,C,20,14,109.0,0.007,1889
3984,82,C,20,15,112.0,0.007,1889
3985,82,C,20,16,114.0,0.007,1889
3986,82,C,20,17,114.0,0.007,1889
3987,82,C,20,18,109.0,0.007,1889
3988,82,C,20,19,117.0,0.007,1889
3989,82,C,20,20,113.0,0.007,1889
3990,82,C,20,21,111.0,0.007,1889
3991,82,C,20,22,120.0,0.007,1889
3992,82,C,20,23,110.0,0.007,1889
3993,82,C,20,24,115.0,0.007,1889
3994,82,C,20,25,117.0,0.007,1889
3995,82,C,20,26,120.0,0.007,1889
3996,82,C,20,27,120.0,0.007,1889
3997,82,C,20,28,114.0,0.007,1889
3998,82,C,20,29,126.0,0.007,1889
3999,82,C,20,30,130.0,0.007,1889
4000,82,C,20,31,121.0,0.007,1889
4001,82,C,20,32,121.0,0.007,1889
4003,82,C,20,34,130.0,0.007,1889
4004,82,C,20,35,127.0,0.007,1889
4005,82,C,20,36,128.0,0.007,1889
4006,82,C,20,37,133.0,0.007,1889
4007,82,C,20,38,123.0,0.007,1889
4008,82,C,20,39,124.0,0.007,1889
4009,82,C,20,40,130.0,0.007,1889
4010,82,C,20,41,130.0,0.007,1889
4011,82,C,20,42,126.0,0.007,1889
4012,82,C,20,43,137.0,0.007,1889
4013,82,C,20,44,139.0,0.007,1889
4014,82,C,20,45,136.0,0.007,1889
4015,82,C,20,46,140.0,0.007,1889
4016,82,C,20,47,136.0,0.007,1889
4017,82,C,20,48,137.0,0.007,1889
4018,83,C,20,0,102.0,0.007,1889
4019,83,C,20,1,103.0,0.007,1889
4020,83,C,20,2,105.0,0.007,1889
4021,83,C,20,3,107.0,0.007,1889
4022,83,C,20,4,105.0,0.007,1889
4023,83,C,20,5,107.0,0.007,1889
4024,83,C,20,6,108.0,0.007,1889
4025,83,C,20,7,105.0,0.007,1889
4026,83,C,20,8,104.0,0.007,1889
4027,83,C,20,9,108.0,0.007,1889
4028,83,C,20,10,108.0,0.007,1889
4029,83,C,20,11,104.0,0.007,1889
4030,83,C,20,12,107.0,0.007,1889
4031,83,C,20,13,106.0,0.007,1889
4032,83,C,20,14,112.0,0.007,1889
4033,83,C,20,15,115.0,0.007,1889
4034,83,C,20,16,105.0,0.007,1889
4035,83,C,20,17,111.0,0.007,1889
4036,83,C,20,18,112.0,0.007,1889
4037,83,C,20,19,116.0,0.007,1889
4038,83,C,20,20,117.0,0.007,1889
4039,83,C,20,21,109.0,0.007,1889
4041,83,C,20,23,112.0,0.007,1889
4042,83,C,20,24,113.0,0.007,1889
4043,83,C,20,25,120.0,0.007,1889
4044,83,C,20,26,115.0,0.007,1889
4045,83,C,20,27,120.0,0.007,1889
4046,83,C,20,28,119.0,0.007,1889
4047,83,C,20,29,120.0,0.007,1889
4048,83,C,20,30,118.0,0.007,1889
4049,83,C,20,31,125.0,0.007,1889
4050,83,C,20,32,129.0,0.007,1889
4051,83,C,20,33,121.0,0.007,1889
4052,83,C,20,34,126.0,0.007,1889
4053,83,C,20,35,127.0,0.007,1889
4054,83,C,20,36,128.0,0.007,1889
4055,83,C,20,37,130.0,0.007,1889
4056,83,C,20,38,125.0,0.007,1889
4057,83,C,20,39,129.0,0.007,1889
4058,83,C,20,40,126.0,0.007,1889
4059,83,C,20,41,136.0,0.007,1889
4060,83,C,20,42,128.0,0.007,1889
4061,83,C,20,43,130.0,0.007,1889
4062,83,C,20,44,135.0,0.007,1889
4063,83,C,20,45,124.0,0.007,1889
4065,83,C,20,47,134.0,0.007,1889
4066,83,C,20,48,145.0,0.007,1889
4067,84,C,20,0,101.0,0.007,1889
4068,84,C,20,1,104.0,0.007,1889
4069,84,C,20,2,105.0,0.007,1889
4070,84,C,20,3,106.0,0.007,1889
4071,84,C,20,4,99.0,0.007,1889
4072,84,C,20,5,108.0,0.007,1889
4073,84,C,20,6,105.0,0.007,1889
4074,84,C,20,7,103.0,0.007,1889
4075,84,C,20,8,107.0,0.007,1889
4076,84,C,20,9,105.0,0.007,1889
4077,84,C,20,10,110.0,0.007,1889
4078,84,C,20,11,106.0,0.007,1889
4079,84,C,20,12,112.0,0.007,1889
4080,84,C,20,13,107.0,0.007,1889
4081,84,C,20,14,108.0,0.007,1889
4082,84,C,20,15,106.0,0.007,1889
4083,84,C,20,16,112.0,0.007,1889
4085,84,C,20,18,110.0,0.007,1889
4086,84,C,20,19,115.0,0.007,1889
4087,84,C,20,20,114.0,0.007,1889
4088,84,C,20,21,115.0,0.007,1889
4090,84,C,20,23,108.0,0.007,1889
4091,84,C,20,24,119.0,0.007,1889
4092,84,C,20,25,108.0,0.007,1889
4093,84,C,20,26,115.0,0.007,1889
4094,84,C,20,27,116.0,0.007,1889
4095,84,C,20,28,119.0,0.007,1889
4096,84,C,20,29,122.0,0.007,1889
4097,84,C,20,30,122.0,0.007,1889
4098,84,C,20,31,123.0,0.007,1889
4099,84,C,20,32,118.0,0.007,1889
4100,84,C,20,33,125.0,0.007,1889
4101,84,C,20,34,127.0,0.007,1889
4102,84,C,20,35,126.0,0.007,1889
4103,84,C,20,36,126.0,0.007,1889
4104,84,C,20,37,128.0,0.007,1889
4105,84,C,20,38,126.0,0.007,1889
4106,84,C,20,39,127.0,0.007,1889
4107,84,C,20,40,132.0,0.007,1889
4108,84,C,20,41,136.0,0.007,1889
4109,84,C,20,42,133.0,0.007,1889
4110,84,C,20,43,133.0,0.007,1889
4111,84,C,20,44,126.0,0.007,1889
4112,84,C,20,45,134.0,0.007,1889
4113,84,C,20,46,135.0,0.007,1889
4114,84,C,20,47,145.0,0.007,1889
4115,84,C,20,48,136.0,0.007,1889
4116,85,C,20,0,95.0,0.007,1889
4117,85,C,20,1,100.0,0.007,1889
4118,85,C,20,2,97.0,0.007,1889
4119,85,C,20,3,103.0,0.007,1889
4120,85,C,20,4,107.0,0.007,1889
4121,85,C,20,5,106.0,0.007,1889
4122,85,C,20,6,104.0,0.007,1889
4123,85,C,20,7,105.0,0.007,1889
4124,85,C,20,8,109.0,0.007,1889
4125,85,C,20,9,105.0,0.007,1889
4126,85,C,20,10,107.0,0.007,1889
4127,85,C,20,11,113.0,0.007,1889
4128,85,C,20,12,103.0,0.007,1889
4129,85,C,20,13,117.0,0.007,1889
4130,85,C,20,14,113.0,0.007,1889
4131,85,C,20,15,103.0,0.007,1889
4132,85,C,20,16,114.0,0.007,1889
4133,85,C,20,17,113.0,0.007,1889
4134,85,C,20,18,115.0,0.007,1889
4135,85,C,20,19,113.0,0.007,1889
4136,85,C,20,20,119.0,0.007,1889
4137,85,C,20,21,115.0,0.007,1889
4138,85,C,20,22,120.0,0.007,1889
4139,85,C,20,23,116.0,0.007,1889
4140,85,C,20,24,117.0,0.007,1889
4141,85,C,20,25,122.0,0.007,1889
4142,85,C,20,26,121.0,0.007,1889
4143,85,C,20,27,122.0,0.007,1889
4144,85,C,20,28,121.0,0.007,1889
4145,85,C,20,29,114.0,0.007,1889
4146,85,C,20,30,126.0,0.007,1889
4147,85,C,20,31,120.0,0.007,1889
4148,85,C,20,32,127.0,0.007,1889
4149,85,C,20,33,121.0,0.007,1889
4150,85,C,20,34,130.0,0.007,1889
4151,85,C,20,35,121.0,0.007,1889
4152,85,C,20,36,126.0,0.007,1889
4153,85,C,20,37,131.0,0.007,1889
4154,85,C,20,38,134.0,0.007,1889
4155,85,C,20,39,130.0,0.007,1889
4156,85,C,20,40,124.0,0.007,1889
4157,85,C,20,41,133.0,0.007,1889
4158,85,C,20,42,139.0,0.007,1889
4159,85,C,20,43,127.0,0.007,1889
4160,85,C,20,44,136.0,0.007,1889
4161,85,C,20,45,138.0,0.007,1889
4162,85,C,20,46,138.0,0.007,1889
4163,85,C,20,47,137.0,0.007,1889
4164,85,C,20,48,138.0,0.007,1889
4165,86,C,20,0,94.0,0.007,1889
4166,86,C,20,1,99.0,0.007,1889
4167,86,C,20,2,98.0,0.007,1889
4168,86,C,20,3,101.0,0.007,1889
4169,86,C,20,4,107.0,0.007,1889
4170,86,C,20,5,100.0,0.007,1889
4171,86,C,20,6,105.0,0.007,1889
4172,86,C,20,7,103.0,0.007,1889
4173,86,C,20,8,100.0,0.007,1889
4174,86,C,20,9,105.0,0.007,1889
4175,86,C,20,10,110.0,0.007,1889
4176,86,C,20,11,112.0,0.007,1889
4177,86,C,20,12,116.0,0.007,1889
4178,86,C,20,13,107.0,0.007,1889
4179,86,C,20,14,110.0,0.007,1889
4180,86,C,20,15,113.0,0.007,1889
4181,86,C,20,16,107.0,0.007,1889
4182,86,C,20,17,112.0,0.007,1889
4183,86,C,20,18,113.0,0.007,1889
4184,86,C,20,19,113.0,0.007,1889
4185,86,C,20,20,115.0,0.007,1889
4186,86,C,20,21,117.0,0.007,1889
4187,86,C,20,22,122.0,0.007,1889
4188,86,C,20,23,112.0,0.007,1889
4189,86,C,20,24,117.0,0.007,1889
4190,86,C,20,25,118.0,0.007,1889
4191,86,C,20,26,117.0,0.007,1889
4192,86,C,20,27,124.0,0.007,1889
4193,86,C,20,28,118.0,0.007,1889
4194,86,C,20,29,116.0,0.007,1889
4195,86,C,20,30,129.0,0.007,1889
4196,86,C,20,31,118.0,0.007,1889
4197,86,C,20,32,126.0,0.007,1889
4198,86,C,20,33,116.0,0.007,1889
4199,86,C,20,34,125.0,0.007,1889
4200,86,C,20,35,123.0,0.007,1889
4201,86,C,20,36,126.0,0.007,1889
4202,86,C,20,37,128.0,0.007,1889
4203,86,C,20,38,129.0,0.007,1889
4204,86,C,20,39,129.0,0.007,1889
4205,86,C,20,40,126.0,0.007,1889
4206,86,C,20,41,131.0,0.007,1889
4207,86,C,20,42,132.0,0.007,1889
4208,86,C,20,43,131.0,0.007,1889
4209,86,C,20,44,139.0,0.007,1889
4210,86,C,20,45,135.0,0.007,1889
4211,86,C,20,46,133.0,0.007,1889
4212,86,C,20,47,132.0,0.007,1889
4213,86,C,20,48,139.0,0.007,1889
4214,87,C,20,0,97.0,0.007,1889
4215,87,C,20,1,97.0,0.007,1889
4216,87,C,20,2,100.0,0.007,1889
4218,87,C,20,4,101.0,0.007,1889
4219,87,C,20,5,109.0,0.007,1889
4220,87,C,20,6,109.0,0.007,1889
4221,87,C,20,7,108.0,0.007,1889
4222,87,C,20,8,100.0,0.007,1889
4223,87,C,20,9,106.0,0.007,1889
4224,87,C,20,10,110.0,0.007,1889
4225,87,C,20,11,106.0,0.007,1889
4226,87,C,20,12,111.0,0.007,1889
4227,87,C,20,13,109.0,0.007,1889
4228,87,C,20,14,110.0,0.007,1889
4229,87,C,20,15,111.0,0.007,1889
4230,87,C,20,16,107.0,0.007,1889
4232,87,C,20,18,114.0,0.007,1889
4233,87,C,20,19,117.0,0.007,1889
4234,87,C,20,20,116.0,0.007,1889
4235,87,C,20,21,114.0,0.007,1889
4236,87,C,20,22,115.0,0.007,1889
4237,87,C,20,23,107.0,0.007,1889
4238,87,C,20,24,117.0,0.007,1889
4239,87,C,20,25,115.0,0.007,1889
4240,87,C,20,26,132.0,0.007,1889
4241,87,C,20,27,121.0,0.007,1889
4242,87,C,20,28,117.0,0.007,1889
4243,87,C,20,29,127.0,0.007,1889
4244,87,C,20,30,123.0,0.007,1889
4245,87,C,20,31,118.0,0.007,1889
4246,87,C,20,32,128.0,0.007,1889
4247,87,C,20,33,125.0,0.007,1889
4248,87,C,20,34,130.0,0.007,1889
4249,87,C,20,35,129.0,0.007,1889
4250,87,C,20,36,123.0,0.007,1889
4251,87,C,20,37,136.0,0.007,1889
4252,87,C,20,38,127.0,0.007,1889
4253,87,C,20,39,126.0,0.007,1889
4254,87,C,20,40,133.0,0.007,1889
4255,87,C,20,41,124.0,0.007,1889
4256,87,C,20,42,130.0,0.007,1889
4257,87,C,20,43,129.0,0.007,1889
4258,87,C,20,44,134.0,0.007,1889
4259,87,C,20,45,139.0,0.007,1889
4260,87,C,20,46,131.0,0.007,1889
4261,87,C,20,47,136.0,0.007,1889
4262,87,C,20,48,142.0,0.007,1889
4263,88,C,20,0,97.0,0.007,1889
4264,88,C,20,1,102.0,0.007,1889
4265,88,C,20,2,102.0,0.007,1889
4266,88,C,20,3,101.0,0.007,1889
4267,88,C,20,4,107.0,0.007,1889
4268,88,C,20,5,106.0,0.007,1889
4269,88,C,20,6,104.0,0.007,1889
4270,88,C,20,7,103.0,0.007,1889
4271,88,C,20,8,103.0,0.007,1889
4272,88,C,20,9,102.0,0.007,1889
4273,88,C,20,10,103.0,0.007,1889
4274,88,C,20,11,109.0,0.007,1889
4275,88,C,20,12,107.0,0.007,1889
4276,88,C,20,13,106.0,0.007,1889
4277,88,C,20,14,108.0,0.007,1889
4278,88,C,20,15,108.0,0.007,1889
4279,88,C,20,16,115.0,0.007,1889
4280,88,C,20,17,114.0,0.007,1889
4281,88,C,20,18,108.0,0.007,1889
4282,88,C,20,19,109.0,0.007,1889
4283,88,C,20,20,114.0,0.007,1889
4284,88,C,20,21,118.0,0.007,1889
4285,88,C,20,22,113.0,0.007,1889
4286,88,C,20,23,119.0,0.007,1889
4287,88,C,20,24,116.0,0.007,1889
4288,88,C,20,25,124.0,0.007,1889
4289,88,C,20,26,115.0,0.007,1889
4290,88,C,20,27,127.0,0.007,1889
4291,88,C,20,28,116.0,0.007,1889
4292,88,C,20,29,119.0,0.007,1889
4293,88,C,20,30,118.0,0.007,1889
4294,88,C,20,31,118.0,0.007,1889
4295,88,C,20,32,129.0,0.007,1889
4296,88,C,20,33,127.0,0.007,1889
4297,88,C,20,34,133.0,0.007,1889
4298,88,C,20,35,121.0,0.007,1889
4299,88,C,20,36,130.0,0.007,1889
4300,88,C,20,37,129.0,0.007,1889
4301,88,C,20,38,132.0,0.007,1889
4302,88,C,20,39,126.0,0.007,1889
4303,88,C,20,40,131.0,0.007,1889
4304,88,C,20,41,134.0,0.007,1889
4305,88,C,20,42,134.0,0.007,1889
4306,88,C,20,43,126.0,0.007,1889
4307,88,C,20,44,134.0,0.007,1889
4308,88,C,20,45,133.0,0.007,1889
4309,88,C,20,46,138.0,0.007,1889
4310,88,C,20,47,135.0,0.007,1889
4311,88,C,20,48,135.0,0.007,1889
4312,89,C,20,0,104.0,0.007,1889
4313,89,C,20,1,104.0,0.007,1889
4314,89,C,20,2,105.0,0.007,1889
4315,89,C,20,3,103.0,0.007,1889
4316,89,C,20,4,99.0,0.007,1889
4317,89,C,20,5,108.0,0.007,1889
4318,89,C,20,6,107.0,0.007,1889
4319,89,C,20,7,105.0,0.007,1889
4320,89,C,20,8,106.0,0.007,1889
4321,89,C,20,9,110.0,0.007,1889
4322,89,C,20,10,112.0,0.007,1889
4323,89,C,20,11,104.0,0.007,1889
4324,89,C,20,12,109.0,0.007,1889
4325,89,C,20,13,113.0,0.007,1889
4326,89,C,20,14,109.0,0.007,1889
4327,89,C,20,15,111.0,0.007,1889
4328,89,C,20,16,109.0,0.007,1889
4329,89,C,20,17,108.0,0.007,1889
4331,89,C,20,19,109.0,0.007,1889
4332,89,C,20,20,112.0,0.007,1889
4333,89,C,20,21,120.0,0.007,1889
4334,89,C,20,22,111.0,0.007,1889
4335,89,C,20,23,112.0,0.007,1889
4336,89,C,20,24,121.0,0.007,1889
4337,89,C,20,25,110.0,0.007,1889
4338,89,C,20,26,112.0,0.007,1889
4339,89,C,20,27,114.0,0.007,1889
4340,89,C,20,28,123.0,0.007,1889
4341,89,C,20,29,126.0,0.007,1889
4342,89,C,20,30,123.0,0.007,1889
4343,89,C,20,31,124.0,0.007,1889
4344,89,C,20,32,122.0,0.007,1889
4345,89,C,20,33,123.0,0.007,1889
4346,89,C,20,34,120.0,0.007,1889
4347,89,C,20,35,129.0,0.007,1889
4348,89,C,20,36,120.0,0.007,1889
4349,89,C,20,37,130.0,0.007,1889
4350,89,C,20,38,126.0,0.007,1889
4351,89,C,20,39,130.0,0.007,1889
4352,89,C,20,40,124.0,0.007,1889
4353,89,C,20,41,129.0,0.007,1889
4354,89,C,20,42,132.0,0.007,1889
4355,89,C,20,43,134.0,0.007,1889
4356,89,C,20,44,133.0,0.007,1889
4357,89,C,20,45,131.0,0.007,1889
4358,89,C,20,46,136.0,0.007,1889
4359,89,C,20,47,135.0,0.007,1889
4360,89,C,20,48,137.0,0.007,1889
4361,90,C,20,0,95.0,0.007,1889
4362,90,C,20,1,101.0,0.007,1889
4363,90,C,20,2,100.0,0.007,1889
4364,90,C,20,3,104.0,0.007,1889
4365,90,C,20,4,104.0,0.007,1889
4366,90,C,20,5,104.0,0.007,1889
4367,90,C,20,6,109.0,0.007,1889
4368,90,C,20,7,104.0,0.007,1889
4369,90,C,20,8,102.0,0.007,1889
4370,90,C,20,9,100.0,0.007,1889
4371,90,C,20,10,107.0,0.007,1889
4372,90,C,20,11,116.0,0.007,1889
4373,90,C,20,12,107.0,0.007,1889
4374,90,C,20,13,114.0,0.007,1889
4375,90,C,20,14,109.0,0.007,1889
4376,90,C,20,15,109.0,0.007,1889
4377,90,C,20,16,116.0,0.007,1889
4378,90,C,20,17,112.0,0.007,1889
4379,90,C,20,18,110.0,0.007,1889
4380,90,C,20,19,114.0,0.007,1889
4381,90,C,20,20,110.0,0.007,1889
4382,90,C,20,21,109.0,0.007,1889
4383,90,C,20,22,118.0,0.007,1889
4384,90,C,20,23,115.0,0.007,1889
4385,90,C,20,24,117.0,0.007,1889
4386,90,C,20,25,114.0,0.007,1889
4387,90,C,20,26,117.0,0.007,1889
4388,90,C,20,27,117.0,0.007,1889
4389,90,C,20,28,118.0,0.007,1889
4391,90,C,20,30,129.0,0.007,1889
4392,90,C,20,31,127.0,0.007,1889
4393,90,C,20,32,122.0,0.007,1889
4394,90,C,20,33,123.0,0.007,1889
4395,90,C,20,34,123.0,0.007,1889
4396,90,C,20,35,130.0,0.007,1889
4397,90,C,20,36,124.0,0.007,1889
4398,90,C,20,37,130.0,0.007,1889
4399,90,C,20,38,126.0,0.007,1889
4400,90,C,20,39,129.0,0.007,1889
4401,90,C,20,40,123.0,0.007,1889
4402,90,C,20,41,126.0,0.007,1889
4403,90,C,20,42,128.0,0.007,1889
4404,90,C,20,43,132.0,0.007,1889
4405,90,C,20,44,142.0,0.007,1889
4406,90,C,20,45,141.0,0.007,1889
4407,90,C,20,46,131.0,0.007,1889
4408,90,C,20,47,137.0,0.007,1889
4409,90,C,20,48,136.0,0.007,1889
4410,91,C,25,0,108.0,0.041,11571
4411,91,C,25,1,114.0,0.041,11571
4412,91,C,25,2,114.0,0.041,11571
4413,91,C,25,3,113.0,0.041,11571
4414,91,C,25,4,123.0,0.041,11571
4415,91,C,25,5,129.0,0.041,11571
4416,91,C,25,6,135.0,0.041,11571
4417,91,C,25,7,146.0,0.041,11571
4418,91,C,25,8,133.0,0.041,11571
4419,91,C,25,9,148.0,0.041,11571
4420,91,C,25,10,157.0,0.041,11571
4421,91,C,25,11,156.0,0.041,11571
4422,91,C,25,12,177.0,0.041,11571
4423,91,C,25,13,165.0,0.041,11571
4424,91,C,25,14,187.0,0.041,11571
4425,91,C,25,15,189.0,0.041,11571
4426,91,C,25,16,196.0,0.041,11571
4427,91,C,25,17,213.0,0.041,11571
4428,91,C,25,18,234.0,0.041,11571
4429,91,C,25,19,224.0,0.041,11571
4430,91,C,25,20,235.0,0.041,11571
4431,91,C,25,21,226.0,0.041,11571
4432,91,C,25,22,257.0,0.041,11571
4433,91,C,25,23,264.0,0.041,11571
4434,91,C,25,24,283.0,0.041,11571
4435,91,C,25,25,278.0,0.041,11571
4436,91,C,25,26,295.0,0.041,11571
4437,91,C,25,27,300.0,0.041,11571
4438,91,C,25,28,319.0,0.041,11571
4439,91,C,25,29,326.0,0.041,11571
4440,91,C,25,30,348.0,0.041,11571
4441,91,C,25,31,347.0,0.041,11571
4442,91,C,25,32,371.0,0.041,11571
4443,91,C,25,33,368.0,0.041,11571
4444,91,C,25,34,405.0,0.041,11571
4445,91,C,25,35,413.0,0.041,11571
4446,91,C,25,36,429.0,0.041,11571
4447,91,C,25,37,440.0,0.041,11571
4448,91,C,25,38,443.0,0.041,11571
4449,91,C,25,39,510.0,0.041,11571
4450,91,C,25,40,503.0,0.041,11571
4451,91,C,25,41,538.0,0.041,11571
4452,91,C,25,42,534.0,0.041,11571
4453,91,C,25,43,558.0,0.041,11571
4454,91,C,25,44,608.0,0.041,11571
4455,91,C,25,45,626.0,0.041,11571
4457,91,C,25,47,660.0,0.041,11571
4458,91,C,25,48,708.0,0.041,11571
4459,92,C,25,0,102.0,0.041,11571
4460,92,C,25,1,111.0,0.041,11571
4461,92,C,25,2,113.0,0.041,11571
4462,92,C,25,3,115.0,0.041,11571
4463,92,C,25,4,125.0,0.041,11571
4464,92,C,25,5,123.0,0.041,11571
4465,92,C,25,6,136.0,0.041,11571
4466,92,C,25,7,137.0,0.041,11571
4467,92,C,25,8,144.0,0.041,11571
4468,92,C,25,9,151.0,0.041,11571
4469,92,C,25,10,157.0,0.041,11571
4470,92,C,25,11,166.0,0.041,11571
4471,92,C,25,12,171.0,0.041,11571
4472,92,C,25,13,172.0,0.041,11571
4473,92,C,25,14,176.0,0.041,11571
4474,92,C,25,15,186.0,0.041,11571
4476,92,C,25,17,197.0,0.041,11571
4477,92,C,25,18,211.0,0.041,11571
4478,92,C,25,19,215.0,0.041,11571
4479,92,C,25,20,240.0,0.041,11571
4480,92,C,25,21,236.0,0.041,11571
4481,92,C,25,22,252.0,0.041,11571
4482,92,C,25,23,270.0,0.041,11571
4483,92,C,25,24,277.0,0.041,11571
4484,92,C,25,25,270.0,0.041,11571
4485,92,C,25,26,293.0,0.041,11571
4486,92,C,25,27,318.0,0.041,11571
4487,92,C,25,28,317.0,0.041,11571
4488,92,C,25,29,326.0,0.041,11571
4489,92,C,25,30,354.0,0.041,11571
4490,92,C,25,31,357.0,0.041,11571
4491,92,C,25,32,368.0,0.041,11571
4492,92,C,25,33,395.0,0.041,11571
4493,92,C,25,34,397.0,0.041,11571
4494,92,C,25,35,395.0,0.041,11571
4495,92,C,25,36,457.0,0.041,11571
4496,92,C,25,37,456.0,0.041,11571
4497,92,C,25,38,482.0,0.041,11571
4498,92,C,25,39,496.0,0.041,11571
4499,92,C,25,40,516.0,0.041,11571
4501,92,C,25,42,540.0,0.041,11571
4502,92,C,25,43,575.0,0.041,11571
4503,92,C,25,44,599.0,0.041,11571
4504,92,C,25,45,612.0,0.041,11571
4506,92,C,25,47,688.0,0.041,11571
4507,92,C,25,48,719.0,0.041,11571
4508,93,C,25,0,105.0,0.041,11571
4509,93,C,25,1,107.0,0.041,11571
4510,93,C,25,2,110.0,0.041,11571
4511,93,C,25,3,116.0,0.041,11571
4512,93,C,25,4,124.0,0.041,11571
4513,93,C,25,5,125.0,0.041,11571
4514,93,C,25,6,134.0,0.041,11571
4515,93,C,25,7,139.0,0.041,11571
4516,93,C,25,8,135.0,0.041,11571
4517,93,C,25,9,147.0,0.041,11571
4518,93,C,25,10,151.0,0.041,11571
4519,93,C,25,11,158.0,0.041,11571
4520,93,C,25,12,167.0,0.041,11571
4521,93,C,25,13,171.0,0.041,11571
4522,93,C,25,14,197.0,0.041,11571
4523,93,C,25,15,190.0,0.041,11571
4524,93,C,25,16,195.0,0.041,11571
4525,93,C,25,17,191.0,0.041,11571
4526,93,C,25,18,213.0,0.041,11571
4527,93,C,25,19,223.0,0.041,11571
4528,93,C,25,20,235.0,0.041,11571
4529,93,C,25,21,244.0,0.041,11571
4530,93,C,25,22,263.0,0.041,11571
4531,93,C,25,23,270.0,0.041,11571
4532,93,C,25,24,280.0,0.041,11571
4533,93,C,25,25,268.0,0.041,11571
4534,93,C,25,26,287.0,0.041,11571
4536,93,C,25,28,309.0,0.041,11571
4537,93,C,25,29,327.0,0.041,11571
4538,93,C,25,30,342.0,0.041,11571
4539,93,C,25,31,328.0,0.041,11571
4540,93,C,25,32,366.0,0.041,11571
4541,93,C,25,33,372.0,0.041,11571
4542,93,C,25,34,406.0,0.041,11571
4543,93,C,25,35,405.0,0.041,11571
4544,93,C,25,36,454.0,0.041,11571
4545,93,C,25,37,426.0,0.041,11571
4546,93,C,25,38,454.0,0.041,11571
4547,93,C,25,39,474.0,0.041,11571
4548,93,C,25,40,506.0,0.041,11571
4549,93,C,25,41,533.0,0.041,11571
4550,93,C,25,42,559.0,0.041,11571
4551,93,C,25,43,568.0,0.041,11571
4552,93,C,25,44,592.0,0.041,11571
4553,93,C,25,45,625.0,0.041,11571
4554,93,C,25,46,655.0,0.041,11571
4555,93,C,25,47,676.0,0.041,11571
4556,93,C,25,48,736.0,0.041,11571
4557,94,C,25,0,100.0,0.041,11571
4558,94,C,25,1,109.0,0.041,11571
4559,94,C,25,2,120.0,0.041,11571
4560,94,C,25,3,117.0,0.041,11571
4561,94,C,25,4,120.0,0.041,11571
4562,94,C,25,5,119.0,0.041,11571
4563,94,C,25,6,129.0,0.041,11571
4564,94,C,25,7,134.0,0.041,11571
4565,94,C,25,8,142.0,0.041,11571
4566,94,C,25,9,146.0,0.041,11571
4567,94,C,25,10,154.0,0.041,11571
4568,94,C,25,11,164.0,0.041,11571
4569,94,C,25,12,166.0,0.041,11571
4570,94,C,25,13,176.0,0.041,11571
4571,94,C,25,14,188.0,0.041,11571
4572,94,C,25,15,193.0,0.041,11571
4573,94,C,25,16,200.0,0.041,11571
4574,94,C,25,17,199.0,0.041,11571
4575,94,C,25,18,227.0,0.041,11571
4576,94,C,25,19,221.0,0.041,11571
4577,94,C,25,20,231.0,0.041,11571
4578,94,C,25,21,232.0,0.041,11571
4579,94,C,25,22,248.0,0.041,11571
4580,94,C,25,23,260.0,0.041,11571
4582,94,C,25,25,288.0,0.041,11571
4583,94,C,25,26,284.0,0.041,11571
4584,94,C,25,27,304.0,0.041,11571
4585,94,C,25,28,330.0,0.041,11571
4586,94,C,25,29,338.0,0.041,11571
4587,94,C,25,30,352.0,0.041,11571
4588,94,C,25,31,362.0,0.041,11571
4589,94,C,25,32,380.0,0.041,11571
4590,94,C,25,33,387.0,0.041,11571
4591,94,C,25,34,407.0,0.041,11571
4592,94,C,25,35,447.0,0.041,11571
4593,94,C,25,36,455.0,0.041,11571
4594,94,C,25,37,463.0,0.041,11571
4595,94,C,25,38,475.0,0.041,11571
4596,94,C,25,39,481.0,0.041,11571
4597,94,C,25,40,499.0,0.041,11571
4598,94,C,25,41,550.0,0.041,11571
4599,94,C,25,42,537.0,0.041,11571
4600,94,C,25,43,576.0,0.041,11571
4601,94,C,25,44,578.0,0.041,11571
4602,94,C,25,45,630.0,0.041,11571
4603,94,C,25,46,654.0,0.041,11571
4604,94,C,25,47,633.0,0.041,11571
4605,94,C,25,48,702.0,0.041,11571
4606,95,C,25,0,106.0,0.041,11571
4607,95,C,25,1,104.0,0.041,11571
4608,95,C,25,2,115.0,0.041,11571
4609,95,C,25,3,118.0,0.041,11571
4610,95,C,25,4,118.0,0.041,11571
4611,95,C,25,5,128.0,0.041,11571
4612,95,C,25,6,129.0,0.041,11571
4613,95,C,25,7,137.0,0.041,11571
4614,95,C,25,8,150.0,0.041,11571
4615,95,C,25,9,148.0,0.041,11571
4616,95,C,25,10,156.0,0.041,11571
4617,95,C,25,11,159.0,0.041,11571
4618,95,C,25,12,179.0,0.041,11571
4619,95,C,25,13,175.0,0.041,11571
4620,95,C,25,14,188.0,0.041,11571
4621,95,C,25,15,191.0,0.041,11571
4622,95,C,25,16,208.0,0.041,11571
4623,95,C,25,17,213.0,0.041,11571
4624,95,C,25,18,213.0,0.041,11571
4625,95,C,25,19,229.0,0.041,11571
4626,95,C,25,20,235.0,0.041,11571
4627,95,C,25,21,238.0,0.041,11571
4628,95,C,25,22,251.0,0.041,11571
4629,95,C,25,23,257.0,0.041,11571
4630,95,C,25,24,274.0,0.041,11571
4631,95,C,25,25,268.0,0.041,11571
4632,95,C,25,26,291.0,0.041,11571
4633,95,C,25,27,324.0,0.041,11571
4634,95,C,25,28,316.0,0.041,11571
4635,95,C,25,29,335.0,0.041,11571
4636,95,C,25,30,340.0,0.041,11571
4637,95,C,25,31,362.0,0.041,11571
4638,95,C,25,32,356.0,0.041,11571
4639,95,C,25,33,381.0,0.041,11571
4640,95,C,25,34,434.0,0.041,11571
4641,95,C,25,35,430.0,0.041,11571
4642,95,C,25,36,455.0,0.041,11571
4643,95,C,25,37,445.0,0.041,11571
4644,95,C,25,38,482.0,0.041,11571
4645,95,C,25,39,500.0,0.041,11571
4646,95,C,25,40,500.0,0.041,11571
4647,95,C,25,41,530.0,0.041,11571
4648,95,C,25,42,582.0,0.041,11571
4649,95,C,25,43,568.0,0.041,11571
4650,95,C,25,44,600.0,0.041,11571
4651,95,C,25,45,599.0,0.041,11571
4652,95,C,25,46,625.0,0.041,11571
4653,95,C,25,47,646.0,0.041,11571
4654,95,C,25,48,669.0,0.041,11571
4655,96,C,25,0,110.0,0.041,11571
4656,96,C,25,1,110.0,0.041,11571
4657,96,C,25,2,111.0,0.041,11571
4658,96,C,25,3,117.0,0.041,11571
4659,96,C,25,4,117.0,0.041,11571
4660,96,C,25,5,121.0,0.041,11571
4661,96,C,25,6,136.0,0.041,11571
4663,96,C,25,8,144.0,0.041,11571
4664,96,C,25,9,155.0,0.041,11571
4665,96,C,25,10,155.0,0.041,11571
4666,96,C,25,11,163.0,0.041,11571
4667,96,C,25,12,178.0,0.041,11571
4668,96,C,25,13,177.0,0.041,11571
4669,96,C,25,14,178.0,0.041,11571
4670,96,C,25,15,196.0,0.041,11571
4671,96,C,25,16,195.0,0.041,11571
4672,96,C,25,17,199.0,0.041,11571
4673,96,C,25,18,212.0,0.041,11571
4674,96,C,25,19,230.0,0.041,11571
4675,96,C,25,20,245.0,0.041,11571
4676,96,C,25,21,243.0,0.041,11571
4677,96,C,25,22,251.0,0.041,11571
4678,96,C,25,23,265.0,0.041,11571
4679,96,C,25,24,279.0,0.041,11571
4680,96,C,25,25,275.0,0.041,11571
4681,96,C,25,26,292.0,0.041,11571
4682,96,C,25,27,317.0,0.041,11571
4683,96,C,25,28,318.0,0.041,11571
4684,96,C,25,29,340.0,0.041,11571
4686,96,C,25,31,342.0,0.041,11571
4687,96,C,25,32,368.0,0.041,11571
4688,96,C,25,33,391.0,0.041,11571
4689,96,C,25,34,403.0,0.041,11571
4690,96,C,25,35,434.0,0.041,11571
4691,96,C,25,36,434.0,0.041,11571
4692,96,C,25,37,459.0,0.041,11571
4693,96,C,25,38,461.0,0.041,11571
4694,96,C,25,39,508.0,0.041,11571
4695,96,C,25,40,508.0,0.041,11571
4696,96,C,25,41,534.0,0.041,11571
4697,96,C,25,42,569.0,0.041,11571
4698,96,C,25,43,566.0,0.041,11571
4699,96,C,25,44,604.0,0.041,11571
4700,96,C,25,45,638.0,0.041,11571
4701,96,C,25,46,639.0,0.041,11571
4702,96,C,25,47,641.0,0.041,11571
4703,96,C,25,48,726.0,0.041,11571
4704,97,C,25,0,108.0,0.041,11571
4705,97,C,25,1,108.0,0.041,11571
4706,97,C,25,2,112.0,0.041,11571
4707,97,C,25,3,119.0,0.041,11571
4708,97,C,25,4,121.0,0.041,11571
4709,97,C,25,5,125.0,0.041,11571
4710,97,C,25,6,127.0,0.041,11571
4711,97,C,25,7,140.0,0.041,11571
4712,97,C,25,8,145.0,0.041,11571
4713,97,C,25,9,147.0,0.041,11571
4714,97,C,25,10,155.0,0.041,11571
4715,97,C,25,11,169.0,0.041,11571
4716,97,C,25,12,172.0,0.041,11571
4717,97,C,25,13,171.0,0.041,11571
4718,97,C,25,14,182.0,0.041,11571
4719,97,C,25,15,185.0,0.041,11571
4720,97,C,25,16,192.0,0.041,11571
4721,97,C,25,17,211.0,0.041,11571
4722,97,C,25,18,216.0,0.041,11571
4723,97,C,25,19,222.0,0.041,11571
4724,97,C,25,20,223.0,0.041,11571
4725,97,C,25,21,234.0,0.041,11571
4726,97,C,25,22,260.0,0.041,11571
4727,97,C,25,23,260.0,0.041,11571
4728,97,C,25,24,281.0,0.041,11571
4729,97,C,25,25,278.0,0.041,11571
4730,97,C,25,26,295.0,0.041,11571
4731,97,C,25,27,304.0,0.041,11571
4732,97,C,25,28,321.0,0.041,11571
4733,97,C,25,29,330.0,0.041,11571
4734,97,C,25,30,340.0,0.041,11571
4735,97,C,25,31,352.0,0.041,11571
4736,97,C,25,32,367.0,0.041,11571
4737,97,C,25,33,377.0,0.041,11571
4738,97,C,25,34,403.0,0.041,11571
4739,97,C,25,35,435.0,0.041,11571
4740,97,C,25,36,432.0,0.041,11571
4741,97,C,25,37,442.0,0.041,11571
4742,97,C,25,38,480.0,0.041,11571
4744,97,C,25,40,524.0,0.041,11571
4745,97,C,25,41,515.0,0.041,11571
4746,97,C,25,42,555.0,0.041,11571
4747,97,C,25,43,567.0,0.041,11571
4748,97,C,25,44,601.0,0.041,11571
4749,97,C,25,45,601.0,0.041,11571
4750,97,C,25,46,627.0,0.041,11571
4751,97,C,25,47,685.0,0.041,11571
4752,97,C,25,48,719.0,0.041,11571
4753,98,C,25,0,104.0,0.041,11571
4754,98,C,25,1,108.0,0.041,11571
4755,98,C,25,2,113.0,0.041,11571
4756,98,C,25,3,121.0,0.041,11571
4757,98,C,25,4,115.0,0.041,11571
4758,98,C,25,5,128.0,0.041,11571
4759,98,C,25,6,133.0,0.041,11571
4760,98,C,25,7,137.0,0.041,11571
4761,98,C,25,8,137.0,0.041,11571
4762,98,C,25,9,147.0,0.041,11571
4763,98,C,25,10,156.0,0.041,11571
4764,98,C,25,11,154.0,0.041,11571
4765,98,C,25,12,173.0,0.041,11571
4766,98,C,25,13,170.0,0.041,11571
4768,98,C,25,15,199.0,0.041,11571
4769,98,C,25,16,201.0,0.041,11571
4770,98,C,25,17,193.0,0.041,11571
4771,98,C,25,18,217.0,0.041,11571
4772,98,C,25,19,226.0,0.041,11571
4773,98,C,25,20,237.0,0.041,11571
4774,98,C,25,21,254.0,0.041,11571
4775,98,C,25,22,260.0,0.041,11571
4776,98,C,25,23,253.0,0.041,11571
4777,98,C,25,24,269.0,0.041,11571
4778,98,C,25,25,274.0,0.041,11571
4779,98,C,25,26,293.0,0.041,11571
4780,98,C,25,27,312.0,0.041,11571
4781,98,C,25,28,315.0,0.041,11571
4782,98,C,25,29,335.0,0.041,11571
4783,98,C,25,30,353.0,0.041,11571
4784,98,C,25,31,359.0,0.041,11571
4785,98,C,25,32,369.0,0.041,11571
4786,98,C,25,33,383.0,0.041,11571
4787,98,C,25,34,394.0,0.041,11571
4788,98,C,25,35,407.0,0.041,11571
4789,98,C,25,36,429.0,0.041,11571
4790,98,C,25,37,460.0,0.041,11571
4791,98,C,25,38,475.0,0.041,11571
4792,98,C,25,39,467.0,0.041,11571
4794,98,C,25,41,526.0,0.041,11571
4795,98,C,25,42,546.0,0.041,11571
4796,98,C,25,43,590.0,0.041,11571
4797,98,C,25,44,594.0,0.041,11571
4798,98,C,25,45,613.0,0.041,11571
4799,98,C,25,46,674.0,0.041,11571
4800,98,C,25,47,645.0,0.041,11571
4801,98,C,25,48,709.0,0.041,11571
4802,99,C,25,0,99.0,0.041,11571
4803,99,C,25,1,109.0,0.041,11571
4804,99,C,25,2,109.0,0.041,11571
4805,99,C,25,3,121.0,0.041,11571
4806,99,C,25,4,120.0,0.041,11571
4807,99,C,25,5,134.0,0.041,11571
4808,99,C,25,6,134.0,0.041,11571
4809,99,C,25,7,138.0,0.041,11571
4810,99,C,25,8,147.0,0.041,11571
4811,99,C,25,9,149.0,0.041,11571
4812,99,C,25,10,150.0,0.041,11571
4813,99,C,25,11,163.0,0.041,11571
4814,99,C,25,12,175.0,0.041,11571
4815,99,C,25,13,173.0,0.041,11571
4816,99,C,25,14,181.0,0.041,11571
4817,99,C,25,15,191.0,0.041,11571
4818,99,C,25,16,191.0,0.041,11571
4819,99,C,25,17,198.0,0.041,11571
4820,99,C,25,18,210.0,0.041,11571
4821,99,C,25,19,227.0,0.041,11571
4822,99,C,25,20,233.0,0.041,11571
4823,99,C,25,21,247.0,0.041,11571
4824,99,C,25,22,242.0,0.041,11571
4825,99,C,25,23,257.0,0.041,11571
4826,99,C,25,24,275.0,0.041,11571
4827,99,C,25,25,286.0,0.041,11571
4828,99,C,25,26,288.0,0.041,11571
4830,99,C,25,28,303.0,0.041,11571
4831,99,C,25,29,323.0,0.041,11571
4832,99,C,25,30,326.0,0.041,11571
4833,99,C,25,31,350.0,0.041,11571
4834,99,C,25,32,357.0,0.041,11571
4835,99,C,25,33,405.0,0.041,11571
4836,99,C,25,34,384.0,0.041,11571
4837,99,C,25,35,407.0,0.041,11571
4838,99,C,25,36,424.0,0.041,11571
4839,99,C,25,37,441.0,0.041,11571
4840,99,C,25,38,474.0,0.041,11571
4841,99,C,25,39,488.0,0.041,11571
4842,99,C,25,40,492.0,0.041,11571
4843,99,C,25,41,527.0,0.041,11571
4844,99,C,25,42,549.0,0.041,11571
4845,99,C,25,43,597.0,0.041,11571
4846,99,C,25,44,608.0,0.041,11571
4847,99,C,25,45,608.0,0.041,11571
4848,99,C,25,46,661.0,0.041,11571
4849,99,C,25,47,684.0,0.041,11571
4850,99,C,25,48,696.0,0.041,11571
4851,100,C,25,0,107.0,0.041,11571
4852,100,C,25,1,111.0,0.041,11571
4853,100,C,25,2,105.0,0.041,11571
4854,100,C,25,3,121.0,0.041,11571
4856,100,C,25,5,123.0,0.041,11571
4858,100,C,25,7,134.0,0.041,11571
4859,100,C,25,8,142.0,0.041,11571
4860,100,C,25,9,164.0,0.041,11571
4861,100,C,25,10,156.0,0.041,11571
4862,100,C,25,11,161.0,0.041,11571
4863,100,C,25,12,168.0,0.041,11571
4864,100,C,25,13,185.0,0.041,11571
4865,100,C,25,14,181.0,0.041,11571
4866,100,C,25,15,188.0,0.041,11571
4867,100,C,25,16,209.0,0.041,11571
4868,100,C,25,17,210.0,0.041,11571
4869,100,C,25,18,206.0,0.041,11571
4870,100,C,25,19,218.0,0.041,11571
4871,100,C,25,20,240.0,0.041,11571
4873,100,C,25,22,250.0,0.041,11571
4874,100,C,25,23,255.0,0.041,11571
4875,100,C,25,24,274.0,0.041,11571
4876,100,C,25,25,297.0,0.041,11571
4877,100,C,25,26,295.0,0.041,11571
4878,100,C,25,27,314.0,0.041,11571
4879,100,C,25,28,324.0,0.041,11571
4880,100,C,25,29,320.0,0.041,11571
4881,100,C,25,30,334.0,0.041,11571
4882,100,C,25,31,370.0,0.041,11571
4883,100,C,25,32,373.0,0.041,11571
4884,100,C,25,33,382.0,0.041,11571
4885,100,C,25,34,379.0,0.041,11571
4886,100,C,25,35,401.0,0.041,11571
4887,100,C,25,36,453.0,0.041,11571
4888,100,C,25,37,446.0,0.041,11571
4889,100,C,25,38,452.0,0.041,11571
4890,100,C,25,39,489.0,0.041,11571
4891,100,C,25,40,513.0,0.041,11571
4892,100,C,25,41,529.0,0.041,11571
4893,100,C,25,42,559.0,0.041,11571
4894,100,C,25,43,572.0,0.041,11571
4895,100,C,25,44,580.0,0.041,11571
4896,100,C,25,45,615.0,0.041,11571
4897,100,C,25,46,626.0,0.041,11571
4898,100,C,25,47,649.0,0.041,11571
4899,100,C,25,48,687.0,0.041,11571
4900,101,C,30,0,118.0,0.135,37940
4901,101,C,30,1,660.0,0.135,37940
4902,101,C,30,2,144.0,0.135,37940
4903,101,C,30,3,167.0,0.135,37940
4904,101,C,30,4,190.0,0.135,37940
4905,101,C,30,5,220.0,0.135,37940
4906,101,C,30,6,244.0,0.135,37940
4907,101,C,30,7,272.0,0.135,37940
4908,101,C,30,8,309.0,0.135,37940
4909,101,C,30,9,343.0,0.135,37940
4910,101,C,30,10,401.0,0.135,37940
4911,101,C,30,11,449.0,0.135,37940
4912,101,C,30,12,528.0,0.135,37940
4913,101,C,30,13,568.0,0.135,37940
4914,101,C,30,14,624.0,0.135,37940
4915,101,C,30,15,760.0,0.135,37940
4916,101,C,30,16,846.0,0.135,37940
4917,101,C,30,17,973.0,0.135,37940
4918,101,C,30,18,1126.0,0.135,37940
4919,101,C,30,19,1295.0,0.135,37940
4921,101,C,30,21,1640.0,0.135,37940
4922,101,C,30,22,1828.0,0.135,37940
4923,101,C,30,23,2078.0,0.135,37940
4924,101,C,30,24,2326.0,0.135,37940
4925,101,C,30,25,2658.0,0.135,37940
4926,101,C,30,26,2851.0,0.135,37940
4927,101,C,30,27,3267.0,0.135,37940
4928,101,C,30,28,3632.0,0.135,37940
4929,101,C,30,29,4100.0,0.135,37940
4930,101,C,30,30,4534.0,0.135,37940
4931,101,C,30,31,5276.0,0.135,37940
4932,101,C,30,32,5989.0,0.135,37940
4933,101,C,30,33,5933.0,0.135,37940
4934,101,C,30,34,7539.0,0.135,37940
4935,101,C,30,35,7908.0,0.135,37940
4936,101,C,30,36,8671.0,0.135,37940
4937,101,C,30,37,9757.0,0.135,37940
4938,101,C,30,38,10733.0,0.135,37940
4939,101,C,30,39,11067.0,0.135,37940
4940,101,C,30,40,12700.0,0.135,37940
4941,101,C,30,41,13912.0,0.135,37940
4942,101,C,30,42,15165.0,0.135,37940
4943,101,C,30,43,16451.0,0.135,37940
4944,101,C,30,44,18202.0,0.135,37940
4945,101,C,30,45,18312.0,0.135,37940
4946,101,C,30,46,19555.0,0.135,37940
4947,101,C,30,47,22057.0,0.135,37940
4948,101,C,30,48,22704.0,0.135,37940
4949,102,C,30,0,116.0,0.135,37940
4950,102,C,30,1,124.0,0.135,37940
4951,102,C,30,2,146.0,0.135,37940
4952,102,C,30,3,170.0,0.135,37940
4953,102,C,30,4,184.0,0.135,37940
4954,102,C,30,5,208.0,0.135,37940
4955,102,C,30,6,248.0,0.135,37940
4956,102,C,30,7,265.0,0.135,37940
4957,102,C,30,8,311.0,0.135,37940
4958,102,C,30,9,362.0,0.135,37940
4959,102,C,30,10,409.0,0.135,37940
4960,102,C,30,11,470.0,0.135,37940
4961,102,C,30,12,514.0,0.135,37940
4962,102,C,30,13,600.0,0.135,37940
4963,102,C,30,14,674.0,0.135,37940
4964,102,C,30,15,779.0,0.135,37940
4965,102,C,30,16,885.0,0.135,37940
4966,102,C,30,17,961.0,0.135,37940
4967,102,C,30,18,1157.0,0.135,37940
4968,102,C,30,19,1256.0,0.135,37940
4969,102,C,30,20,1383.0,0.135,37940
4970,102,C,30,21,1593.0,0.135,37940
4971,102,C,30,22,1722.0,0.135,37940
4972,102,C,30,23,2033.0,0.135,37940
4973,102,C,30,24,2426.0,0.135,37940
4974,102,C,30,25,2477.0,0.135,37940
4975,102,C,30,26,3112.0,0.135,37940
4976,102,C,30,27,3253.0,0.135,37940
4977,102,C,30,28,3660.0,0.135,37940
4978,102,C,30,29,4031.0,0.135,37940
4979,102,C,30,30,4582.0,0.135,37940
4980,102,C,30,31,5185.0,0.135,37940
4981,102,C,30,32,5746.0,0.135,37940
4982,102,C,30,33,6253.0,0.135,37940
4983,102,C,30,34,7245.0,0.135,37940
4984,102,C,30,35,7992.0,0.135,37940
4985,102,C,30,36,8580.0,0.135,37940
4986,102,C,30,37,9800.0,0.135,37940
4987,102,C,30,38,10325.0,0.135,37940
4988,102,C,30,39,11707.0,0.135,37940
4989,102,C,30,40,12541.0,0.135,37940
4990,102,C,30,41,13953.0,0.135,37940
4991,102,C,30,42,15736.0,0.135,37940
4992,102,C,30,43,15937.0,0.135,37940
4993,102,C,30,44,16704.0,0.135,37940
4994,102,C,30,45,17693.0,0.135,37940
4995,102,C,30,46,20712.0,0.135,37940
4996,102,C,30,47,21894.0,0.135,37940
4997,102,C,30,48,22873.0,0.135,37940
4998,103,C,30,0,115.0,0.135,37940
4999,103,C,30,1,132.0,0.135,37940
5000,103,C,30,2,146.0,0.135,37940
5001,103,C,30,3,167.0,0.135,37940
5002,103,C,30,4,184.0,0.135,37940
5003,103,C,30,5,220.0,0.135,37940
5004,103,C,30,6,230.0,0.135,37940
5005,103,C,30,7,277.0,0.135,37940
5006,103,C,30,8,311.0,0.135,37940
5007,103,C,30,9,364.0,0.135,37940
5009,103,C,30,11,466.0,0.135,37940
5010,103,C,30,12,563.0,0.135,37940
5011,103,C,30,13,609.0,0.135,37940
5012,103,C,30,14,696.0,0.135,37940
5014,103,C,30,16,836.0,0.135,37940
5015,103,C,30,17,1035.0,0.135,37940
5016,103,C,30,18,1083.0,0.135,37940
5017,103,C,30,19,1278.0,0.135,37940
5019,103,C,30,21,1605.0,0.135,37940
5020,103,C,30,22,1748.0,0.135,37940
5021,103,C,30,23,2086.0,0.135,37940
5022,103,C,30,24,2406.0,0.135,37940
5023,103,C,30,25,2423.0,0.135,37940
5024,103,C,30,26,3021.0,0.135,37940
5025,103,C,30,27,3207.0,0.135,37940
5026,103,C,30,28,3668.0,0.135,37940
5027,103,C,30,29,3943.0,0.135,37940
5028,103,C,30,30,4690.0,0.135,37940
5029,103,C,30,31,4897.0,0.135,37940
5030,103,C,30,32,5576.0,0.135,37940
5031,103,C,30,33,6413.0,0.135,37940
5033,103,C,30,35,7820.0,0.135,37940
5034,103,C,30,36,8784.0,0.135,37940
5035,103,C,30,37,8846.0,0.135,37940
5036,103,C,30,38,10831.0,0.135,37940
5037,103,C,30,39,12371.0,0.135,37940
5038,103,C,30,40,12067.0,0.135,37940
5039,103,C,30,41,14277.0,0.135,37940
5040,103,C,30,42,15037.0,0.135,37940
5041,103,C,30,43,16551.0,0.135,37940
5042,103,C,30,44,17012.0,0.135,37940
5043,103,C,30,45,18273.0,0.135,37940
5044,103,C,30,46,21179.0,0.135,37940
5045,103,C,30,47,21769.0,0.135,37940
5046,103,C,30,48,22315.0,0.135,37940
5047,104,C,30,0,112.0,0.135,37940
5048,104,C,30,1,128.0,0.135,37940
5049,104,C,30,2,144.0,0.135,37940
5050,104,C,30,3,164.0,0.135,37940
5051,104,C,30,4,176.0,0.135,37940
5052,104,C,30,5,224.0,0.135,37940
5053,104,C,30,6,255.0,0.135,37940
5054,104,C,30,7,278.0,0.135,37940
5055,104,C,30,8,318.0,0.135,37940
5056,104,C,30,9,337.0,0.135,37940
5057,104,C,30,10,412.0,0.135,37940
5058,104,C,30,11,442.0,0.135,37940
5059,104,C,30,12,559.0,0.135,37940
5060,104,C,30,13,596.0,0.135,37940
5061,104,C,30,14,628.0,0.135,37940
5062,104,C,30,15,755.0,0.135,37940
5063,104,C,30,16,841.0,0.135,37940
5064,104,C,30,17,952.0,0.135,37940
5065,104,C,30,18,1097.0,0.135,37940
5066,104,C,30,19,1158.0,0.135,37940
5067,104,C,30,20,1377.0,0.135,37940
5068,104,C,30,21,1614.0,0.135,37940
5069,104,C,30,22,1875.0,0.135,37940
5070,104,C,30,23,1868.0,0.135,37940
5071,104,C,30,24,2160.0,0.135,37940
5072,104,C,30,25,2582.0,0.135,37940
5073,104,C,30,26,2832.0,0.135,37940
5074,104,C,30,27,3550.0,0.135,37940
5075,104,C,30,28,3716.0,0.135,37940
5076,104,C,30,29,4042.0,0.135,37940
5077,104,C,30,30,4409.0,0.135,37940
5078,104,C,30,31,5162.0,0.135,37940
5079,104,C,30,32,5690.0,0.135,37940
5080,104,C,30,33,6482.0,0.135,37940
5081,104,C,30,34,6869.0,0.135,37940
5082,104,C,30,35,7579.0,0.135,37940
5083,104,C,30,36,8671.0,0.135,37940
5084,104,C,30,37,9196.0,0.135,37940
5085,104,C,30,38,10616.0,0.135,37940
5086,104,C,30,39,12044.0,0.135,37940
5087,104,C,30,40,12165.0,0.135,37940
5089,104,C,30,42,14516.0,0.135,37940
5090,104,C,30,43,16963.0,0.135,37940
5091,104,C,30,44,18562.0,0.135,37940
5092,104,C,30,45,18908.0,0.135,37940
5094,104,C,30,47,22264.0,0.135,37940
5096,105,C,30,0,118.0,0.135,37940
5097,105,C,30,1,125.0,0.135,37940
5098,105,C,30,2,151.0,0.135,37940
5099,105,C,30,3,166.0,0.135,37940
5100,105,C,30,4,188.0,0.135,37940
5101,105,C,30,5,216.0,0.135,37940
5102,105,C,30,6,253.0,0.135,37940
5103,105,C,30,7,272.0,0.135,37940
5104,105,C,30,8,323.0,0.135,37940
5105,105,C,30,9,358.0,0.135,37940
5107,105,C,30,11,467.0,0.135,37940
5108,105,C,30,12,531.0,0.135,37940
5109,105,C,30,13,590.0,0.135,37940
5110,105,C,30,14,708.0,0.135,37940
5111,105,C,30,15,753.0,0.135,37940
5112,105,C,30,16,854.0,0.135,37940
5113,105,C,30,17,953.0,0.135,37940
5114,105,C,30,18,1164.0,0.135,37940
5115,105,C,30,19,1253.0,0.135,37940
5116,105,C,30,20,1441.0,0.135,37940
5118,105,C,30,22,1813.0,0.135,37940
5119,105,C,30,23,2058.0,0.135,37940
5120,105,C,30,24,2292.0,0.135,37940
5122,105,C,30,26,2813.0,0.135,37940
5123,105,C,30,27,3195.0,0.135,37940
5124,105,C,30,28,3778.0,0.135,37940
5125,105,C,30,29,4158.0,0.135,37940
5126,105,C,30,30,4526.0,0.135,37940
5127,105,C,30,31,5118.0,0.135,37940
5128,105,C,30,32,5488.0,0.135,37940
5129,105,C,30,33,6522.0,0.135,37940
5130,105,C,30,34,7134.0,0.135,37940
5131,105,C,30,35,7456.0,0.135,37940
5132,105,C,30,36,8907.0,0.135,37940
5133,105,C,30,37,9739.0,0.135,37940
5134,105,C,30,38,10836.0,0.135,37940
5135,105,C,30,39,56250.0,0.135,37940
5136,105,C,30,40,12986.0,0.135,37940
5137,105,C,30,41,13963.0,0.135,37940
5138,105,C,30,42,15322.0,0.135,37940
5139,105,C,30,43,16322.0,0.135,37940
5140,105,C,30,44,17878.0,0.135,37940
5141,105,C,30,45,18814.0,0.135,37940
5142,105,C,30,46,20505.0,0.135,37940
5143,105,C,30,47,21734.0,0.135,37940
5144,105,C,30,48,22085.0,0.135,37940
5145,106,C,30,0,115.0,0.135,37940
5146,106,C,30,1,134.0,0.135,37940
5147,106,C,30,2,156.0,0.135,37940
5148,106,C,30,3,159.0,0.135,37940
5149,106,C,30,4,191.0,0.135,37940
5150,106,C,30,5,222.0,0.135,37940
5151,106,C,30,6,242.0,0.135,37940
5152,106,C,30,7,274.0,0.135,37940
5153,106,C,30,8,295.0,0.135,37940
5154,106,C,30,9,346.0,0.135,37940
5155,106,C,30,10,394.0,0.135,37940
5156,106,C,30,11,455.0,0.135,37940
5157,106,C,30,12,522.0,0.135,37940
5158,106,C,30,13,607.0,0.135,37940
5160,106,C,30,15,727.0,0.135,37940
5161,106,C,30,16,851.0,0.135,37940
5162,106,C,30,17,966.0,0.135,37940
5163,106,C,30,18,1113.0,0.135,37940
5164,106,C,30,19,1240.0,0.135,37940
5165,106,C,30,20,1427.0,0.135,37940
5166,106,C,30,21,1551.0,0.135,37940
5167,106,C,30,22,1855.0,0.135,37940
5168,106,C,30,23,1998.0,0.135,37940
5169,106,C,30,24,2280.0,0.135,37940
5170,106,C,30,25,2490.0,0.135,37940
5171,106,C,30,26,2932.0,0.135,37940
5172,106,C,30,27,3145.0,0.135,37940
5173,106,C,30,28,3771.0,0.135,37940
5174,106,C,30,29,4108.0,0.135,37940
5175,106,C,30,30,4614.0,0.135,37940
5176,106,C,30,31,4962.0,0.135,37940
5177,106,C,30,32,6163.0,0.135,37940
5178,106,C,30,33,6355.0,0.135,37940
5179,106,C,30,34,7105.0,0.135,37940
5180,106,C,30,35,8059.0,0.135,37940
5181,106,C,30,36,8925.0,0.135,37940
5182,106,C,30,37,9510.0,0.135,37940
5183,106,C,30,38,10763.0,0.135,37940
5184,106,C,30,39,11630.0,0.135,37940
5185,106,C,30,40,12993.0,0.135,37940
5186,106,C,30,41,14450.0,0.135,37940
5187,106,C,30,42,15064.0,0.135,37940
5188,106,C,30,43,15957.0,0.135,37940
5189,106,C,30,44,17740.0,0.135,37940
5190,106,C,30,45,18706.0,0.135,37940
5191,106,C,30,46,19915.0,0.135,37940
5192,106,C,30,47,22324.0,0.135,37940
5193,106,C,30,48,23538.0,0.135,37940
5194,107,C,30,0,119.0,0.135,37940
5195,107,C,30,1,131.0,0.135,37940
5196,107,C,30,2,143.0,0.135,37940
5197,107,C,30,3,163.0,0.135,37940
5198,107,C,30,4,203.0,0.135,37940
5199,107,C,30,5,222.0,0.135,37940
5200,107,C,30,6,239.0,0.135,37940
5201,107,C,30,7,266.0,0.135,37940
5202,107,C,30,8,305.0,0.135,37940
5203,107,C,30,9,358.0,0.135,37940
5204,107,C,30,10,423.0,0.135,37940
5205,107,C,30,11,493.0,0.135,37940
5206,107,C,30,12,518.0,0.135,37940
5207,107,C,30,13,563.0,0.135,37940
5208,107,C,30,14,661.0,0.135,37940
5209,107,C,30,15,723.0,0.135,37940
5210,107,C,30,16,872.0,0.135,37940
5211,107,C,30,17,1001.0,0.135,37940
5212,107,C,30,18,1123.0,0.135,37940
5213,107,C,30,19,1238.0,0.135,37940
5214,107,C,30,20,1384.0,0.135,37940
5215,107,C,30,21,1566.0,0.135,37940
5216,107,C,30,22,1808.0,0.135,37940
5217,107,C,30,23,1990.0,0.135,37940
5218,107,C,30,24,2224.0,0.135,37940
5219,107,C,30,25,2606.0,0.135,37940
5221,107,C,30,27,3237.0,0.135,37940
5222,107,C,30,28,3533.0,0.135,37940
5223,107,C,30,29,4402.0,0.135,37940
5224,107,C,30,30,4661.0,0.135,37940
5225,107,C,30,31,5093.0,0.135,37940
5226,107,C,30,32,5709.0,0.135,37940
5227,107,C,30,33,6430.0,0.135,37940
5228,107,C,30,34,7051.0,0.135,37940
5229,107,C,30,35,7821.0,0.135,37940
5230,107,C,30,36,8782.0,0.135,37940
5231,107,C,30,37,9333.0,0.135,37940
5232,107,C,30,38,10623.0,0.135,37940
5233,107,C,30,39,11864.0,0.135,37940
5234,107,C,30,40,12615.0,0.135,37940
5235,107,C,30,41,13900.0,0.135,37940
5236,107,C,30,42,15684.0,0.135,37940
5237,107,C,30,43,17178.0,0.135,37940
5238,107,C,30,44,16500.0,0.135,37940
5239,107,C,30,45,19473.0,0.135,37940
5240,107,C,30,46,19694.0,0.135,37940
5241,107,C,30,47,21228.0,0.135,37940
5242,107,C,30,48,21719.0,0.135,37940
5243,108,C,30,0,108.0,0.135,37940
5244,108,C,30,1,131.0,0.135,37940
5245,108,C,30,2,142.0,0.135,37940
5246,108,C,30,3,168.0,0.135,37940
5247,108,C,30,4,185.0,0.135,37940
5248,108,C,30,5,208.0,0.135,37940
5249,108,C,30,6,250.0,0.135,37940
5250,108,C,30,7,278.0,0.135,37940
5251,108,C,30,8,316.0,0.135,37940
5252,108,C,30,9,360.0,0.135,37940
5253,108,C,30,10,408.0,0.135,37940
5254,108,C,30,11,447.0,0.135,37940
5255,108,C,30,12,496.0,0.135,37940
5256,108,C,30,13,590.0,0.135,37940
5257,108,C,30,14,651.0,0.135,37940
5258,108,C,30,15,727.0,0.135,37940
5259,108,C,30,16,880.0,0.135,37940
5260,108,C,30,17,996.0,0.135,37940
5261,108,C,30,18,1082.0,0.135,37940
5262,108,C,30,19,1239.0,0.135,37940
5263,108,C,30,20,1398.0,0.135,37940
5264,108,C,30,21,1552.0,0.135,37940
5265,108,C,30,22,1746.0,0.135,37940
5266,108,C,30,23,2241.0,0.135,37940
5267,108,C,30,24,2259.0,0.135,37940
5268,108,C,30,25,2636.0,0.135,37940
5269,108,C,30,26,2899.0,0.135,37940
5270,108,C,30,27,3282.0,0.135,37940
5271,108,C,30,28,3700.0,0.135,37940
5272,108,C,30,29,4159.0,0.135,37940
5273,108,C,30,30,4660.0,0.135,37940
5274,108,C,30,31,5336.0,0.135,37940
5275,108,C,30,32,5699.0,0.135,37940
5277,108,C,30,34,7004.0,0.135,37940
5278,108,C,30,35,7760.0,0.135,37940
5279,108,C,30,36,8846.0,0.135,37940
5280,108,C,30,37,9844.0,0.135,37940
5281,108,C,30,38,10240.0,0.135,37940
5282,108,C,30,39,11550.0,0.135,37940
5283,108,C,30,40,12645.0,0.135,37940
5284,108,C,30,41,14010.0,0.135,37940
5285,108,C,30,42,16411.0,0.135,37940
5286,108,C,30,43,15524.0,0.135,37940
5287,108,C,30,44,16842.0,0.135,37940
5288,108,C,30,45,18096.0,0.135,37940
5289,108,C,30,46,21204.0,0.135,37940
5290,108,C,30,47,21238.0,0.135,37940
5291,108,C,30,48,22490.0,0.135,37940
5292,109,C,30,0,116.0,0.135,37940
5293,109,C,30,1,133.0,0.135,37940
5294,109,C,30,2,142.0,0.135,37940
5295,109,C,30,3,169.0,0.135,37940
5296,109,C,30,4,193.0,0.135,37940
5297,109,C,30,5,208.0,0.135,37940
5298,109,C,30,6,252.0,0.135,37940
5299,109,C,30,7,265.0,0.135,37940
5300,109,C,30,8,311.0,0.135,37940
5301,109,C,30,9,357.0,0.135,37940
5302,109,C,30,10,399.0,0.135,37940
5303,109,C,30,11,440.0,0.135,37940
5304,109,C,30,12,532.0,0.135,37940
5305,109,C,30,13,578.0,0.135,37940
5306,109,C,30,14,653.0,0.135,37940
5308,109,C,30,16,842.0,0.135,37940
5310,109,C,30,18,1093.0,0.135,37940
5311,109,C,30,19,1231.0,0.135,37940
5312,109,C,30,20,1399.0,0.135,37940
5313,109,C,30,21,1581.0,0.135,37940
5314,109,C,30,22,1729.0,0.135,37940
5315,109,C,30,23,1991.0,0.135,37940
5316,109,C,30,24,2295.0,0.135,37940
5317,109,C,30,25,2632.0,0.135,37940
5318,109,C,30,26,3007.0,0.135,37940
5319,109,C,30,27,3345.0,0.135,37940
5320,109,C,30,28,3605.0,0.135,37940
5321,109,C,30,29,3881.0,0.135,37940
5322,109,C,30,30,4630.0,0.135,37940
5323,109,C,30,31,5240.0,0.135,37940
5324,109,C,30,32,5799.0,0.135,37940
5325,109,C,30,33,6027.0,0.135,37940
5326,109,C,30,34,7102.0,0.135,37940
5327,109,C,30,35,7429.0,0.135,37940
5328,109,C,30,36,8784.0,0.135,37940
5329,109,C,30,37,9570.0,0.135,37940
5330,109,C,30,38,10201.0,0.135,37940
5331,109,C,30,39,11899.0,0.135,37940
5332,109,C,30,40,13208.0,0.135,37940
5333,109,C,30,41,14132.0,0.135,37940
5334,109,C,30,42,15996.0,0.135,37940
5335,109,C,30,43,15818.0,0.135,37940
5336,109,C,30,44,18132.0,0.135,37940
5337,109,C,30,45,19377.0,0.135,37940
5338,109,C,30,46,20163.0,0.135,37940
5339,109,C,30,47,20293.0,0.135,37940
5340,109,C,30,48,22624.0,0.135,37940
5341,110,C,30,0,112.0,0.135,37940
5342,110,C,30,1,124.0,0.135,37940
5343,110,C,30,2,144.0,0.135,37940
5344,110,C,30,3,170.0,0.135,37940
5345,110,C,30,4,192.0,0.135,37940
5346,110,C,30,5,202.0,0.135,37940
5347,110,C,30,6,245.0,0.135,37940
5348,110,C,30,7,270.0,0.135,37940
5349,110,C,30,8,299.0,0.135,37940
5350,110,C,30,9,368.0,0.135,37940
5351,110,C,30,10,409.0,0.135,37940
5352,110,C,30,11,437.0,0.135,37940
5353,110,C,30,12,525.0,0.135,37940
5354,110,C,30,13,591.0,0.135,37940
5355,110,C,30,14,673.0,0.135,37940
5356,110,C,30,15,761.0,0.135,37940
5357,110,C,30,16,823.0,0.135,37940
5358,110,C,30,17,930.0,0.135,37940
5359,110,C,30,18,1076.0,0.135,37940
5360,110,C,30,19,1159.0,0.135,37940
5361,110,C,30,20,1370.0,0.135,37940
5362,110,C,30,21,1583.0,0.135,37940
5363,110,C,30,22,1764.0,0.135,37940
5364,110,C,30,23,2097.0,0.135,37940
5365,110,C,30,24,2196.0,0.135,37940
5366,110,C,30,25,2654.0,0.135,37940
5367,110,C,30,26,2943.0,0.135,37940
5368,110,C,30,27,3297.0,0.135,37940
5369,110,C,30,28,3907.0,0.135,37940
5370,110,C,30,29,4272.0,0.135,37940
5371,110,C,30,30,4952.0,0.135,37940
5372,110,C,30,31,5161.0,0.135,37940
5373,110,C,30,32,5623.0,0.135,37940
5374,110,C,30,33,6182.0,0.135,37940
5375,110,C,30,34,7247.0,0.135,37940
5376,110,C,30,35,7934.0,0.135,37940
5377,110,C,30,36,8874.0,0.135,37940
5378,110,C,30,37,9224.0,0.135,37940
5379,110,C,30,38,10333.0,0.135,37940
5380,110,C,30,39,10840.0,0.135,37940
5381,110,C,30,40,13348.0,0.135,37940
5382,110,C,30,41,14419.0,0.135,37940
5383,110,C,30,42,14775.0,0.135,37940
5384,110,C,30,43,15852.0,0.135,37940
5385,110,C,30,44,17487.0,0.135,37940
5386,110,C,30,45,18410.0,0.135,37940
5387,110,C,30,46,20000.0,0.135,37940
5388,110,C,30,47,21906.0,0.135,37940
5389,110,C,30,48,23251.0,0.135,37940
5390,111,C,37,0,131.0,0.25,70000
5391,111,C,37,1,147.0,0.25,70000
5392,111,C,37,2,195.0,0.25,70000
5393,111,C,37,3,239.0,0.25,70000
5394,111,C,37,4,289.0,0.25,70000
5395,111,C,37,5,360.0,0.25,70000
5396,111,C,37,6,510.0,0.25,70000
5397,111,C,37,7,574.0,0.25,70000
5398,111,C,37,8,735.0,0.25,70000
5399,111,C,37,9,931.0,0.25,70000
5400,111,C,37,10,1177.0,0.25,70000
5401,111,C,37,11,1431.0,0.25,70000
5402,111,C,37,12,1914.0,0.25,70000
5403,111,C,37,13,2152.0,0.25,70000
5404,111,C,37,14,2656.0,0.25,70000
5406,111,C,37,16,4042.0,0.25,70000
5407,111,C,37,17,5161.0,0.25,70000
5408,111,C,37,18,6473.0,0.25,70000
5409,111,C,37,19,7710.0,0.25,70000
5410,111,C,37,20,9573.0,0.25,70000
5411,111,C,37,21,12125.0,0.25,70000
5412,111,C,37,22,14766.0,0.25,70000
5413,111,C,37,23,17403.0,0.25,70000
5414,111,C,37,24,20261.0,0.25,70000
5415,111,C,37,25,23133.0,0.25,70000
5416,111,C,37,26,27125.0,0.25,70000
5417,111,C,37,27,31126.0,0.25,70000
5418,111,C,37,28,35110.0,0.25,70000
5419,111,C,37,29,39897.0,0.25,70000
5420,111,C,37,30,45368.0,0.25,70000
5421,111,C,37,31,47814.0,0.25,70000
5422,111,C,37,32,51709.0,0.25,70000
5423,111,C,37,33,58666.0,0.25,70000
5424,111,C,37,34,59202.0,0.25,70000
5425,111,C,37,35,63255.0,0.25,70000
5426,111,C,37,36,62925.0,0.25,70000
5427,111,C,37,37,62530.0,0.25,70000
5428,111,C,37,38,65587.0,0.25,70000
5429,111,C,37,39,65393.0,0.25,70000
5430,111,C,37,40,67036.0,0.25,70000
5431,111,C,37,41,67044.0,0.25,70000
5432,111,C,37,42,67620.0,0.25,70000
5433,111,C,37,43,69126.0,0.25,70000
5434,111,C,37,44,67288.0,0.25,70000
5435,111,C,37,45,73188.0,0.25,70000
5436,111,C,37,46,69069.0,0.25,70000
5437,111,C,37,47,70450.0,0.25,70000
5438,111,C,37,48,70330.0,0.25,70000
5439,112,C,37,0,123.0,0.25,70000
5440,112,C,37,1,152.0,0.25,70000
5441,112,C,37,2,198.0,0.25,70000
5442,112,C,37,3,248.0,0.25,70000
5443,112,C,37,4,316.0,0.25,70000
5444,112,C,37,5,391.0,0.25,70000
5446,112,C,37,7,627.0,0.25,70000
5447,112,C,37,8,720.0,0.25,70000
5448,112,C,37,9,955.0,0.25,70000
5449,112,C,37,10,1177.0,0.25,70000
5450,112,C,37,11,1476.0,0.25,70000
5452,112,C,37,13,2136.0,0.25,70000
5453,112,C,37,14,2599.0,0.25,70000
5454,112,C,37,15,3239.0,0.25,70000
5455,112,C,37,16,4190.0,0.25,70000
5456,112,C,37,17,5403.0,0.25,70000
5457,112,C,37,18,6655.0,0.25,70000
5458,112,C,37,19,8290.0,0.25,70000
5459,112,C,37,20,9717.0,0.25,70000
5460,112,C,37,21,11882.0,0.25,70000
5461,112,C,37,22,13476.0,0.25,70000
5462,112,C,37,23,16765.0,0.25,70000
5463,112,C,37,24,20632.0,0.25,70000
5464,112,C,37,25,22865.0,0.25,70000
5465,112,C,37,26,28232.0,0.25,70000
5466,112,C,37,27,32552.0,0.25,70000
5467,112,C,37,28,36612.0,0.25,70000
5468,112,C,37,29,43381.0,0.25,70000
5469,112,C,37,30,43692.0,0.25,70000
5470,112,C,37,31,50460.0,0.25,70000
5471,112,C,37,32,53672.0,0.25,70000
5472,112,C,37,33,56864.0,0.25,70000
5473,112,C,37,34,61712.0,0.25,70000
5475,112,C,37,36,61907.0,0.25,70000
5476,112,C,37,37,63176.0,0.25,70000
5477,112,C,37,38,66726.0,0.25,70000
5478,112,C,37,39,66332.0,0.25,70000
5479,112,C,37,40,66715.0,0.25,70000
5480,112,C,37,41,65729.0,0.25,70000
5481,112,C,37,42,68642.0,0.25,70000
5482,112,C,37,43,71575.0,0.25,70000
5483,112,C,37,44,70302.0,0.25,70000
5484,112,C,37,45,65458.0,0.25,70000
5485,112,C,37,46,72764.0,0.25,70000
5486,112,C,37,47,71143.0,0.25,70000
5487,112,C,37,48,70081.0,0.25,70000
5488,113,C,37,0,126.0,0.25,70000
5489,113,C,37,1,153.0,0.25,70000
5490,113,C,37,2,197.0,0.25,70000
5491,113,C,37,3,248.0,0.25,70000
5492,113,C,37,4,316.0,0.25,70000
5493,113,C,37,5,379.0,0.25,70000
5494,113,C,37,6,465.0,0.25,70000
5495,113,C,37,7,605.0,0.25,70000
5496,113,C,37,8,741.0,0.25,70000
5497,113,C,37,9,938.0,0.25,70000
5498,113,C,37,10,1159.0,0.25,70000
5499,113,C,37,11,1447.0,0.25,70000
5500,113,C,37,12,1743.0,0.25,70000
5501,113,C,37,13,2328.0,0.25,70000
5502,113,C,37,14,2799.0,0.25,70000
5503,113,C,37,15,3240.0,0.25,70000
5504,113,C,37,16,22400.0,0.25,70000
5505,113,C,37,17,5222.0,0.25,70000
5506,113,C,37,18,6340.0,0.25,70000
5507,113,C,37,19,7643.0,0.25,70000
5508,113,C,37,20,9737.0,0.25,70000
5509,113,C,37,21,12072.0,0.25,70000
5510,113,C,37,22,14263.0,0.25,70000
5511,113,C,37,23,16782.0,0.25,70000
5512,113,C,37,24,20745.0,0.25,70000
5513,113,C,37,25,24043.0,0.25,70000
5514,113,C,37,26,28075.0,0.25,70000
5515,113,C,37,27,32323.0,0.25,70000
5516,113,C,37,28,37677.0,0.25,70000
5517,113,C,37,29,39947.0,0.25,70000
5518,113,C,37,30,43314.0,0.25,70000
5519,113,C,37,31,47312.0,0.25,70000
5520,113,C,37,32,54575.0,0.25,70000
5521,113,C,37,33,53842.0,0.25,70000
5522,113,C,37,34,58109.0,0.25,70000
5523,113,C,37,35,63218.0,0.25,70000
5524,113,C,37,36,60282.0,0.25,70000
5525,113,C,37,37,61933.0,0.25,70000
5526,113,C,37,38,62814.0,0.25,70000
5527,113,C,37,39,66823.0,0.25,70000
5528,113,C,37,40,66418.0,0.25,70000
5529,113,C,37,41,68123.0,0.25,70000
5530,113,C,37,42,72045.0,0.25,70000
5531,113,C,37,43,69990.0,0.25,70000
5532,113,C,37,44,67834.0,0.25,70000
5533,113,C,37,45,69078.0,0.25,70000
5534,113,C,37,46,68826.0,0.25,70000
5535,113,C,37,47,67555.0,0.25,70000
5536,113,C,37,48,69591.0,0.25,70000
5538,114,C,37,1,155.0,0.25,70000
5539,114,C,37,2,196.0,0.25,70000
5541,114,C,37,4,304.0,0.25,70000
5542,114,C,37,5,389.0,0.25,70000
5543,114,C,37,6,457.0,0.25,70000
5544,114,C,37,7,589.0,0.25,70000
5545,114,C,37,8,733.0,0.25,70000
5546,114,C,37,9,911.0,0.25,70000
5547,114,C,37,10,1147.0,0.25,70000
5548,114,C,37,11,1406.0,0.25,70000
5549,114,C,37,12,1835.0,0.25,70000
5550,114,C,37,13,2297.0,0.25,70000
5551,114,C,37,14,2574.0,0.25,70000
5552,114,C,37,15,3486.0,0.25,70000
5553,114,C,37,16,4477.0,0.25,70000
5554,114,C,37,17,5142.0,0.25,70000
5555,114,C,37,18,6760.0,0.25,70000
5556,114,C,37,19,8104.0,0.25,70000
5557,114,C,37,20,9884.0,0.25,70000
5558,114,C,37,21,11336.0,0.25,70000
5559,114,C,37,22,14323.0,0.25,70000
5560,114,C,37,23,17847.0,0.25,70000
5561,114,C,37,24,20426.0,0.25,70000
5562,114,C,37,25,23178.0,0.25,70000
5563,114,C,37,26,26683.0,0.25,70000
5564,114,C,37,27,31486.0,0.25,70000
5565,114,C,37,28,36359.0,0.25,70000
5566,114,C,37,29,42643.0,0.25,70000
5567,114,C,37,30,43088.0,0.25,70000
5568,114,C,37,31,49869.0,0.25,70000
5569,114,C,37,32,49103.0,0.25,70000
5570,114,C,37,33,59646.0,0.25,70000
5571,114,C,37,34,58887.0,0.25,70000
5572,114,C,37,35,62735.0,0.25,70000
5573,114,C,37,36,66432.0,0.25,70000
5574,114,C,37,37,64764.0,0.25,70000
5575,114,C,37,38,62227.0,0.25,70000
5576,114,C,37,39,67276.0,0.25,70000
5577,114,C,37,40,67943.0,0.25,70000
5578,114,C,37,41,69666.0,0.25,70000
5579,114,C,37,42,69207.0,0.25,70000
5580,114,C,37,43,70170.0,0.25,70000
5581,114,C,37,44,66169.0,0.25,70000
5582,114,C,37,45,69557.0,0.25,70000
5583,114,C,37,46,69825.0,0.25,70000
5584,114,C,37,47,71167.0,0.25,70000
5585,114,C,37,48,67984.0,0.25,70000
5586,115,C,37,0,125.0,0.25,70000
5587,115,C,37,1,161.0,0.25,70000
5588,115,C,37,2,198.0,0.25,70000
5589,115,C,37,3,248.0,0.25,70000
5590,115,C,37,4,337.0,0.25,70000
5591,115,C,37,5,373.0,0.25,70000
5592,115,C,37,6,475.0,0.25,70000
5593,115,C,37,7,626.0,0.25,70000
5594,115,C,37,8,707.0,0.25,70000
5595,115,C,37,9,935.0,0.25,70000
5596,115,C,37,10,1143.0,0.25,70000
5597,115,C,37,11,1425.0,0.25,70000
5598,115,C,37,12,1821.0,0.25,70000
5600,115,C,37,14,2767.0,0.25,70000
5601,115,C,37,15,3370.0,0.25,70000
5602,115,C,37,16,4176.0,0.25,70000
5603,115,C,37,17,5079.0,0.25,70000
5604,115,C,37,18,6522.0,0.25,70000
5605,115,C,37,19,8139.0,0.25,70000
5606,115,C,37,20,8980.0,0.25,70000
5607,115,C,37,21,12462.0,0.25,70000
5608,115,C,37,22,13520.0,0.25,70000
5609,115,C,37,23,17520.0,0.25,70000
5610,115,C,37,24,20526.0,0.25,70000
5611,115,C,37,25,24662.0,0.25,70000
5612,115,C,37,26,27919.0,0.25,70000
5613,115,C,37,27,34151.0,0.25,70000
5614,115,C,37,28,36067.0,0.25,70000
5615,115,C,37,29,41082.0,0.25,70000
5616,115,C,37,30,43334.0,0.25,70000
5617,115,C,37,31,49018.0,0.25,70000
5618,115,C,37,32,51271.0,0.25,70000
5619,115,C,37,33,58203.0,0.25,70000
5620,115,C,37,34,55991.0,0.25,70000
5621,115,C,37,35,63110.0,0.25,70000
5622,115,C,37,36,61816.0,0.25,70000
5623,115,C,37,37,64814.0,0.25,70000
5624,115,C,37,38,67014.0,0.25,70000
5625,115,C,37,39,67384.0,0.25,70000
5626,115,C,37,40,67336.0,0.25,70000
5627,115,C,37,41,70080.0,0.25,70000
5628,115,C,37,42,66776.0,0.25,70000
5629,115,C,37,43,69681.0,0.25,70000
5630,115,C,37,44,68747.0,0.25,70000
5631,115,C,37,45,67531.0,0.25,70000
5632,115,C,37,46,68886.0,0.25,70000
5633,115,C,37,47,68034.0,0.25,70000
5634,115,C,37,48,69242.0,0.25,70000
5635,116,C,37,0,124.0,0.25,70000
5636,116,C,37,1,158.0,0.25,70000
5637,116,C,37,2,199.0,0.25,70000
5638,116,C,37,3,246.0,0.25,70000
5639,116,C,37,4,301.0,0.25,70000
5640,116,C,37,5,381.0,0.25,70000
5641,116,C,37,6,478.0,0.25,70000
5642,116,C,37,7,613.0,0.25,70000
5643,116,C,37,8,757.0,0.25,70000
5644,116,C,37,9,890.0,0.25,70000
5645,116,C,37,10,1188.0,0.25,70000
5646,116,C,37,11,1382.0,0.25,70000
5647,116,C,37,12,1793.0,0.25,70000
5648,116,C,37,13,2186.0,0.25,70000
5649,116,C,37,14,2739.0,0.25,70000
5650,116,C,37,15,3297.0,0.25,70000
5651,116,C,37,16,4130.0,0.25,70000
5652,116,C,37,17,5098.0,0.25,70000
5653,116,C,37,18,6691.0,0.25,70000
5654,116,C,37,19,7832.0,0.25,70000
5656,116,C,37,21,11239.0,0.25,70000
5657,116,C,37,22,13981.0,0.25,70000
5658,116,C,37,23,17251.0,0.25,70000
5659,116,C,37,24,20493.0,0.25,70000
5660,116,C,37,25,24030.0,0.25,70000
5661,116,C,37,26,28765.0,0.25,70000
5663,116,C,37,28,34727.0,0.25,70000
5664,116,C,37,29,39589.0,0.25,70000
5665,116,C,37,30,45617.0,0.25,70000
5666,116,C,37,31,49443.0,0.25,70000
5667,116,C,37,32,51126.0,0.25,70000
5668,116,C,37,33,56635.0,0.25,70000
5669,116,C,37,34,58100.0,0.25,70000
5670,116,C,37,35,63338.0,0.25,70000
5671,116,C,37,36,67237.0,0.25,70000
5672,116,C,37,37,65534.0,0.25,70000
5673,116,C,37,38,66922.0,0.25,70000
5674,116,C,37,39,68724.0,0.25,70000
5675,116,C,37,40,68460.0,0.25,70000
5676,116,C,37,41,66024.0,0.25,70000
5677,116,C,37,42,66076.0,0.25,70000
5678,116,C,37,43,66430.0,0.25,70000
5679,116,C,37,44,68426.0,0.25,70000
5680,116,C,37,45,69371.0,0.25,70000
5681,116,C,37,46,67140.0,0.25,70000
5682,116,C,37,47,71199.0,0.25,70000
5683,116,C,37,48,72784.0,0.25,70000
5684,117,C,37,0,121.0,0.25,70000
5685,117,C,37,1,156.0,0.25,70000
5686,117,C,37,2,202.0,0.25,70000
5687,117,C,37,3,240.0,0.25,70000
5688,117,C,37,4,310.0,0.25,70000
5689,117,C,37,5,397.0,0.25,70000
5690,117,C,37,6,477.0,0.25,70000
5691,117,C,37,7,587.0,0.25,70000
5692,117,C,37,8,704.0,0.25,70000
5693,117,C,37,9,924.0,0.25,70000
5694,117,C,37,10,1194.0,0.25,70000
5695,117,C,37,11,1402.0,0.25,70000
5696,117,C,37,12,1696.0,0.25,70000
5697,117,C,37,13,2222.0,0.25,70000
5698,117,C,37,14,2632.0,0.25,70000
5700,117,C,37,16,4358.0,0.25,70000
5701,117,C,37,17,5211.0,0.25,70000
5702,117,C,37,18,6516.0,0.25,70000
5703,117,C,37,19,8550.0,0.25,70000
5704,117,C,37,20,9660.0,0.25,70000
5705,117,C,37,21,11706.0,0.25,70000
5706,117,C,37,22,14058.0,0.25,70000
5707,117,C,37,23,17333.0,0.25,70000
5708,117,C,37,24,19971.0,0.25,70000
5709,117,C,37,25,22887.0,0.25,70000
5710,117,C,37,26,25718.0,0.25,70000
5711,117,C,37,27,31995.0,0.25,70000
5712,117,C,37,28,34039.0,0.25,70000
5713,117,C,37,29,40436.0,0.25,70000
5714,117,C,37,30,44810.0,0.25,70000
5715,117,C,37,31,48733.0,0.25,70000
5717,117,C,37,33,54662.0,0.25,70000
5718,117,C,37,34,56464.0,0.25,70000
5719,117,C,37,35,58256.0,0.25,70000
5720,117,C,37,36,61785.0,0.25,70000
5721,117,C,37,37,65007.0,0.25,70000
5722,117,C,37,38,63977.0,0.25,70000
5723,117,C,37,39,70347.0,0.25,70000
5724,117,C,37,40,68186.0,0.25,70000
5725,117,C,37,41,69934.0,0.25,70000
5726,117,C,37,42,70455.0,0.25,70000
5727,117,C,37,43,69142.0,0.25,70000
5728,117,C,37,44,70070.0,0.25,70000
5729,117,C,37,45,71400.0,0.25,70000
5730,117,C,37,46,68464.0,0.25,70000
5731,117,C,37,47,68668.0,0.25,70000
5732,117,C,37,48,67222.0,0.25,70000
5733,118,C,37,0,128.0,0.25,70000
5734,118,C,37,1,152.0,0.25,70000
5735,118,C,37,2,192.0,0.25,70000
5736,118,C,37,3,239.0,0.25,70000
5737,118,C,37,4,313.0,0.25,70000
5738,118,C,37,5,369.0,0.25,70000
5739,118,C,37,6,468.0,0.25,70000
5741,118,C,37,8,765.0,0.25,70000
5742,118,C,37,9,882.0,0.25,70000
5743,118,C,37,10,1193.0,0.25,70000
5744,118,C,37,11,1451.0,0.25,70000
5745,118,C,37,12,1845.0,0.25,70000
5746,118,C,37,13,2173.0,0.25,70000
5747,118,C,37,14,2817.0,0.25,70000
5748,118,C,37,15,3576.0,0.25,70000
5749,118,C,37,16,4331.0,0.25,70000
5750,118,C,37,17,5275.0,0.25,70000
5751,118,C,37,18,6649.0,0.25,70000
5752,118,C,37,19,7885.0,0.25,70000
5753,118,C,37,20,9755.0,0.25,70000
5754,118,C,37,21,12062.0,0.25,70000
5755,118,C,37,22,14504.0,0.25,70000
5756,118,C,37,23,17620.0,0.25,70000
5757,118,C,37,24,20022.0,0.25,70000
5758,118,C,37,25,23517.0,0.25,70000
5759,118,C,37,26,27470.0,0.25,70000
5760,118,C,37,27,32514.0,0.25,70000
5761,118,C,37,28,36791.0,0.25,70000
5762,118,C,37,29,40538.0,0.25,70000
5763,118,C,37,30,43812.0,0.25,70000
5764,118,C,37,31,49768.0,0.25,70000
5765,118,C,37,32,51249.0,0.25,70000
5766,118,C,37,33,55799.0,0.25,70000
5767,118,C,37,34,55168.0,0.25,70000
5768,118,C,37,35,58998.0,0.25,70000
5769,118,C,37,36,65117.0,0.25,70000
5770,118,C,37,37,64434.0,0.25,70000
5771,118,C,37,38,63582.0,0.25,70000
5772,118,C,37,39,67194.0,0.25,70000
5773,118,C,37,40,70975.0,0.25,70000
5774,118,C,37,41,67430.0,0.25,70000
5775,118,C,37,42,67927.0,0.25,70000
5776,118,C,37,43,73379.0,0.25,70000
5777,118,C,37,44,71186.0,0.25,70000
5778,118,C,37,45,69796.0,0.25,70000
5779,118,C,37,46,70688.0,0.25,70000
5780,118,C,37,47,70253.0,0.25,70000
5781,118,C,37,48,71262.0,0.25,70000
5782,119,C,37,0,125.0,0.25,70000
5783,119,C,37,1,153.0,0.25,70000
5784,119,C,37,2,194.0,0.25,70000
5785,119,C,37,3,252.0,0.25,70000
5786,119,C,37,4,310.0,0.25,70000
5787,119,C,37,5,375.0,0.25,70000
5788,119,C,37,6,476.0,0.25,70000
5789,119,C,37,7,599.0,0.25,70000
5790,119,C,37,8,780.0,0.25,70000
5791,119,C,37,9,952.0,0.25,70000
5792,119,C,37,10,1153.0,0.25,70000
5793,119,C,37,11,1425.0,0.25,70000
5794,119,C,37,12,1755.0,0.25,70000
5795,119,C,37,13,2240.0,0.25,70000
5796,119,C,37,14,2859.0,0.25,70000
5797,119,C,37,15,3283.0,0.25,70000
5798,119,C,37,16,4249.0,0.25,70000
5799,119,C,37,17,5189.0,0.25,70000
5800,119,C,37,18,6699.0,0.25,70000
5801,119,C,37,19,7984.0,0.25,70000
5802,119,C,37,20,9517.0,0.25,70000
5803,119,C,37,21,11486.0,0.25,70000
5804,119,C,37,22,13685.0,0.25,70000
5805,119,C,37,23,16697.0,0.25,70000
5806,119,C,37,24,20971.0,0.25,70000
5807,119,C,37,25,24690.0,0.25,70000
5808,119,C,37,26,27791.0,0.25,70000
5809,119,C,37,27,30539.0,0.25,70000
5810,119,C,37,28,36413.0,0.25,70000
5811,119,C,37,29,42181.0,0.25,70000
5812,119,C,37,30,44541.0,0.25,70000
5813,119,C,37,31,51062.0,0.25,70000
5814,119,C,37,32,52910.0,0.25,70000
5815,119,C,37,33,59620.0,0.25,70000
5816,119,C,37,34,61397.0,0.25,70000
5817,119,C,37,35,59625.0,0.25,70000
5818,119,C,37,36,61953.0,0.25,70000
5819,119,C,37,37,64569.0,0.25,70000
5820,119,C,37,38,65890.0,0.25,70000
5821,119,C,37,39,64729.0,0.25,70000
5822,119,C,37,40,66693.0,0.25,70000
5823,119,C,37,41,69172.0,0.25,70000
5824,119,C,37,42,68333.0,0.25,70000
5825,119,C,37,43,70958.0,0.25,70000
5826,119,C,37,44,68641.0,0.25,70000
5827,119,C,37,45,69805.0,0.25,70000
5828,119,C,37,46,71507.0,0.25,70000
5829,119,C,37,47,68853.0,0.25,70000
5830,119,C,37,48,70823.0,0.25,70000
5831,120,C,37,0,118.0,0.25,70000
5832,120,C,37,1,159.0,0.25,70000
5833,120,C,37,2,194.0,0.25,70000
5834,120,C,37,3,243.0,0.25,70000
5835,120,C,37,4,314.0,0.25,70000
5836,120,C,37,5,403.0,0.25,70000
5837,120,C,37,6,451.0,0.25,70000
5838,120,C,37,7,589.0,0.25,70000
5839,120,C,37,8,746.0,0.25,70000
5840,120,C,37,9,903.0,0.25,70000
5841,120,C,37,10,1124.0,0.25,70000
5842,120,C,37,11,1409.0,0.25,70000
5843,120,C,37,12,1822.0,0.25,70000
5844,120,C,37,13,2137.0,0.25,70000
5845,120,C,37,14,2645.0,0.25,70000
5846,120,C,37,15,3304.0,0.25,70000
5847,120,C,37,16,4326.0,0.25,70000
5848,120,C,37,17,4877.0,0.25,70000
5849,120,C,37,18,6783.0,0.25,70000
5850,120,C,37,19,8091.0,0.25,70000
5851,120,C,37,20,9571.0,0.25,70000
5852,120,C,37,21,11906.0,0.25,70000
5853,120,C,37,22,14421.0,0.25,70000
5854,120,C,37,23,16520.0,0.25,70000
5855,120,C,37,24,20074.0,0.25,70000
5856,120,C,37,25,23380.0,0.25,70000
5857,120,C,37,26,26388.0,0.25,70000
5858,120,C,37,27,31969.0,0.25,70000
5859,120,C,37,28,34932.0,0.25,70000
5860,120,C,37,29,39818.0,0.25,70000
5861,120,C,37,30,43792.0,0.25,70000
5862,120,C,37,31,50715.0,0.25,70000
5863,120,C,37,32,52655.0,0.25,70000
5864,120,C,37,33,57460.0,0.25,70000
5865,120,C,37,34,59387.0,0.25,70000
5866,120,C,37,35,61546.0,0.25,70000
5867,120,C,37,36,65334.0,0.25,70000
5868,120,C,37,37,63990.0,0.25,70000
5869,120,C,37,38,65861.0,0.25,70000
5870,120,C,37,39,66532.0,0.25,70000
5871,120,C,37,40,66004.0,0.25,70000
5872,120,C,37,41,66044.0,0.25,70000
5873,120,C,37,42,69150.0,0.25,70000
5874,120,C,37,43,65705.0,0.25,70000
5875,120,C,37,44,69488.0,0.25,70000
5876,120,C,37,45,70330.0,0.25,70000
5877,120,C,37,46,69909.0,0.25,70000
5878,120,C,37,47,70105.0,0.25,70000
5879,120,C,37,48,68708.0,0.25,70000
