experiment_id,strain,temperature,hour,population,growth_rate,capacity
1,C,20,0,108.0,0.05,148378
1,C,20,1,106.0,0.05,148378
1,C,20,2,119.0,0.05,148378
1,C,20,3,130.0,0.05,148378
1,C,20,4,125.0,0.05,148378
1,C,20,5,143.0,0.05,148378
1,C,20,6,150.0,0.05,148378
1,C,20,7,138.0,0.05,148378
1,C,20,8,157.0,0.05,148378
1,C,20,9,167.0,0.05,148378
1,C,20,10,168.0,0.05,148378
1,C,20,11,149.0,0.05,148378
1,C,20,12,202.0,0.05,148378
1,C,20,13,173.0,0.05,148378
1,C,20,14,214.0,0.05,148378
1,C,20,15,209.0,0.05,148378
1,C,20,16,230.0,0.05,148378
1,C,20,17,249.0,0.05,148378
1,C,20,18,281.0,0.05,148378
1,C,20,19,258.0,0.05,148378
1,C,20,20,263.0,0.05,148378
1,C,20,21,307.0,0.05,148378
1,C,20,22,285.0,0.05,148378
1,C,20,23,324.0,0.05,148378
1,C,20,24,356.0,0.05,148378
1,C,20,25,395.0,0.05,148378
1,C,20,26,386.0,0.05,148378
1,C,20,27,333.0,0.05,148378
1,C,20,28,395.0,0.05,148378
1,C,20,29,439.0,0.05,148378
1,C,20,30,,0.05,148378
1,C,20,31,441.0,0.05,148378
1,C,20,32,541.0,0.05,148378
1,C,20,33,545.0,0.05,148378
1,C,20,34,575.0,0.05,148378
1,C,20,35,535.0,0.05,148378
1,C,20,36,609.0,0.05,148378
1,C,20,37,609.0,0.05,148378
1,C,20,38,663.0,0.05,148378
1,C,20,39,691.0,0.05,148378
1,C,20,40,740.0,0.05,148378
1,C,20,41,735.0,0.05,148378
1,C,20,42,809.0,0.05,148378
1,C,20,43,952.0,0.05,148378
1,C,20,44,853.0,0.05,148378
1,C,20,45,970.0,0.05,148378
1,C,20,46,985.0,0.05,148378
1,C,20,47,1042.0,0.05,148378
1,C,20,48,1072.0,0.05,148378
2,A,20,0,122.0,0.25,116724
2,A,20,1,131.0,0.25,116724
2,A,20,2,198.0,0.25,116724
2,A,20,3,240.0,0.25,116724
2,A,20,4,301.0,0.25,116724
2,A,20,5,359.0,0.25,116724
2,A,20,6,467.0,0.25,116724
2,A,20,7,588.0,0.25,116724
2,A,20,8,739.0,0.25,116724
2,A,20,9,995.0,0.25,116724
2,A,20,10,1170.0,0.25,116724
2,A,20,11,1324.0,0.25,116724
2,A,20,12,1988.0,0.25,116724
2,A,20,13,2243.0,0.25,116724
2,A,20,14,2842.0,0.25,116724
2,A,20,15,3521.0,0.25,116724
2,A,20,16,4497.0,0.25,116724
2,A,20,17,5308.0,0.25,116724
2,A,20,18,6307.0,0.25,116724
2,A,20,19,8029.0,0.25,116724
2,A,20,20,9382.0,0.25,116724
2,A,20,21,11541.0,0.25,116724
2,A,20,22,16296.0,0.25,116724
2,A,20,23,19927.0,0.25,116724
2,A,20,24,24314.0,0.25,116724
2,A,20,25,27584.0,0.25,116724
2,A,20,26,,0.25,116724
2,A,20,27,37929.0,0.25,116724
2,A,20,28,44374.0,0.25,116724
2,A,20,29,46923.0,0.25,116724
2,A,20,30,55360.0,0.25,116724
2,A,20,31,60303.0,0.25,116724
2,A,20,32,71201.0,0.25,116724
2,A,20,33,75566.0,0.25,116724
2,A,20,34,83127.0,0.25,116724
2,A,20,35,81914.0,0.25,116724
2,A,20,36,99579.0,0.25,116724
2,A,20,37,101981.0,0.25,116724
2,A,20,38,108450.0,0.25,116724
2,A,20,39,106678.0,0.25,116724
2,A,20,40,105435.0,0.25,116724
2,A,20,41,114013.0,0.25,116724
2,A,20,42,108469.0,0.25,116724
2,A,20,43,112437.0,0.25,116724
2,A,20,44,109830.0,0.25,116724
2,A,20,45,116238.0,0.25,116724
2,A,20,46,116606.0,0.25,116724
2,A,20,47,106584.0,0.25,116724
2,A,20,48,117079.0,0.25,116724
3,B,20,0,106.0,0.1,86255
3,B,20,1,129.0,0.1,86255
3,B,20,2,143.0,0.1,86255
3,B,20,3,152.0,0.1,86255
3,B,20,4,160.0,0.1,86255
3,B,20,5,173.0,0.1,86255
3,B,20,6,190.0,0.1,86255
3,B,20,7,206.0,0.1,86255
3,B,20,8,227.0,0.1,86255
3,B,20,9,246.0,0.1,86255
3,B,20,10,291.0,0.1,86255
3,B,20,11,301.0,0.1,86255
3,B,20,12,346.0,0.1,86255
3,B,20,13,367.0,0.1,86255
3,B,20,14,417.0,0.1,86255
3,B,20,15,427.0,0.1,86255
3,B,20,16,482.0,0.1,86255
3,B,20,17,514.0,0.1,86255
3,B,20,18,576.0,0.1,86255
3,B,20,19,669.0,0.1,86255
3,B,20,20,693.0,0.1,86255
3,B,20,21,793.0,0.1,86255
3,B,20,22,912.0,0.1,86255
3,B,20,23,1016.0,0.1,86255
3,B,20,24,56000.0,0.1,86255
3,B,20,25,1188.0,0.1,86255
3,B,20,26,1281.0,0.1,86255
3,B,20,27,1424.0,0.1,86255
3,B,20,28,1478.0,0.1,86255
3,B,20,29,1822.0,0.1,86255
3,B,20,30,1856.0,0.1,86255
3,B,20,31,102050.0,0.1,86255
3,B,20,32,2130.0,0.1,86255
3,B,20,33,,0.1,86255
3,B,20,34,2818.0,0.1,86255
3,B,20,35,3021.0,0.1,86255
3,B,20,36,3237.0,0.1,86255
3,B,20,37,3560.0,0.1,86255
3,B,20,38,4258.0,0.1,86255
3,B,20,39,4135.0,0.1,86255
3,B,20,40,4319.0,0.1,86255
3,B,20,41,5097.0,0.1,86255
3,B,20,42,5486.0,0.1,86255
3,B,20,43,5891.0,0.1,86255
3,B,20,44,6806.0,0.1,86255
3,B,20,45,7437.0,0.1,86255
3,B,20,46,7606.0,0.1,86255
3,B,20,47,9261.0,0.1,86255
3,B,20,48,9575.0,0.1,86255
4,C,30,0,114.0,0.19,137000
4,C,30,1,142.0,0.19,137000
4,C,30,2,172.0,0.19,137000
4,C,30,3,207.0,0.19,137000
4,C,30,4,236.0,0.19,137000
4,C,30,5,297.0,0.19,137000
4,C,30,6,305.0,0.19,137000
4,C,30,7,409.0,0.19,137000
4,C,30,8,470.0,0.19,137000
4,C,30,9,514.0,0.19,137000
4,C,30,10,689.0,0.19,137000
4,C,30,11,764.0,0.19,137000
4,C,30,12,946.0,0.19,137000
4,C,30,13,1113.0,0.19,137000
4,C,30,14,1227.0,0.19,137000
4,C,30,15,1595.0,0.19,137000
4,C,30,16,1883.0,0.19,137000
4,C,30,17,2312.0,0.19,137000
4,C,30,18,2845.0,0.19,137000
4,C,30,19,3163.0,0.19,137000
4,C,30,20,4072.0,0.19,137000
4,C,30,21,4716.0,0.19,137000
4,C,30,22,5233.0,0.19,137000
4,C,30,23,6511.0,0.19,137000
4,C,30,24,7210.0,0.19,137000
4,C,30,25,9216.0,0.19,137000
4,C,30,26,10937.0,0.19,137000
4,C,30,27,12627.0,0.19,137000
4,C,30,28,13911.0,0.19,137000
4,C,30,29,17326.0,0.19,137000
4,C,30,30,20848.0,0.19,137000
4,C,30,31,23797.0,0.19,137000
4,C,30,32,24947.0,0.19,137000
4,C,30,33,33517.0,0.19,137000
4,C,30,34,38563.0,0.19,137000
4,C,30,35,39369.0,0.19,137000
4,C,30,36,42985.0,0.19,137000
4,C,30,37,50797.0,0.19,137000
4,C,30,38,53731.0,0.19,137000
4,C,30,39,64292.0,0.19,137000
4,C,30,40,75864.0,0.19,137000
4,C,30,41,73988.0,0.19,137000
4,C,30,42,83869.0,0.19,137000
4,C,30,43,86712.0,0.19,137000
4,C,30,44,95805.0,0.19,137000
4,C,30,45,96579.0,0.19,137000
4,C,30,46,106210.0,0.19,137000
4,C,30,47,106359.0,0.19,137000
4,C,30,48,114544.0,0.19,137000
5,B,20,0,111.0,0.1,123693
5,B,20,1,127.0,0.1,123693
5,B,20,2,133.0,0.1,123693
5,B,20,3,156.0,0.1,123693
5,B,20,4,166.0,0.1,123693
5,B,20,5,173.0,0.1,123693
5,B,20,6,207.0,0.1,123693
5,B,20,7,205.0,0.1,123693
5,B,20,8,217.0,0.1,123693
5,B,20,9,260.0,0.1,123693
5,B,20,10,287.0,0.1,123693
5,B,20,11,328.0,0.1,123693
5,B,20,12,,0.1,123693
5,B,20,13,372.0,0.1,123693
5,B,20,14,386.0,0.1,123693
5,B,20,15,458.0,0.1,123693
5,B,20,16,508.0,0.1,123693
5,B,20,17,511.0,0.1,123693
5,B,20,18,,0.1,123693
5,B,20,19,645.0,0.1,123693
5,B,20,20,713.0,0.1,123693
5,B,20,21,806.0,0.1,123693
5,B,20,22,891.0,0.1,123693
5,B,20,23,1049.0,0.1,123693
5,B,20,24,1119.0,0.1,123693
5,B,20,25,1144.0,0.1,123693
5,B,20,26,1452.0,0.1,123693
5,B,20,27,1322.0,0.1,123693
5,B,20,28,1484.0,0.1,123693
5,B,20,29,1656.0,0.1,123693
5,B,20,30,1814.0,0.1,123693
5,B,20,31,1940.0,0.1,123693
5,B,20,32,2233.0,0.1,123693
5,B,20,33,2518.0,0.1,123693
5,B,20,34,2539.0,0.1,123693
5,B,20,35,2854.0,0.1,123693
5,B,20,36,3475.0,0.1,123693
5,B,20,37,3703.0,0.1,123693
5,B,20,38,3720.0,0.1,123693
5,B,20,39,4294.0,0.1,123693
5,B,20,40,4326.0,0.1,123693
5,B,20,41,5176.0,0.1,123693
5,B,20,42,6266.0,0.1,123693
5,B,20,43,6207.0,0.1,123693
5,B,20,44,7211.0,0.1,123693
5,B,20,45,8093.0,0.1,123693
5,B,20,46,7808.0,0.1,123693
5,B,20,47,8755.0,0.1,123693
5,B,20,48,10715.0,0.1,123693
6,C,25,0,104.0,0.05,133988
6,C,25,1,117.0,0.05,133988
6,C,25,2,111.0,0.05,133988
6,C,25,3,127.0,0.05,133988
6,C,25,4,120.0,0.05,133988
6,C,25,5,138.0,0.05,133988
6,C,25,6,129.0,0.05,133988
6,C,25,7,156.0,0.05,133988
6,C,25,8,156.0,0.05,133988
6,C,25,9,167.0,0.05,133988
6,C,25,10,166.0,0.05,133988
6,C,25,11,8650.0,0.05,133988
6,C,25,12,192.0,0.05,133988
6,C,25,13,194.0,0.05,133988
6,C,25,14,203.0,0.05,133988
6,C,25,15,225.0,0.05,133988
6,C,25,16,228.0,0.05,133988
6,C,25,17,237.0,0.05,133988
6,C,25,18,253.0,0.05,133988
6,C,25,19,250.0,0.05,133988
6,C,25,20,263.0,0.05,133988
6,C,25,21,313.0,0.05,133988
6,C,25,22,304.0,0.05,133988
6,C,25,23,316.0,0.05,133988
6,C,25,24,329.0,0.05,133988
6,C,25,25,346.0,0.05,133988
6,C,25,26,374.0,0.05,133988
6,C,25,27,446.0,0.05,133988
6,C,25,28,429.0,0.05,133988
6,C,25,29,426.0,0.05,133988
6,C,25,30,496.0,0.05,133988
6,C,25,31,465.0,0.05,133988
6,C,25,32,485.0,0.05,133988
6,C,25,33,573.0,0.05,133988
6,C,25,34,574.0,0.05,133988
6,C,25,35,596.0,0.05,133988
6,C,25,36,604.0,0.05,133988
6,C,25,37,684.0,0.05,133988
6,C,25,38,658.0,0.05,133988
6,C,25,39,785.0,0.05,133988
6,C,25,40,700.0,0.05,133988
6,C,25,41,815.0,0.05,133988
6,C,25,42,812.0,0.05,133988
6,C,25,43,854.0,0.05,133988
6,C,25,44,912.0,0.05,133988
6,C,25,45,991.0,0.05,133988
6,C,25,46,911.0,0.05,133988
6,C,25,47,1092.0,0.05,133988
6,C,25,48,1082.0,0.05,133988
7,A,37,0,103.0,0.05,70210
7,A,37,1,115.0,0.05,70210
7,A,37,2,120.0,0.05,70210
7,A,37,3,119.0,0.05,70210
7,A,37,4,126.0,0.05,70210
7,A,37,5,138.0,0.05,70210
7,A,37,6,135.0,0.05,70210
7,A,37,7,141.0,0.05,70210
7,A,37,8,164.0,0.05,70210
7,A,37,9,172.0,0.05,70210
7,A,37,10,169.0,0.05,70210
7,A,37,11,193.0,0.05,70210
7,A,37,12,196.0,0.05,70210
7,A,37,13,202.0,0.05,70210
7,A,37,14,202.0,0.05,70210
7,A,37,15,226.0,0.05,70210
7,A,37,16,223.0,0.05,70210
7,A,37,17,239.0,0.05,70210
7,A,37,18,244.0,0.05,70210
7,A,37,19,281.0,0.05,70210
7,A,37,20,280.0,0.05,70210
7,A,37,21,,0.05,70210
7,A,37,22,317.0,0.05,70210
7,A,37,23,362.0,0.05,70210
7,A,37,24,355.0,0.05,70210
7,A,37,25,327.0,0.05,70210
7,A,37,26,372.0,0.05,70210
7,A,37,27,393.0,0.05,70210
7,A,37,28,398.0,0.05,70210
7,A,37,29,410.0,0.05,70210
7,A,37,30,490.0,0.05,70210
7,A,37,31,493.0,0.05,70210
7,A,37,32,521.0,0.05,70210
7,A,37,33,533.0,0.05,70210
7,A,37,34,572.0,0.05,70210
7,A,37,35,590.0,0.05,70210
7,A,37,36,610.0,0.05,70210
7,A,37,37,629.0,0.05,70210
7,A,37,38,633.0,0.05,70210
7,A,37,39,674.0,0.05,70210
7,A,37,40,732.0,0.05,70210
7,A,37,41,735.0,0.05,70210
7,A,37,42,821.0,0.05,70210
7,A,37,43,809.0,0.05,70210
7,A,37,44,924.0,0.05,70210
7,A,37,45,868.0,0.05,70210
7,A,37,46,995.0,0.05,70210
7,A,37,47,1093.0,0.05,70210
7,A,37,48,1124.0,0.05,70210
8,A,37,0,102.0,0.05,89779
8,A,37,1,112.0,0.05,89779
8,A,37,2,120.0,0.05,89779
8,A,37,3,126.0,0.05,89779
8,A,37,4,123.0,0.05,89779
8,A,37,5,139.0,0.05,89779
8,A,37,6,135.0,0.05,89779
8,A,37,7,,0.05,89779
8,A,37,8,146.0,0.05,89779
8,A,37,9,147.0,0.05,89779
8,A,37,10,173.0,0.05,89779
8,A,37,11,174.0,0.05,89779
8,A,37,12,198.0,0.05,89779
8,A,37,13,190.0,0.05,89779
8,A,37,14,198.0,0.05,89779
8,A,37,15,228.0,0.05,89779
8,A,37,16,243.0,0.05,89779
8,A,37,17,248.0,0.05,89779
8,A,37,18,254.0,0.05,89779
8,A,37,19,264.0,0.05,89779
8,A,37,20,298.0,0.05,89779
8,A,37,21,272.0,0.05,89779
8,A,37,22,299.0,0.05,89779
8,A,37,23,328.0,0.05,89779
8,A,37,24,331.0,0.05,89779
8,A,37,25,341.0,0.05,89779
8,A,37,26,,0.05,89779
8,A,37,27,357.0,0.05,89779
8,A,37,28,391.0,0.05,89779
8,A,37,29,401.0,0.05,89779
8,A,37,30,452.0,0.05,89779
8,A,37,31,446.0,0.05,89779
8,A,37,32,507.0,0.05,89779
8,A,37,33,525.0,0.05,89779
8,A,37,34,577.0,0.05,89779
8,A,37,35,575.0,0.05,89779
8,A,37,36,642.0,0.05,89779
8,A,37,37,660.0,0.05,89779
8,A,37,38,712.0,0.05,89779
8,A,37,39,688.0,0.05,89779
8,A,37,40,708.0,0.05,89779
8,A,37,41,828.0,0.05,89779
8,A,37,42,822.0,0.05,89779
8,A,37,43,826.0,0.05,89779
8,A,37,44,945.0,0.05,89779
8,A,37,45,885.0,0.05,89779
8,A,37,46,1052.0,0.05,89779
8,A,37,47,925.0,0.05,89779
8,A,37,48,1144.0,0.05,89779
9,B,37,0,111.0,0.19,115679
9,B,37,1,143.0,0.19,115679
9,B,37,2,173.0,0.19,115679
9,B,37,3,187.0,0.19,115679
9,B,37,4,240.0,0.19,115679
9,B,37,5,304.0,0.19,115679
9,B,37,6,337.0,0.19,115679
9,B,37,7,398.0,0.19,115679
9,B,37,8,512.0,0.19,115679
9,B,37,9,551.0,0.19,115679
9,B,37,10,669.0,0.19,115679
9,B,37,11,856.0,0.19,115679
9,B,37,12,1038.0,0.19,115679
9,B,37,13,1073.0,0.19,115679
9,B,37,14,1334.0,0.19,115679
9,B,37,15,1638.0,0.19,115679
9,B,37,16,2020.0,0.19,115679
9,B,37,17,2306.0,0.19,115679
9,B,37,18,2594.0,0.19,115679
9,B,37,19,,0.19,115679
9,B,37,20,3337.0,0.19,115679
9,B,37,21,4478.0,0.19,115679
9,B,37,22,5454.0,0.19,115679
9,B,37,23,6558.0,0.19,115679
9,B,37,24,7495.0,0.19,115679
9,B,37,25,8017.0,0.19,115679
9,B,37,26,10631.0,0.19,115679
9,B,37,27,11594.0,0.19,115679
9,B,37,28,13623.0,0.19,115679
9,B,37,29,17209.0,0.19,115679
9,B,37,30,17058.0,0.19,115679
9,B,37,31,24393.0,0.19,115679
9,B,37,32,26454.0,0.19,115679
9,B,37,33,30365.0,0.19,115679
9,B,37,34,32955.0,0.19,115679
9,B,37,35,39034.0,0.19,115679
9,B,37,36,43839.0,0.19,115679
9,B,37,37,48216.0,0.19,115679
9,B,37,38,48965.0,0.19,115679
9,B,37,39,59724.0,0.19,115679
9,B,37,40,64728.0,0.19,115679
9,B,37,41,72615.0,0.19,115679
9,B,37,42,76187.0,0.19,115679
9,B,37,43,80736.0,0.19,115679
9,B,37,44,85086.0,0.19,115679
9,B,37,45,82108.0,0.19,115679
9,B,37,46,84048.0,0.19,115679
9,B,37,47,95617.0,0.19,115679
9,B,37,48,95736.0,0.19,115679
10,A,37,0,107.0,0.05,140509
10,A,37,1,99.0,0.05,140509
10,A,37,2,114.0,0.05,140509
10,A,37,3,125.0,0.05,140509
10,A,37,4,128.0,0.05,140509
10,A,37,5,147.0,0.05,140509
10,A,37,6,135.0,0.05,140509
10,A,37,7,143.0,0.05,140509
10,A,37,8,176.0,0.05,140509
10,A,37,9,166.0,0.05,140509
10,A,37,10,175.0,0.05,140509
10,A,37,11,184.0,0.05,140509
10,A,37,12,189.0,0.05,140509
10,A,37,13,198.0,0.05,140509
10,A,37,14,202.0,0.05,140509
10,A,37,15,226.0,0.05,140509
10,A,37,16,247.0,0.05,140509
10,A,37,17,252.0,0.05,140509
10,A,37,18,260.0,0.05,140509
10,A,37,19,268.0,0.05,140509
10,A,37,20,267.0,0.05,140509
10,A,37,21,316.0,0.05,140509
10,A,37,22,314.0,0.05,140509
10,A,37,23,329.0,0.05,140509
10,A,37,24,340.0,0.05,140509
10,A,37,25,330.0,0.05,140509
10,A,37,26,409.0,0.05,140509
10,A,37,27,374.0,0.05,140509
10,A,37,28,397.0,0.05,140509
10,A,37,29,455.0,0.05,140509
10,A,37,30,457.0,0.05,140509
10,A,37,31,489.0,0.05,140509
10,A,37,32,477.0,0.05,140509
10,A,37,33,532.0,0.05,140509
10,A,37,34,546.0,0.05,140509
10,A,37,35,568.0,0.05,140509
10,A,37,36,687.0,0.05,140509
10,A,37,37,648.0,0.05,140509
10,A,37,38,707.0,0.05,140509
10,A,37,39,777.0,0.05,140509
10,A,37,40,705.0,0.05,140509
10,A,37,41,836.0,0.05,140509
10,A,37,42,773.0,0.05,140509
10,A,37,43,775.0,0.05,140509
10,A,37,44,933.0,0.05,140509
10,A,37,45,915.0,0.05,140509
10,A,37,46,952.0,0.05,140509
10,A,37,47,983.0,0.05,140509
10,A,37,48,1098.0,0.05,140509
11,B,30,0,132.0,0.4,98162
11,B,30,1,196.0,0.4,98162
11,B,30,2,258.0,0.4,98162
11,B,30,3,366.0,0.4,98162
11,B,30,4,508.0,0.4,98162
11,B,30,5,728.0,0.4,98162
11,B,30,6,1024.0,0.4,98162
11,B,30,7,1440.0,0.4,98162
11,B,30,8,2079.0,0.4,98162
11,B,30,9,2677.0,0.4,98162
11,B,30,10,4214.0,0.4,98162
11,B,30,11,5298.0,0.4,98162
11,B,30,12,7146.0,0.4,98162
11,B,30,13,10329.0,0.4,98162
11,B,30,14,13527.0,0.4,98162
11,B,30,15,18111.0,0.4,98162
11,B,30,16,1239800.0,0.4,98162
11,B,30,17,29876.0,0.4,98162
11,B,30,18,42520.0,0.4,98162
11,B,30,19,46470.0,0.4,98162
11,B,30,20,57560.0,0.4,98162
11,B,30,21,72530.0,0.4,98162
11,B,30,22,81198.0,0.4,98162
11,B,30,23,84742.0,0.4,98162
11,B,30,24,81766.0,0.4,98162
11,B,30,25,89579.0,0.4,98162
11,B,30,26,90694.0,0.4,98162
11,B,30,27,91861.0,0.4,98162
11,B,30,28,94244.0,0.4,98162
11,B,30,29,98155.0,0.4,98162
11,B,30,30,100832.0,0.4,98162
11,B,30,31,98027.0,0.4,98162
11,B,30,32,92812.0,0.4,98162
11,B,30,33,97258.0,0.4,98162
11,B,30,34,98362.0,0.4,98162
11,B,30,35,101462.0,0.4,98162
11,B,30,36,94233.0,0.4,98162
11,B,30,37,94943.0,0.4,98162
11,B,30,38,94108.0,0.4,98162
11,B,30,39,91815.0,0.4,98162
11,B,30,40,99145.0,0.4,98162
11,B,30,41,94589.0,0.4,98162
11,B,30,42,101774.0,0.4,98162
11,B,30,43,101430.0,0.4,98162
11,B,30,44,97442.0,0.4,98162
11,B,30,45,98547.0,0.4,98162
11,B,30,46,95516.0,0.4,98162
11,B,30,47,98428.0,0.4,98162
11,B,30,48,97987.0,0.4,98162
12,A,25,0,147.0,0.4,105850
12,A,25,1,190.0,0.4,105850
12,A,25,2,299.0,0.4,105850
12,A,25,3,396.0,0.4,105850
12,A,25,4,561.0,0.4,105850
12,A,25,5,704.0,0.4,105850
12,A,25,6,1108.0,0.4,105850
12,A,25,7,1544.0,0.4,105850
12,A,25,8,1944.0,0.4,105850
12,A,25,9,2785.0,0.4,105850
12,A,25,10,3739.0,0.4,105850
12,A,25,11,5560.0,0.4,105850
12,A,25,12,,0.4,105850
12,A,25,13,9781.0,0.4,105850
12,A,25,14,14086.0,0.4,105850
12,A,25,15,17682.0,0.4,105850
12,A,25,16,27641.0,0.4,105850
12,A,25,17,37071.0,0.4,105850
12,A,25,18,45681.0,0.4,105850
12,A,25,19,51545.0,0.4,105850
12,A,25,20,61305.0,0.4,105850
12,A,25,21,76382.0,0.4,105850
12,A,25,22,82159.0,0.4,105850
12,A,25,23,91586.0,0.4,105850
12,A,25,24,83230.0,0.4,105850
12,A,25,25,99740.0,0.4,105850
12,A,25,26,105545.0,0.4,105850
12,A,25,27,107716.0,0.4,105850
12,A,25,28,104447.0,0.4,105850
12,A,25,29,106180.0,0.4,105850
12,A,25,30,102759.0,0.4,105850
12,A,25,31,102927.0,0.4,105850
12,A,25,32,108152.0,0.4,105850
12,A,25,33,99063.0,0.4,105850
12,A,25,34,109735.0,0.4,105850
12,A,25,35,111857.0,0.4,105850
12,A,25,36,102149.0,0.4,105850
12,A,25,37,91380.0,0.4,105850
12,A,25,38,106459.0,0.4,105850
12,A,25,39,118077.0,0.4,105850
12,A,25,40,96131.0,0.4,105850
12,A,25,41,110405.0,0.4,105850
12,A,25,42,101938.0,0.4,105850
12,A,25,43,102220.0,0.4,105850
12,A,25,44,107501.0,0.4,105850
12,A,25,45,98938.0,0.4,105850
12,A,25,46,113703.0,0.4,105850
12,A,25,47,93728.0,0.4,105850
12,A,25,48,101114.0,0.4,105850
13,A,30,0,138.0,0.25,122853
13,A,30,1,166.0,0.25,122853
13,A,30,2,189.0,0.25,122853
13,A,30,3,242.0,0.25,122853
13,A,30,4,273.0,0.25,122853
13,A,30,5,400.0,0.25,122853
13,A,30,6,466.0,0.25,122853
13,A,30,7,639.0,0.25,122853
13,A,30,8,659.0,0.25,122853
13,A,30,9,960.0,0.25,122853
13,A,30,10,1175.0,0.25,122853
13,A,30,11,1476.0,0.25,122853
13,A,30,12,1773.0,0.25,122853
13,A,30,13,2306.0,0.25,122853
13,A,30,14,2768.0,0.25,122853
13,A,30,15,3492.0,0.25,122853
13,A,30,16,4343.0,0.25,122853
13,A,30,17,4896.0,0.25,122853
13,A,30,18,6866.0,0.25,122853
13,A,30,19,8510.0,0.25,122853
13,A,30,20,10104.0,0.25,122853
13,A,30,21,12020.0,0.25,122853
13,A,30,22,15359.0,0.25,122853
13,A,30,23,18510.0,0.25,122853
13,A,30,24,22759.0,0.25,122853
13,A,30,25,29456.0,0.25,122853
13,A,30,26,29616.0,0.25,122853
13,A,30,27,41542.0,0.25,122853
13,A,30,28,46333.0,0.25,122853
13,A,30,29,54998.0,0.25,122853
13,A,30,30,56444.0,0.25,122853
13,A,30,31,68010.0,0.25,122853
13,A,30,32,72294.0,0.25,122853
13,A,30,33,76693.0,0.25,122853
13,A,30,34,85627.0,0.25,122853
13,A,30,35,93753.0,0.25,122853
13,A,30,36,99956.0,0.25,122853
13,A,30,37,107890.0,0.25,122853
13,A,30,38,112797.0,0.25,122853
13,A,30,39,113026.0,0.25,122853
13,A,30,40,103194.0,0.25,122853
13,A,30,41,114790.0,0.25,122853
13,A,30,42,120161.0,0.25,122853
13,A,30,43,120797.0,0.25,122853
13,A,30,44,126581.0,0.25,122853
13,A,30,45,120507.0,0.25,122853
13,A,30,46,120335.0,0.25,122853
13,A,30,47,126881.0,0.25,122853
13,A,30,48,117976.0,0.25,122853
14,B,20,0,105.0,0.1,102615
14,B,20,1,115.0,0.1,102615
14,B,20,2,137.0,0.1,102615
14,B,20,3,146.0,0.1,102615
14,B,20,4,153.0,0.1,102615
14,B,20,5,176.0,0.1,102615
14,B,20,6,211.0,0.1,102615
14,B,20,7,232.0,0.1,102615
14,B,20,8,240.0,0.1,102615
14,B,20,9,267.0,0.1,102615
14,B,20,10,294.0,0.1,102615
14,B,20,11,286.0,0.1,102615
14,B,20,12,356.0,0.1,102615
14,B,20,13,383.0,0.1,102615
14,B,20,14,421.0,0.1,102615
14,B,20,15,474.0,0.1,102615
14,B,20,16,476.0,0.1,102615
14,B,20,17,578.0,0.1,102615
14,B,20,18,604.0,0.1,102615
14,B,20,19,653.0,0.1,102615
14,B,20,20,743.0,0.1,102615
14,B,20,21,920.0,0.1,102615
14,B,20,22,832.0,0.1,102615
14,B,20,23,996.0,0.1,102615
14,B,20,24,1139.0,0.1,102615
14,B,20,25,1214.0,0.1,102615
14,B,20,26,1189.0,0.1,102615
14,B,20,27,71300.0,0.1,102615
14,B,20,28,1592.0,0.1,102615
14,B,20,29,1759.0,0.1,102615
14,B,20,30,1895.0,0.1,102615
14,B,20,31,2015.0,0.1,102615
14,B,20,32,2197.0,0.1,102615
14,B,20,33,2496.0,0.1,102615
14,B,20,34,2684.0,0.1,102615
14,B,20,35,2853.0,0.1,102615
14,B,20,36,3459.0,0.1,102615
14,B,20,37,3419.0,0.1,102615
14,B,20,38,3646.0,0.1,102615
14,B,20,39,4158.0,0.1,102615
14,B,20,40,4672.0,0.1,102615
14,B,20,41,5343.0,0.1,102615
14,B,20,42,6019.0,0.1,102615
14,B,20,43,5779.0,0.1,102615
14,B,20,44,6659.0,0.1,102615
14,B,20,45,8043.0,0.1,102615
14,B,20,46,8200.0,0.1,102615
14,B,20,47,8895.0,0.1,102615
14,B,20,48,9401.0,0.1,102615
15,B,30,0,137.0,0.4,103897
15,B,30,1,204.0,0.4,103897
15,B,30,2,267.0,0.4,103897
15,B,30,3,396.0,0.4,103897
15,B,30,4,570.0,0.4,103897
15,B,30,5,760.0,0.4,103897
15,B,30,6,1000.0,0.4,103897
15,B,30,7,1430.0,0.4,103897
15,B,30,8,1955.0,0.4,103897
15,B,30,9,2834.0,0.4,103897
15,B,30,10,3976.0,0.4,103897
15,B,30,11,5145.0,0.4,103897
15,B,30,12,7610.0,0.4,103897
15,B,30,13,9877.0,0.4,103897
15,B,30,14,13745.0,0.4,103897
15,B,30,15,18675.0,0.4,103897
15,B,30,16,25820.0,0.4,103897
15,B,30,17,31279.0,0.4,103897
15,B,30,18,41235.0,0.4,103897
15,B,30,19,56024.0,0.4,103897
15,B,30,20,63371.0,0.4,103897
15,B,30,21,67668.0,0.4,103897
15,B,30,22,82139.0,0.4,103897
15,B,30,23,90491.0,0.4,103897
15,B,30,24,92535.0,0.4,103897
15,B,30,25,91912.0,0.4,103897
15,B,30,26,100209.0,0.4,103897
15,B,30,27,105540.0,0.4,103897
15,B,30,28,103691.0,0.4,103897
15,B,30,29,94650.0,0.4,103897
15,B,30,30,108964.0,0.4,103897
15,B,30,31,,0.4,103897
15,B,30,32,104963.0,0.4,103897
15,B,30,33,107167.0,0.4,103897
15,B,30,34,96166.0,0.4,103897
15,B,30,35,105262.0,0.4,103897
15,B,30,36,107481.0,0.4,103897
15,B,30,37,101820.0,0.4,103897
15,B,30,38,106249.0,0.4,103897
15,B,30,39,96184.0,0.4,103897
15,B,30,40,110442.0,0.4,103897
15,B,30,41,106911.0,0.4,103897
15,B,30,42,100550.0,0.4,103897
15,B,30,43,103909.0,0.4,103897
15,B,30,44,99058.0,0.4,103897
15,B,30,45,103304.0,0.4,103897
15,B,30,46,95139.0,0.4,103897
15,B,30,47,93326.0,0.4,103897
15,B,30,48,100544.0,0.4,103897
16,C,37,0,125.0,0.4,102230
16,C,37,1,202.0,0.4,102230
16,C,37,2,266.0,0.4,102230
16,C,37,3,342.0,0.4,102230
16,C,37,4,519.0,0.4,102230
16,C,37,5,680.0,0.4,102230
16,C,37,6,1141.0,0.4,102230
16,C,37,7,1338.0,0.4,102230
16,C,37,8,2020.0,0.4,102230
16,C,37,9,2738.0,0.4,102230
16,C,37,10,3815.0,0.4,102230
16,C,37,11,5782.0,0.4,102230
16,C,37,12,7220.0,0.4,102230
16,C,37,13,10714.0,0.4,102230
16,C,37,14,14910.0,0.4,102230
16,C,37,15,20537.0,0.4,102230
16,C,37,16,23566.0,0.4,102230
16,C,37,17,30194.0,0.4,102230
16,C,37,18,41320.0,0.4,102230
16,C,37,19,50971.0,0.4,102230
16,C,37,20,57228.0,0.4,102230
16,C,37,21,75202.0,0.4,102230
16,C,37,22,84540.0,0.4,102230
16,C,37,23,82588.0,0.4,102230
16,C,37,24,94369.0,0.4,102230
16,C,37,25,98524.0,0.4,102230
16,C,37,26,105597.0,0.4,102230
16,C,37,27,96355.0,0.4,102230
16,C,37,28,105074.0,0.4,102230
16,C,37,29,93917.0,0.4,102230
16,C,37,30,106102.0,0.4,102230
16,C,37,31,95656.0,0.4,102230
16,C,37,32,104609.0,0.4,102230
16,C,37,33,110407.0,0.4,102230
16,C,37,34,98745.0,0.4,102230
16,C,37,35,102746.0,0.4,102230
16,C,37,36,94974.0,0.4,102230
16,C,37,37,93788.0,0.4,102230
16,C,37,38,104886.0,0.4,102230
16,C,37,39,100373.0,0.4,102230
16,C,37,40,104284.0,0.4,102230
16,C,37,41,103110.0,0.4,102230
16,C,37,42,109847.0,0.4,102230
16,C,37,43,101239.0,0.4,102230
16,C,37,44,99676.0,0.4,102230
16,C,37,45,100746.0,0.4,102230
16,C,37,46,104123.0,0.4,102230
16,C,37,47,95245.0,0.4,102230
16,C,37,48,105285.0,0.4,102230
17,A,37,0,111.0,0.05,131105
17,A,37,1,106.0,0.05,131105
17,A,37,2,126.0,0.05,131105
17,A,37,3,109.0,0.05,131105
17,A,37,4,121.0,0.05,131105
17,A,37,5,131.0,0.05,131105
17,A,37,6,129.0,0.05,131105
17,A,37,7,135.0,0.05,131105
17,A,37,8,157.0,0.05,131105
17,A,37,9,148.0,0.05,131105
17,A,37,10,164.0,0.05,131105
17,A,37,11,187.0,0.05,131105
17,A,37,12,199.0,0.05,131105
17,A,37,13,194.0,0.05,131105
17,A,37,14,215.0,0.05,131105
17,A,37,15,,0.05,131105
17,A,37,16,235.0,0.05,131105
17,A,37,17,237.0,0.05,131105
17,A,37,18,240.0,0.05,131105
17,A,37,19,246.0,0.05,131105
17,A,37,20,298.0,0.05,131105
17,A,37,21,299.0,0.05,131105
17,A,37,22,304.0,0.05,131105
17,A,37,23,321.0,0.05,131105
17,A,37,24,351.0,0.05,131105
17,A,37,25,371.0,0.05,131105
17,A,37,26,371.0,0.05,131105
17,A,37,27,370.0,0.05,131105
17,A,37,28,426.0,0.05,131105
17,A,37,29,422.0,0.05,131105
17,A,37,30,418.0,0.05,131105
17,A,37,31,507.0,0.05,131105
17,A,37,32,545.0,0.05,131105
17,A,37,33,532.0,0.05,131105
17,A,37,34,548.0,0.05,131105
17,A,37,35,573.0,0.05,131105
17,A,37,36,595.0,0.05,131105
17,A,37,37,621.0,0.05,131105
17,A,37,38,639.0,0.05,131105
17,A,37,39,670.0,0.05,131105
17,A,37,40,714.0,0.05,131105
17,A,37,41,765.0,0.05,131105
17,A,37,42,813.0,0.05,131105
17,A,37,43,869.0,0.05,131105
17,A,37,44,845.0,0.05,131105
17,A,37,45,964.0,0.05,131105
17,A,37,46,934.0,0.05,131105
17,A,37,47,978.0,0.05,131105
17,A,37,48,1106.0,0.05,131105
18,C,30,0,108.0,0.19,141242
18,C,30,1,133.0,0.19,141242
18,C,30,2,170.0,0.19,141242
18,C,30,3,188.0,0.19,141242
18,C,30,4,250.0,0.19,141242
18,C,30,5,261.0,0.19,141242
18,C,30,6,359.0,0.19,141242
18,C,30,7,367.0,0.19,141242
18,C,30,8,506.0,0.19,141242
18,C,30,9,570.0,0.19,141242
18,C,30,10,685.0,0.19,141242
18,C,30,11,793.0,0.19,141242
18,C,30,12,903.0,0.19,141242
18,C,30,13,1081.0,0.19,141242
18,C,30,14,1392.0,0.19,141242
18,C,30,15,1557.0,0.19,141242
18,C,30,16,1942.0,0.19,141242
18,C,30,17,2281.0,0.19,141242
18,C,30,18,2651.0,0.19,141242
18,C,30,19,3030.0,0.19,141242
18,C,30,20,3694.0,0.19,141242
18,C,30,21,4762.0,0.19,141242
18,C,30,22,5613.0,0.19,141242
18,C,30,23,5914.0,0.19,141242
18,C,30,24,7135.0,0.19,141242
18,C,30,25,8823.0,0.19,141242
18,C,30,26,10085.0,0.19,141242
18,C,30,27,12723.0,0.19,141242
18,C,30,28,14416.0,0.19,141242
18,C,30,29,17529.0,0.19,141242
18,C,30,30,18121.0,0.19,141242
18,C,30,31,20644.0,0.19,141242
18,C,30,32,25750.0,0.19,141242
18,C,30,33,31138.0,0.19,141242
18,C,30,34,34811.0,0.19,141242
18,C,30,35,37786.0,0.19,141242
18,C,30,36,49823.0,0.19,141242
18,C,30,37,48743.0,0.19,141242
18,C,30,38,64768.0,0.19,141242
18,C,30,39,66344.0,0.19,141242
18,C,30,40,70453.0,0.19,141242
18,C,30,41,73015.0,0.19,141242
18,C,30,42,83919.0,0.19,141242
18,C,30,43,85866.0,0.19,141242
18,C,30,44,101115.0,0.19,141242
18,C,30,45,107458.0,0.19,141242
18,C,30,46,103971.0,0.19,141242
18,C,30,47,120505.0,0.19,141242
18,C,30,48,123202.0,0.19,141242
19,C,25,0,106.0,0.05,108898
19,C,25,1,108.0,0.05,108898
19,C,25,2,119.0,0.05,108898
19,C,25,3,112.0,0.05,108898
19,C,25,4,130.0,0.05,108898
19,C,25,5,132.0,0.05,108898
19,C,25,6,134.0,0.05,108898
19,C,25,7,146.0,0.05,108898
19,C,25,8,170.0,0.05,108898
19,C,25,9,156.0,0.05,108898
19,C,25,10,171.0,0.05,108898
19,C,25,11,174.0,0.05,108898
19,C,25,12,188.0,0.05,108898
19,C,25,13,204.0,0.05,108898
19,C,25,14,202.0,0.05,108898
19,C,25,15,233.0,0.05,108898
19,C,25,16,246.0,0.05,108898
19,C,25,17,241.0,0.05,108898
19,C,25,18,246.0,0.05,108898
19,C,25,19,275.0,0.05,108898
19,C,25,20,268.0,0.05,108898
19,C,25,21,290.0,0.05,108898
19,C,25,22,288.0,0.05,108898
19,C,25,23,306.0,0.05,108898
19,C,25,24,385.0,0.05,108898
19,C,25,25,353.0,0.05,108898
19,C,25,26,366.0,0.05,108898
19,C,25,27,405.0,0.05,108898
19,C,25,28,403.0,0.05,108898
19,C,25,29,434.0,0.05,108898
19,C,25,30,461.0,0.05,108898
19,C,25,31,486.0,0.05,108898
19,C,25,32,546.0,0.05,108898
19,C,25,33,504.0,0.05,108898
19,C,25,34,568.0,0.05,108898
19,C,25,35,583.0,0.05,108898
19,C,25,36,625.0,0.05,108898
19,C,25,37,672.0,0.05,108898
19,C,25,38,756.0,0.05,108898
19,C,25,39,730.0,0.05,108898
19,C,25,40,736.0,0.05,108898
19,C,25,41,746.0,0.05,108898
19,C,25,42,777.0,0.05,108898
19,C,25,43,810.0,0.05,108898
19,C,25,44,820.0,0.05,108898
19,C,25,45,906.0,0.05,108898
19,C,25,46,991.0,0.05,108898
19,C,25,47,1021.0,0.05,108898
19,C,25,48,1011.0,0.05,108898
20,A,20,0,122.0,0.25,77615
20,A,20,1,164.0,0.25,77615
20,A,20,2,190.0,0.25,77615
20,A,20,3,,0.25,77615
20,A,20,4,292.0,0.25,77615
20,A,20,5,401.0,0.25,77615
20,A,20,6,470.0,0.25,77615
20,A,20,7,548.0,0.25,77615
20,A,20,8,710.0,0.25,77615
20,A,20,9,998.0,0.25,77615
20,A,20,10,1157.0,0.25,77615
20,A,20,11,1431.0,0.25,77615
20,A,20,12,1865.0,0.25,77615
20,A,20,13,2295.0,0.25,77615
20,A,20,14,2697.0,0.25,77615
20,A,20,15,3355.0,0.25,77615
20,A,20,16,4057.0,0.25,77615
20,A,20,17,5543.0,0.25,77615
20,A,20,18,6732.0,0.25,77615
20,A,20,19,7840.0,0.25,77615
20,A,20,20,9669.0,0.25,77615
20,A,20,21,11741.0,0.25,77615
20,A,20,22,13879.0,0.25,77615
20,A,20,23,17221.0,0.25,77615
20,A,20,24,20640.0,0.25,77615
20,A,20,25,25120.0,0.25,77615
20,A,20,26,28043.0,0.25,77615
20,A,20,27,36588.0,0.25,77615
20,A,20,28,39666.0,0.25,77615
20,A,20,29,42158.0,0.25,77615
20,A,20,30,47728.0,0.25,77615
20,A,20,31,54590.0,0.25,77615
20,A,20,32,56872.0,0.25,77615
20,A,20,33,67314.0,0.25,77615
20,A,20,34,66260.0,0.25,77615
20,A,20,35,72923.0,0.25,77615
20,A,20,36,65603.0,0.25,77615
20,A,20,37,71714.0,0.25,77615
20,A,20,38,75002.0,0.25,77615
20,A,20,39,76001.0,0.25,77615
20,A,20,40,,0.25,77615
20,A,20,41,79678.0,0.25,77615
20,A,20,42,73251.0,0.25,77615
20,A,20,43,76175.0,0.25,77615
20,A,20,44,75330.0,0.25,77615
20,A,20,45,76711.0,0.25,77615
20,A,20,46,77971.0,0.25,77615
20,A,20,47,76486.0,0.25,77615
20,A,20,48,73993.0,0.25,77615
21,A,25,0,140.0,0.4,72722
21,A,25,1,186.0,0.4,72722
21,A,25,2,271.0,0.4,72722
21,A,25,3,380.0,0.4,72722
21,A,25,4,530.0,0.4,72722
21,A,25,5,754.0,0.4,72722
21,A,25,6,1075.0,0.4,72722
21,A,25,7,1369.0,0.4,72722
21,A,25,8,2060.0,0.4,72722
21,A,25,9,,0.4,72722
21,A,25,10,3669.0,0.4,72722
21,A,25,11,5916.0,0.4,72722
21,A,25,12,,0.4,72722
21,A,25,13,9957.0,0.4,72722
21,A,25,14,15123.0,0.4,72722
21,A,25,15,16911.0,0.4,72722
21,A,25,16,22883.0,0.4,72722
21,A,25,17,27737.0,0.4,72722
21,A,25,18,37155.0,0.4,72722
21,A,25,19,41919.0,0.4,72722
21,A,25,20,45470.0,0.4,72722
21,A,25,21,52590.0,0.4,72722
21,A,25,22,59363.0,0.4,72722
21,A,25,23,67325.0,0.4,72722
21,A,25,24,69178.0,0.4,72722
21,A,25,25,72075.0,0.4,72722
21,A,25,26,71722.0,0.4,72722
21,A,25,27,68940.0,0.4,72722
21,A,25,28,,0.4,72722
21,A,25,29,69556.0,0.4,72722
21,A,25,30,73665.0,0.4,72722
21,A,25,31,69795.0,0.4,72722
21,A,25,32,70669.0,0.4,72722
21,A,25,33,71214.0,0.4,72722
21,A,25,34,68826.0,0.4,72722
21,A,25,35,75472.0,0.4,72722
21,A,25,36,72118.0,0.4,72722
21,A,25,37,75891.0,0.4,72722
21,A,25,38,77063.0,0.4,72722
21,A,25,39,74783.0,0.4,72722
21,A,25,40,73097.0,0.4,72722
21,A,25,41,74335.0,0.4,72722
21,A,25,42,70180.0,0.4,72722
21,A,25,43,73861.0,0.4,72722
21,A,25,44,64719.0,0.4,72722
21,A,25,45,68999.0,0.4,72722
21,A,25,46,75026.0,0.4,72722
21,A,25,47,66409.0,0.4,72722
21,A,25,48,73275.0,0.4,72722
22,A,25,0,144.0,0.4,80757
22,A,25,1,185.0,0.4,80757
22,A,25,2,262.0,0.4,80757
22,A,25,3,362.0,0.4,80757
22,A,25,4,557.0,0.4,80757
22,A,25,5,726.0,0.4,80757
22,A,25,6,,0.4,80757
22,A,25,7,1536.0,0.4,80757
22,A,25,8,2031.0,0.4,80757
22,A,25,9,2685.0,0.4,80757
22,A,25,10,3734.0,0.4,80757
22,A,25,11,5013.0,0.4,80757
22,A,25,12,7061.0,0.4,80757
22,A,25,13,10245.0,0.4,80757
22,A,25,14,13111.0,0.4,80757
22,A,25,15,17981.0,0.4,80757
22,A,25,16,24987.0,0.4,80757
22,A,25,17,30921.0,0.4,80757
22,A,25,18,36475.0,0.4,80757
22,A,25,19,51785.0,0.4,80757
22,A,25,20,50590.0,0.4,80757
22,A,25,21,59920.0,0.4,80757
22,A,25,22,69115.0,0.4,80757
22,A,25,23,66862.0,0.4,80757
22,A,25,24,82888.0,0.4,80757
22,A,25,25,77879.0,0.4,80757
22,A,25,26,79919.0,0.4,80757
22,A,25,27,81741.0,0.4,80757
22,A,25,28,80956.0,0.4,80757
22,A,25,29,79752.0,0.4,80757
22,A,25,30,73475.0,0.4,80757
22,A,25,31,81069.0,0.4,80757
22,A,25,32,91986.0,0.4,80757
22,A,25,33,82763.0,0.4,80757
22,A,25,34,69482.0,0.4,80757
22,A,25,35,75090.0,0.4,80757
22,A,25,36,78174.0,0.4,80757
22,A,25,37,83967.0,0.4,80757
22,A,25,38,78790.0,0.4,80757
22,A,25,39,80215.0,0.4,80757
22,A,25,40,75950.0,0.4,80757
22,A,25,41,,0.4,80757
22,A,25,42,81041.0,0.4,80757
22,A,25,43,78695.0,0.4,80757
22,A,25,44,80189.0,0.4,80757
22,A,25,45,84082.0,0.4,80757
22,A,25,46,,0.4,80757
22,A,25,47,85446.0,0.4,80757
22,A,25,48,78253.0,0.4,80757
23,C,37,0,144.0,0.4,148213
23,C,37,1,195.0,0.4,148213
23,C,37,2,249.0,0.4,148213
23,C,37,3,383.0,0.4,148213
23,C,37,4,524.0,0.4,148213
23,C,37,5,770.0,0.4,148213
23,C,37,6,1108.0,0.4,148213
23,C,37,7,1424.0,0.4,148213
23,C,37,8,1892.0,0.4,148213
23,C,37,9,2935.0,0.4,148213
23,C,37,10,4275.0,0.4,148213
23,C,37,11,5750.0,0.4,148213
23,C,37,12,7227.0,0.4,148213
23,C,37,13,11002.0,0.4,148213
23,C,37,14,12741.0,0.4,148213
23,C,37,15,21182.0,0.4,148213
23,C,37,16,25267.0,0.4,148213
23,C,37,17,34498.0,0.4,148213
23,C,37,18,46310.0,0.4,148213
23,C,37,19,55497.0,0.4,148213
23,C,37,20,75501.0,0.4,148213
23,C,37,21,82293.0,0.4,148213
23,C,37,22,108786.0,0.4,148213
23,C,37,23,119388.0,0.4,148213
23,C,37,24,128255.0,0.4,148213
23,C,37,25,144619.0,0.4,148213
23,C,37,26,141028.0,0.4,148213
23,C,37,27,148417.0,0.4,148213
23,C,37,28,134791.0,0.4,148213
23,C,37,29,143747.0,0.4,148213
23,C,37,30,146317.0,0.4,148213
23,C,37,31,143025.0,0.4,148213
23,C,37,32,164197.0,0.4,148213
23,C,37,33,158190.0,0.4,148213
23,C,37,34,152590.0,0.4,148213
23,C,37,35,154083.0,0.4,148213
23,C,37,36,135004.0,0.4,148213
23,C,37,37,136421.0,0.4,148213
23,C,37,38,161908.0,0.4,148213
23,C,37,39,149163.0,0.4,148213
23,C,37,40,151151.0,0.4,148213
23,C,37,41,139687.0,0.4,148213
23,C,37,42,155645.0,0.4,148213
23,C,37,43,,0.4,148213
23,C,37,44,151386.0,0.4,148213
23,C,37,45,155580.0,0.4,148213
23,C,37,46,158161.0,0.4,148213
23,C,37,47,143171.0,0.4,148213
23,C,37,48,153024.0,0.4,148213
24,A,37,0,105.0,0.05,106447
24,A,37,1,109.0,0.05,106447
24,A,37,2,111.0,0.05,106447
24,A,37,3,124.0,0.05,106447
24,A,37,4,116.0,0.05,106447
24,A,37,5,122.0,0.05,106447
24,A,37,6,142.0,0.05,106447
24,A,37,7,,0.05,106447
24,A,37,8,160.0,0.05,106447
24,A,37,9,167.0,0.05,106447
24,A,37,10,168.0,0.05,106447
24,A,37,11,173.0,0.05,106447
24,A,37,12,194.0,0.05,106447
24,A,37,13,193.0,0.05,106447
24,A,37,14,206.0,0.05,106447
24,A,37,15,212.0,0.05,106447
24,A,37,16,206.0,0.05,106447
24,A,37,17,226.0,0.05,106447
24,A,37,18,236.0,0.05,106447
24,A,37,19,252.0,0.05,106447
24,A,37,20,286.0,0.05,106447
24,A,37,21,329.0,0.05,106447
24,A,37,22,301.0,0.05,106447
24,A,37,23,316.0,0.05,106447
24,A,37,24,310.0,0.05,106447
24,A,37,25,345.0,0.05,106447
24,A,37,26,356.0,0.05,106447
24,A,37,27,404.0,0.05,106447
24,A,37,28,365.0,0.05,106447
24,A,37,29,436.0,0.05,106447
24,A,37,30,470.0,0.05,106447
24,A,37,31,496.0,0.05,106447
24,A,37,32,448.0,0.05,106447
24,A,37,33,513.0,0.05,106447
24,A,37,34,493.0,0.05,106447
24,A,37,35,579.0,0.05,106447
24,A,37,36,587.0,0.05,106447
24,A,37,37,635.0,0.05,106447
24,A,37,38,608.0,0.05,106447
24,A,37,39,741.0,0.05,106447
24,A,37,40,709.0,0.05,106447
24,A,37,41,778.0,0.05,106447
24,A,37,42,800.0,0.05,106447
24,A,37,43,875.0,0.05,106447
24,A,37,44,,0.05,106447
24,A,37,45,938.0,0.05,106447
24,A,37,46,1021.0,0.05,106447
24,A,37,47,894.0,0.05,106447
24,A,37,48,1156.0,0.05,106447
25,C,25,0,104.0,0.05,54696
25,C,25,1,120.0,0.05,54696
25,C,25,2,116.0,0.05,54696
25,C,25,3,117.0,0.05,54696
25,C,25,4,125.0,0.05,54696
25,C,25,5,132.0,0.05,54696
25,C,25,6,146.0,0.05,54696
25,C,25,7,156.0,0.05,54696
25,C,25,8,165.0,0.05,54696
25,C,25,9,172.0,0.05,54696
25,C,25,10,158.0,0.05,54696
25,C,25,11,186.0,0.05,54696
25,C,25,12,179.0,0.05,54696
25,C,25,13,202.0,0.05,54696
25,C,25,14,211.0,0.05,54696
25,C,25,15,212.0,0.05,54696
25,C,25,16,225.0,0.05,54696
25,C,25,17,237.0,0.05,54696
25,C,25,18,258.0,0.05,54696
25,C,25,19,270.0,0.05,54696
25,C,25,20,305.0,0.05,54696
25,C,25,21,298.0,0.05,54696
25,C,25,22,317.0,0.05,54696
25,C,25,23,331.0,0.05,54696
25,C,25,24,338.0,0.05,54696
25,C,25,25,374.0,0.05,54696
25,C,25,26,361.0,0.05,54696
25,C,25,27,398.0,0.05,54696
25,C,25,28,399.0,0.05,54696
25,C,25,29,428.0,0.05,54696
25,C,25,30,415.0,0.05,54696
25,C,25,31,443.0,0.05,54696
25,C,25,32,520.0,0.05,54696
25,C,25,33,532.0,0.05,54696
25,C,25,34,569.0,0.05,54696
25,C,25,35,571.0,0.05,54696
25,C,25,36,580.0,0.05,54696
25,C,25,37,655.0,0.05,54696
25,C,25,38,,0.05,54696
25,C,25,39,667.0,0.05,54696
25,C,25,40,654.0,0.05,54696
25,C,25,41,751.0,0.05,54696
25,C,25,42,805.0,0.05,54696
25,C,25,43,780.0,0.05,54696
25,C,25,44,832.0,0.05,54696
25,C,25,45,958.0,0.05,54696
25,C,25,46,1039.0,0.05,54696
25,C,25,47,1109.0,0.05,54696
25,C,25,48,1059.0,0.05,54696
26,C,20,0,108.0,0.05,63246
26,C,20,1,120.0,0.05,63246
26,C,20,2,119.0,0.05,63246
26,C,20,3,113.0,0.05,63246
26,C,20,4,132.0,0.05,63246
26,C,20,5,132.0,0.05,63246
26,C,20,6,150.0,0.05,63246
26,C,20,7,144.0,0.05,63246
26,C,20,8,152.0,0.05,63246
26,C,20,9,173.0,0.05,63246
26,C,20,10,163.0,0.05,63246
26,C,20,11,186.0,0.05,63246
26,C,20,12,185.0,0.05,63246
26,C,20,13,202.0,0.05,63246
26,C,20,14,209.0,0.05,63246
26,C,20,15,214.0,0.05,63246
26,C,20,16,240.0,0.05,63246
26,C,20,17,234.0,0.05,63246
26,C,20,18,271.0,0.05,63246
26,C,20,19,263.0,0.05,63246
26,C,20,20,287.0,0.05,63246
26,C,20,21,293.0,0.05,63246
26,C,20,22,294.0,0.05,63246
26,C,20,23,321.0,0.05,63246
26,C,20,24,352.0,0.05,63246
26,C,20,25,355.0,0.05,63246
26,C,20,26,356.0,0.05,63246
26,C,20,27,374.0,0.05,63246
26,C,20,28,402.0,0.05,63246
26,C,20,29,419.0,0.05,63246
26,C,20,30,474.0,0.05,63246
26,C,20,31,457.0,0.05,63246
26,C,20,32,496.0,0.05,63246
26,C,20,33,459.0,0.05,63246
26,C,20,34,558.0,0.05,63246
26,C,20,35,598.0,0.05,63246
26,C,20,36,591.0,0.05,63246
26,C,20,37,643.0,0.05,63246
26,C,20,38,671.0,0.05,63246
26,C,20,39,656.0,0.05,63246
26,C,20,40,729.0,0.05,63246
26,C,20,41,798.0,0.05,63246
26,C,20,42,755.0,0.05,63246
26,C,20,43,818.0,0.05,63246
26,C,20,44,931.0,0.05,63246
26,C,20,45,961.0,0.05,63246
26,C,20,46,1024.0,0.05,63246
26,C,20,47,974.0,0.05,63246
26,C,20,48,1060.0,0.05,63246
27,B,30,0,140.0,0.4,123573
27,B,30,1,190.0,0.4,123573
27,B,30,2,288.0,0.4,123573
27,B,30,3,393.0,0.4,123573
27,B,30,4,521.0,0.4,123573
27,B,30,5,820.0,0.4,123573
27,B,30,6,1070.0,0.4,123573
27,B,30,7,1533.0,0.4,123573
27,B,30,8,1932.0,0.4,123573
27,B,30,9,2895.0,0.4,123573
27,B,30,10,4146.0,0.4,123573
27,B,30,11,5492.0,0.4,123573
27,B,30,12,7111.0,0.4,123573
27,B,30,13,11401.0,0.4,123573
27,B,30,14,13476.0,0.4,123573
27,B,30,15,18727.0,0.4,123573
27,B,30,16,27403.0,0.4,123573
27,B,30,17,32956.0,0.4,123573
27,B,30,18,40402.0,0.4,123573
27,B,30,19,56029.0,0.4,123573
27,B,30,20,68619.0,0.4,123573
27,B,30,21,81311.0,0.4,123573
27,B,30,22,94101.0,0.4,123573
27,B,30,23,100824.0,0.4,123573
27,B,30,24,113757.0,0.4,123573
27,B,30,25,116483.0,0.4,123573
27,B,30,26,120151.0,0.4,123573
27,B,30,27,114836.0,0.4,123573
27,B,30,28,112753.0,0.4,123573
27,B,30,29,116442.0,0.4,123573
27,B,30,30,119708.0,0.4,123573
27,B,30,31,121256.0,0.4,123573
27,B,30,32,120108.0,0.4,123573
27,B,30,33,124396.0,0.4,123573
27,B,30,34,128315.0,0.4,123573
27,B,30,35,123791.0,0.4,123573
27,B,30,36,112802.0,0.4,123573
27,B,30,37,121606.0,0.4,123573
27,B,30,38,126947.0,0.4,123573
27,B,30,39,120341.0,0.4,123573
27,B,30,40,126243.0,0.4,123573
27,B,30,41,126582.0,0.4,123573
27,B,30,42,127396.0,0.4,123573
27,B,30,43,117629.0,0.4,123573
27,B,30,44,130243.0,0.4,123573
27,B,30,45,132408.0,0.4,123573
27,B,30,46,139284.0,0.4,123573
27,B,30,47,122790.0,0.4,123573
27,B,30,48,118930.0,0.4,123573
28,C,30,0,111.0,0.19,72450
28,C,30,1,138.0,0.19,72450
28,C,30,2,169.0,0.19,72450
28,C,30,3,189.0,0.19,72450
28,C,30,4,237.0,0.19,72450
28,C,30,5,,0.19,72450
28,C,30,6,347.0,0.19,72450
28,C,30,7,397.0,0.19,72450
28,C,30,8,432.0,0.19,72450
28,C,30,9,582.0,0.19,72450
28,C,30,10,698.0,0.19,72450
28,C,30,11,870.0,0.19,72450
28,C,30,12,972.0,0.19,72450
28,C,30,13,1155.0,0.19,72450
28,C,30,14,1311.0,0.19,72450
28,C,30,15,1638.0,0.19,72450
28,C,30,16,1797.0,0.19,72450
28,C,30,17,2278.0,0.19,72450
28,C,30,18,2731.0,0.19,72450
28,C,30,19,3317.0,0.19,72450
28,C,30,20,3775.0,0.19,72450
28,C,30,21,4536.0,0.19,72450
28,C,30,22,5018.0,0.19,72450
28,C,30,23,6426.0,0.19,72450
28,C,30,24,,0.19,72450
28,C,30,25,8361.0,0.19,72450
28,C,30,26,9828.0,0.19,72450
28,C,30,27,11675.0,0.19,72450
28,C,30,28,11913.0,0.19,72450
28,C,30,29,16205.0,0.19,72450
28,C,30,30,19730.0,0.19,72450
28,C,30,31,20362.0,0.19,72450
28,C,30,32,23194.0,0.19,72450
28,C,30,33,24262.0,0.19,72450
28,C,30,34,27586.0,0.19,72450
28,C,30,35,34960.0,0.19,72450
28,C,30,36,37369.0,0.19,72450
28,C,30,37,37191.0,0.19,72450
28,C,30,38,40966.0,0.19,72450
28,C,30,39,41109.0,0.19,72450
28,C,30,40,48819.0,0.19,72450
28,C,30,41,53506.0,0.19,72450
28,C,30,42,52890.0,0.19,72450
28,C,30,43,58200.0,0.19,72450
28,C,30,44,64339.0,0.19,72450
28,C,30,45,60988.0,0.19,72450
28,C,30,46,66270.0,0.19,72450
28,C,30,47,69348.0,0.19,72450
28,C,30,48,68336.0,0.19,72450
29,B,25,0,127.0,0.25,59059
29,B,25,1,152.0,0.25,59059
29,B,25,2,195.0,0.25,59059
29,B,25,3,236.0,0.25,59059
29,B,25,4,339.0,0.25,59059
29,B,25,5,375.0,0.25,59059
29,B,25,6,445.0,0.25,59059
29,B,25,7,617.0,0.25,59059
29,B,25,8,711.0,0.25,59059
29,B,25,9,900.0,0.25,59059
29,B,25,10,1178.0,0.25,59059
29,B,25,11,1577.0,0.25,59059
29,B,25,12,1788.0,0.25,59059
29,B,25,13,2215.0,0.25,59059
29,B,25,14,2605.0,0.25,59059
29,B,25,15,3363.0,0.25,59059
29,B,25,16,4496.0,0.25,59059
29,B,25,17,5000.0,0.25,59059
29,B,25,18,6220.0,0.25,59059
29,B,25,19,7820.0,0.25,59059
29,B,25,20,9085.0,0.25,59059
29,B,25,21,12715.0,0.25,59059
29,B,25,22,13746.0,0.25,59059
29,B,25,23,16601.0,0.25,59059
29,B,25,24,18950.0,0.25,59059
29,B,25,25,21692.0,0.25,59059
29,B,25,26,25542.0,0.25,59059
29,B,25,27,31310.0,0.25,59059
29,B,25,28,33689.0,0.25,59059
29,B,25,29,33925.0,0.25,59059
29,B,25,30,39800.0,0.25,59059
29,B,25,31,41961.0,0.25,59059
29,B,25,32,42043.0,0.25,59059
29,B,25,33,53410.0,0.25,59059
29,B,25,34,51826.0,0.25,59059
29,B,25,35,53612.0,0.25,59059
29,B,25,36,55639.0,0.25,59059
29,B,25,37,58741.0,0.25,59059
29,B,25,38,58416.0,0.25,59059
29,B,25,39,61144.0,0.25,59059
29,B,25,40,54011.0,0.25,59059
29,B,25,41,59600.0,0.25,59059
29,B,25,42,55330.0,0.25,59059
29,B,25,43,56173.0,0.25,59059
29,B,25,44,60853.0,0.25,59059
29,B,25,45,60850.0,0.25,59059
29,B,25,46,62261.0,0.25,59059
29,B,25,47,57710.0,0.25,59059
29,B,25,48,63910.0,0.25,59059
30,A,37,0,105.0,0.05,57998
30,A,37,1,105.0,0.05,57998
30,A,37,2,129.0,0.05,57998
30,A,37,3,118.0,0.05,57998
30,A,37,4,129.0,0.05,57998
30,A,37,5,143.0,0.05,57998
30,A,37,6,137.0,0.05,57998
30,A,37,7,126.0,0.05,57998
30,A,37,8,156.0,0.05,57998
30,A,37,9,169.0,0.05,57998
30,A,37,10,171.0,0.05,57998
30,A,37,11,188.0,0.05,57998
30,A,37,12,190.0,0.05,57998
30,A,37,13,216.0,0.05,57998
30,A,37,14,226.0,0.05,57998
30,A,37,15,221.0,0.05,57998
30,A,37,16,244.0,0.05,57998
30,A,37,17,236.0,0.05,57998
30,A,37,18,260.0,0.05,57998
30,A,37,19,278.0,0.05,57998
30,A,37,20,264.0,0.05,57998
30,A,37,21,297.0,0.05,57998
30,A,37,22,276.0,0.05,57998
30,A,37,23,304.0,0.05,57998
30,A,37,24,315.0,0.05,57998
30,A,37,25,369.0,0.05,57998
30,A,37,26,355.0,0.05,57998
30,A,37,27,421.0,0.05,57998
30,A,37,28,391.0,0.05,57998
30,A,37,29,417.0,0.05,57998
30,A,37,30,422.0,0.05,57998
30,A,37,31,476.0,0.05,57998
30,A,37,32,485.0,0.05,57998
30,A,37,33,518.0,0.05,57998
30,A,37,34,560.0,0.05,57998
30,A,37,35,574.0,0.05,57998
30,A,37,36,581.0,0.05,57998
30,A,37,37,595.0,0.05,57998
30,A,37,38,668.0,0.05,57998
30,A,37,39,759.0,0.05,57998
30,A,37,40,777.0,0.05,57998
30,A,37,41,774.0,0.05,57998
30,A,37,42,782.0,0.05,57998
30,A,37,43,885.0,0.05,57998
30,A,37,44,899.0,0.05,57998
30,A,37,45,905.0,0.05,57998
30,A,37,46,956.0,0.05,57998
30,A,37,47,994.0,0.05,57998
30,A,37,48,1020.0,0.05,57998
31,C,37,0,134.0,0.4,147379
31,C,37,1,194.0,0.4,147379
31,C,37,2,257.0,0.4,147379
31,C,37,3,,0.4,147379
31,C,37,4,506.0,0.4,147379
31,C,37,5,768.0,0.4,147379
31,C,37,6,983.0,0.4,147379
31,C,37,7,1522.0,0.4,147379
31,C,37,8,2034.0,0.4,147379
31,C,37,9,2831.0,0.4,147379
31,C,37,10,4081.0,0.4,147379
31,C,37,11,5555.0,0.4,147379
31,C,37,12,7329.0,0.4,147379
31,C,37,13,10474.0,0.4,147379
31,C,37,14,14025.0,0.4,147379
31,C,37,15,20284.0,0.4,147379
31,C,37,16,25495.0,0.4,147379
31,C,37,17,36290.0,0.4,147379
31,C,37,18,41035.0,0.4,147379
31,C,37,19,55667.0,0.4,147379
31,C,37,20,72038.0,0.4,147379
31,C,37,21,87215.0,0.4,147379
31,C,37,22,95469.0,0.4,147379
31,C,37,23,108802.0,0.4,147379
31,C,37,24,126253.0,0.4,147379
31,C,37,25,134841.0,0.4,147379
31,C,37,26,126010.0,0.4,147379
31,C,37,27,141172.0,0.4,147379
31,C,37,28,141570.0,0.4,147379
31,C,37,29,142728.0,0.4,147379
31,C,37,30,136272.0,0.4,147379
31,C,37,31,143946.0,0.4,147379
31,C,37,32,157241.0,0.4,147379
31,C,37,33,149141.0,0.4,147379
31,C,37,34,159300.0,0.4,147379
31,C,37,35,141437.0,0.4,147379
31,C,37,36,132365.0,0.4,147379
31,C,37,37,146445.0,0.4,147379
31,C,37,38,161557.0,0.4,147379
31,C,37,39,156967.0,0.4,147379
31,C,37,40,143870.0,0.4,147379
31,C,37,41,,0.4,147379
31,C,37,42,140549.0,0.4,147379
31,C,37,43,143558.0,0.4,147379
31,C,37,44,144083.0,0.4,147379
31,C,37,45,136785.0,0.4,147379
31,C,37,46,151240.0,0.4,147379
31,C,37,47,148468.0,0.4,147379
31,C,37,48,145179.0,0.4,147379
32,A,20,0,,0.25,71809
32,A,20,1,148.0,0.25,71809
32,A,20,2,201.0,0.25,71809
32,A,20,3,259.0,0.25,71809
32,A,20,4,309.0,0.25,71809
32,A,20,5,362.0,0.25,71809
32,A,20,6,459.0,0.25,71809
32,A,20,7,608.0,0.25,71809
32,A,20,8,680.0,0.25,71809
32,A,20,9,1000.0,0.25,71809
32,A,20,10,1111.0,0.25,71809
32,A,20,11,1541.0,0.25,71809
32,A,20,12,1984.0,0.25,71809
32,A,20,13,2257.0,0.25,71809
32,A,20,14,2734.0,0.25,71809
32,A,20,15,3406.0,0.25,71809
32,A,20,16,4444.0,0.25,71809
32,A,20,17,5015.0,0.25,71809
32,A,20,18,6799.0,0.25,71809
32,A,20,19,8436.0,0.25,71809
32,A,20,20,9468.0,0.25,71809
32,A,20,21,11531.0,0.25,71809
32,A,20,22,13273.0,0.25,71809
32,A,20,23,15905.0,0.25,71809
32,A,20,24,19662.0,0.25,71809
32,A,20,25,22841.0,0.25,71809
32,A,20,26,29172.0,0.25,71809
32,A,20,27,31603.0,0.25,71809
32,A,20,28,37101.0,0.25,71809
32,A,20,29,35388.0,0.25,71809
32,A,20,30,45093.0,0.25,71809
32,A,20,31,48870.0,0.25,71809
32,A,20,32,57090.0,0.25,71809
32,A,20,33,59831.0,0.25,71809
32,A,20,34,61800.0,0.25,71809
32,A,20,35,63345.0,0.25,71809
32,A,20,36,64382.0,0.25,71809
32,A,20,37,68143.0,0.25,71809
32,A,20,38,66061.0,0.25,71809
32,A,20,39,65431.0,0.25,71809
32,A,20,40,73793.0,0.25,71809
32,A,20,41,71569.0,0.25,71809
32,A,20,42,74670.0,0.25,71809
32,A,20,43,70778.0,0.25,71809
32,A,20,44,70789.0,0.25,71809
32,A,20,45,66816.0,0.25,71809
32,A,20,46,75176.0,0.25,71809
32,A,20,47,77670.0,0.25,71809
32,A,20,48,73926.0,0.25,71809
33,A,25,0,124.0,0.4,87104
33,A,25,1,187.0,0.4,87104
33,A,25,2,285.0,0.4,87104
33,A,25,3,414.0,0.4,87104
33,A,25,4,537.0,0.4,87104
33,A,25,5,716.0,0.4,87104
33,A,25,6,1035.0,0.4,87104
33,A,25,7,1483.0,0.4,87104
33,A,25,8,1918.0,0.4,87104
33,A,25,9,2823.0,0.4,87104
33,A,25,10,4013.0,0.4,87104
33,A,25,11,5699.0,0.4,87104
33,A,25,12,7267.0,0.4,87104
33,A,25,13,9619.0,0.4,87104
33,A,25,14,13740.0,0.4,87104
33,A,25,15,17973.0,0.4,87104
33,A,25,16,23884.0,0.4,87104
33,A,25,17,30320.0,0.4,87104
33,A,25,18,39316.0,0.4,87104
33,A,25,19,46329.0,0.4,87104
33,A,25,20,57960.0,0.4,87104
33,A,25,21,63797.0,0.4,87104
33,A,25,22,68689.0,0.4,87104
33,A,25,23,82680.0,0.4,87104
33,A,25,24,82215.0,0.4,87104
33,A,25,25,82937.0,0.4,87104
33,A,25,26,82041.0,0.4,87104
33,A,25,27,76861.0,0.4,87104
33,A,25,28,88293.0,0.4,87104
33,A,25,29,89359.0,0.4,87104
33,A,25,30,83630.0,0.4,87104
33,A,25,31,88130.0,0.4,87104
33,A,25,32,84029.0,0.4,87104
33,A,25,33,87553.0,0.4,87104
33,A,25,34,88114.0,0.4,87104
33,A,25,35,83944.0,0.4,87104
33,A,25,36,84811.0,0.4,87104
33,A,25,37,89648.0,0.4,87104
33,A,25,38,84103.0,0.4,87104
33,A,25,39,80189.0,0.4,87104
33,A,25,40,79044.0,0.4,87104
33,A,25,41,86303.0,0.4,87104
33,A,25,42,94509.0,0.4,87104
33,A,25,43,87767.0,0.4,87104
33,A,25,44,89718.0,0.4,87104
33,A,25,45,91146.0,0.4,87104
33,A,25,46,87551.0,0.4,87104
33,A,25,47,93435.0,0.4,87104
33,A,25,48,79314.0,0.4,87104
34,C,25,0,105.0,0.05,84468
34,C,25,1,117.0,0.05,84468
34,C,25,2,124.0,0.05,84468
34,C,25,3,123.0,0.05,84468
34,C,25,4,118.0,0.05,84468
34,C,25,5,128.0,0.05,84468
34,C,25,6,144.0,0.05,84468
34,C,25,7,164.0,0.05,84468
34,C,25,8,158.0,0.05,84468
34,C,25,9,146.0,0.05,84468
34,C,25,10,170.0,0.05,84468
34,C,25,11,179.0,0.05,84468
34,C,25,12,189.0,0.05,84468
34,C,25,13,203.0,0.05,84468
34,C,25,14,,0.05,84468
34,C,25,15,247.0,0.05,84468
34,C,25,16,241.0,0.05,84468
34,C,25,17,250.0,0.05,84468
34,C,25,18,258.0,0.05,84468
34,C,25,19,252.0,0.05,84468
34,C,25,20,276.0,0.05,84468
34,C,25,21,323.0,0.05,84468
34,C,25,22,318.0,0.05,84468
34,C,25,23,334.0,0.05,84468
34,C,25,24,339.0,0.05,84468
34,C,25,25,352.0,0.05,84468
34,C,25,26,378.0,0.05,84468
34,C,25,27,416.0,0.05,84468
34,C,25,28,437.0,0.05,84468
34,C,25,29,455.0,0.05,84468
34,C,25,30,429.0,0.05,84468
34,C,25,31,471.0,0.05,84468
34,C,25,32,498.0,0.05,84468
34,C,25,33,501.0,0.05,84468
34,C,25,34,570.0,0.05,84468
34,C,25,35,553.0,0.05,84468
34,C,25,36,681.0,0.05,84468
34,C,25,37,649.0,0.05,84468
34,C,25,38,670.0,0.05,84468
34,C,25,39,670.0,0.05,84468
34,C,25,40,727.0,0.05,84468
34,C,25,41,830.0,0.05,84468
34,C,25,42,743.0,0.05,84468
34,C,25,43,829.0,0.05,84468
34,C,25,44,944.0,0.05,84468
34,C,25,45,805.0,0.05,84468
34,C,25,46,980.0,0.05,84468
34,C,25,47,977.0,0.05,84468
34,C,25,48,1131.0,0.05,84468
35,A,30,0,110.0,0.25,122719
35,A,30,1,154.0,0.25,122719
35,A,30,2,198.0,0.25,122719
35,A,30,3,252.0,0.25,122719
35,A,30,4,308.0,0.25,122719
35,A,30,5,382.0,0.25,122719
35,A,30,6,486.0,0.25,122719
35,A,30,7,618.0,0.25,122719
35,A,30,8,689.0,0.25,122719
35,A,30,9,949.0,0.25,122719
35,A,30,10,1096.0,0.25,122719
35,A,30,11,1429.0,0.25,122719
35,A,30,12,1738.0,0.25,122719
35,A,30,13,2205.0,0.25,122719
35,A,30,14,2481.0,0.25,122719
35,A,30,15,3600.0,0.25,122719
35,A,30,16,4421.0,0.25,122719
35,A,30,17,5522.0,0.25,122719
35,A,30,18,6351.0,0.25,122719
35,A,30,19,8189.0,0.25,122719
35,A,30,20,9949.0,0.25,122719
35,A,30,21,12257.0,0.25,122719
35,A,30,22,15104.0,0.25,122719
35,A,30,23,18461.0,0.25,122719
35,A,30,24,20626.0,0.25,122719
35,A,30,25,26312.0,0.25,122719
35,A,30,26,33993.0,0.25,122719
35,A,30,27,38662.0,0.25,122719
35,A,30,28,43869.0,0.25,122719
35,A,30,29,51327.0,0.25,122719
35,A,30,30,60298.0,0.25,122719
35,A,30,31,64738.0,0.25,122719
35,A,30,32,71740.0,0.25,122719
35,A,30,33,88057.0,0.25,122719
35,A,30,34,90145.0,0.25,122719
35,A,30,35,93707.0,0.25,122719
35,A,30,36,95519.0,0.25,122719
35,A,30,37,114382.0,0.25,122719
35,A,30,38,112621.0,0.25,122719
35,A,30,39,117770.0,0.25,122719
35,A,30,40,110082.0,0.25,122719
35,A,30,41,98527.0,0.25,122719
35,A,30,42,111199.0,0.25,122719
35,A,30,43,122538.0,0.25,122719
35,A,30,44,128412.0,0.25,122719
35,A,30,45,110766.0,0.25,122719
35,A,30,46,121361.0,0.25,122719
35,A,30,47,123505.0,0.25,122719
35,A,30,48,118002.0,0.25,122719
36,A,20,0,124.0,0.25,127922
36,A,20,1,164.0,0.25,127922
36,A,20,2,188.0,0.25,127922
36,A,20,3,11550.0,0.25,127922
36,A,20,4,311.0,0.25,127922
36,A,20,5,377.0,0.25,127922
36,A,20,6,494.0,0.25,127922
36,A,20,7,610.0,0.25,127922
36,A,20,8,816.0,0.25,127922
36,A,20,9,890.0,0.25,127922
36,A,20,10,1135.0,0.25,127922
36,A,20,11,1486.0,0.25,127922
36,A,20,12,1818.0,0.25,127922
36,A,20,13,2292.0,0.25,127922
36,A,20,14,2884.0,0.25,127922
36,A,20,15,3287.0,0.25,127922
36,A,20,16,4596.0,0.25,127922
36,A,20,17,5483.0,0.25,127922
36,A,20,18,,0.25,127922
36,A,20,19,8321.0,0.25,127922
36,A,20,20,9983.0,0.25,127922
36,A,20,21,13164.0,0.25,127922
36,A,20,22,15026.0,0.25,127922
36,A,20,23,18293.0,0.25,127922
36,A,20,24,23133.0,0.25,127922
36,A,20,25,27247.0,0.25,127922
36,A,20,26,30377.0,0.25,127922
36,A,20,27,38729.0,0.25,127922
36,A,20,28,44700.0,0.25,127922
36,A,20,29,55934.0,0.25,127922
36,A,20,30,59747.0,0.25,127922
36,A,20,31,69009.0,0.25,127922
36,A,20,32,78535.0,0.25,127922
36,A,20,33,83496.0,0.25,127922
36,A,20,34,93794.0,0.25,127922
36,A,20,35,98262.0,0.25,127922
36,A,20,36,107607.0,0.25,127922
36,A,20,37,103155.0,0.25,127922
36,A,20,38,110320.0,0.25,127922
36,A,20,39,112328.0,0.25,127922
36,A,20,40,120988.0,0.25,127922
36,A,20,41,118155.0,0.25,127922
36,A,20,42,126698.0,0.25,127922
36,A,20,43,127169.0,0.25,127922
36,A,20,44,127981.0,0.25,127922
36,A,20,45,117909.0,0.25,127922
36,A,20,46,124835.0,0.25,127922
36,A,20,47,130447.0,0.25,127922
36,A,20,48,121497.0,0.25,127922
37,C,37,0,142.0,0.4,132491
37,C,37,1,171.0,0.4,132491
37,C,37,2,271.0,0.4,132491
37,C,37,3,383.0,0.4,132491
37,C,37,4,571.0,0.4,132491
37,C,37,5,759.0,0.4,132491
37,C,37,6,1057.0,0.4,132491
37,C,37,7,1568.0,0.4,132491
37,C,37,8,2062.0,0.4,132491
37,C,37,9,2932.0,0.4,132491
37,C,37,10,3985.0,0.4,132491
37,C,37,11,5627.0,0.4,132491
37,C,37,12,7548.0,0.4,132491
37,C,37,13,10313.0,0.4,132491
37,C,37,14,14962.0,0.4,132491
37,C,37,15,19024.0,0.4,132491
37,C,37,16,24669.0,0.4,132491
37,C,37,17,33612.0,0.4,132491
37,C,37,18,47197.0,0.4,132491
37,C,37,19,53469.0,0.4,132491
37,C,37,20,67049.0,0.4,132491
37,C,37,21,82236.0,0.4,132491
37,C,37,22,86681.0,0.4,132491
37,C,37,23,104456.0,0.4,132491
37,C,37,24,114658.0,0.4,132491
37,C,37,25,121968.0,0.4,132491
37,C,37,26,128411.0,0.4,132491
37,C,37,27,127755.0,0.4,132491
37,C,37,28,124554.0,0.4,132491
37,C,37,29,121304.0,0.4,132491
37,C,37,30,122797.0,0.4,132491
37,C,37,31,134052.0,0.4,132491
37,C,37,32,127228.0,0.4,132491
37,C,37,33,135067.0,0.4,132491
37,C,37,34,128064.0,0.4,132491
37,C,37,35,126859.0,0.4,132491
37,C,37,36,140721.0,0.4,132491
37,C,37,37,131614.0,0.4,132491
37,C,37,38,123247.0,0.4,132491
37,C,37,39,127349.0,0.4,132491
37,C,37,40,126656.0,0.4,132491
37,C,37,41,130150.0,0.4,132491
37,C,37,42,138647.0,0.4,132491
37,C,37,43,123729.0,0.4,132491
37,C,37,44,132520.0,0.4,132491
37,C,37,45,133246.0,0.4,132491
37,C,37,46,124221.0,0.4,132491
37,C,37,47,132956.0,0.4,132491
37,C,37,48,133919.0,0.4,132491
38,B,30,0,138.0,0.4,94227
38,B,30,1,185.0,0.4,94227
38,B,30,2,277.0,0.4,94227
38,B,30,3,353.0,0.4,94227
38,B,30,4,537.0,0.4,94227
38,B,30,5,714.0,0.4,94227
38,B,30,6,1078.0,0.4,94227
38,B,30,7,1410.0,0.4,94227
38,B,30,8,1831.0,0.4,94227
38,B,30,9,3009.0,0.4,94227
38,B,30,10,3941.0,0.4,94227
38,B,30,11,5592.0,0.4,94227
38,B,30,12,7202.0,0.4,94227
38,B,30,13,9828.0,0.4,94227
38,B,30,14,13980.0,0.4,94227
38,B,30,15,18105.0,0.4,94227
38,B,30,16,23952.0,0.4,94227
38,B,30,17,33797.0,0.4,94227
38,B,30,18,43325.0,0.4,94227
38,B,30,19,46294.0,0.4,94227
38,B,30,20,54902.0,0.4,94227
38,B,30,21,69482.0,0.4,94227
38,B,30,22,70398.0,0.4,94227
38,B,30,23,89193.0,0.4,94227
38,B,30,24,84285.0,0.4,94227
38,B,30,25,83657.0,0.4,94227
38,B,30,26,84697.0,0.4,94227
38,B,30,27,93011.0,0.4,94227
38,B,30,28,83839.0,0.4,94227
38,B,30,29,94861.0,0.4,94227
38,B,30,30,95344.0,0.4,94227
38,B,30,31,88049.0,0.4,94227
38,B,30,32,91564.0,0.4,94227
38,B,30,33,97450.0,0.4,94227
38,B,30,34,95231.0,0.4,94227
38,B,30,35,100120.0,0.4,94227
38,B,30,36,99205.0,0.4,94227
38,B,30,37,,0.4,94227
38,B,30,38,95364.0,0.4,94227
38,B,30,39,101691.0,0.4,94227
38,B,30,40,89884.0,0.4,94227
38,B,30,41,5059600.0,0.4,94227
38,B,30,42,101646.0,0.4,94227
38,B,30,43,96121.0,0.4,94227
38,B,30,44,93783.0,0.4,94227
38,B,30,45,97670.0,0.4,94227
38,B,30,46,93714.0,0.4,94227
38,B,30,47,94089.0,0.4,94227
38,B,30,48,98374.0,0.4,94227
39,C,20,0,111.0,0.05,73005
39,C,20,1,111.0,0.05,73005
39,C,20,2,124.0,0.05,73005
39,C,20,3,127.0,0.05,73005
39,C,20,4,131.0,0.05,73005
39,C,20,5,126.0,0.05,73005
39,C,20,6,140.0,0.05,73005
39,C,20,7,146.0,0.05,73005
39,C,20,8,160.0,0.05,73005
39,C,20,9,161.0,0.05,73005
39,C,20,10,168.0,0.05,73005
39,C,20,11,181.0,0.05,73005
39,C,20,12,185.0,0.05,73005
39,C,20,13,,0.05,73005
39,C,20,14,,0.05,73005
39,C,20,15,227.0,0.05,73005
39,C,20,16,233.0,0.05,73005
39,C,20,17,249.0,0.05,73005
39,C,20,18,243.0,0.05,73005
39,C,20,19,272.0,0.05,73005
39,C,20,20,265.0,0.05,73005
39,C,20,21,299.0,0.05,73005
39,C,20,22,300.0,0.05,73005
39,C,20,23,342.0,0.05,73005
39,C,20,24,334.0,0.05,73005
39,C,20,25,331.0,0.05,73005
39,C,20,26,364.0,0.05,73005
39,C,20,27,360.0,0.05,73005
39,C,20,28,371.0,0.05,73005
39,C,20,29,457.0,0.05,73005
39,C,20,30,431.0,0.05,73005
39,C,20,31,524.0,0.05,73005
39,C,20,32,499.0,0.05,73005
39,C,20,33,520.0,0.05,73005
39,C,20,34,585.0,0.05,73005
39,C,20,35,616.0,0.05,73005
39,C,20,36,620.0,0.05,73005
39,C,20,37,632.0,0.05,73005
39,C,20,38,,0.05,73005
39,C,20,39,730.0,0.05,73005
39,C,20,40,694.0,0.05,73005
39,C,20,41,762.0,0.05,73005
39,C,20,42,741.0,0.05,73005
39,C,20,43,795.0,0.05,73005
39,C,20,44,939.0,0.05,73005
39,C,20,45,930.0,0.05,73005
39,C,20,46,1010.0,0.05,73005
39,C,20,47,1045.0,0.05,73005
39,C,20,48,1105.0,0.05,73005
40,C,37,0,152.0,0.4,144250
40,C,37,1,203.0,0.4,144250
40,C,37,2,272.0,0.4,144250
40,C,37,3,394.0,0.4,144250
40,C,37,4,523.0,0.4,144250
40,C,37,5,761.0,0.4,144250
40,C,37,6,1060.0,0.4,144250
40,C,37,7,1406.0,0.4,144250
40,C,37,8,1942.0,0.4,144250
40,C,37,9,2874.0,0.4,144250
40,C,37,10,3779.0,0.4,144250
40,C,37,11,5262.0,0.4,144250
40,C,37,12,7589.0,0.4,144250
40,C,37,13,9990.0,0.4,144250
40,C,37,14,15095.0,0.4,144250
40,C,37,15,18664.0,0.4,144250
40,C,37,16,26880.0,0.4,144250
40,C,37,17,35226.0,0.4,144250
40,C,37,18,45098.0,0.4,144250
40,C,37,19,59647.0,0.4,144250
40,C,37,20,72373.0,0.4,144250
40,C,37,21,85098.0,0.4,144250
40,C,37,22,91065.0,0.4,144250
40,C,37,23,110610.0,0.4,144250
40,C,37,24,121966.0,0.4,144250
40,C,37,25,122283.0,0.4,144250
40,C,37,26,128036.0,0.4,144250
40,C,37,27,141408.0,0.4,144250
40,C,37,28,141115.0,0.4,144250
40,C,37,29,141751.0,0.4,144250
40,C,37,30,132818.0,0.4,144250
40,C,37,31,133326.0,0.4,144250
40,C,37,32,154002.0,0.4,144250
40,C,37,33,128256.0,0.4,144250
40,C,37,34,141517.0,0.4,144250
40,C,37,35,146871.0,0.4,144250
40,C,37,36,161181.0,0.4,144250
40,C,37,37,144542.0,0.4,144250
40,C,37,38,144764.0,0.4,144250
40,C,37,39,135193.0,0.4,144250
40,C,37,40,144931.0,0.4,144250
40,C,37,41,143307.0,0.4,144250
40,C,37,42,143191.0,0.4,144250
40,C,37,43,146944.0,0.4,144250
40,C,37,44,144083.0,0.4,144250
40,C,37,45,,0.4,144250
40,C,37,46,146098.0,0.4,144250
40,C,37,47,139622.0,0.4,144250
40,C,37,48,143609.0,0.4,144250
41,B,20,0,114.0,0.1,54172
41,B,20,1,116.0,0.1,54172
41,B,20,2,127.0,0.1,54172
41,B,20,3,151.0,0.1,54172
41,B,20,4,170.0,0.1,54172
41,B,20,5,171.0,0.1,54172
41,B,20,6,218.0,0.1,54172
41,B,20,7,195.0,0.1,54172
41,B,20,8,236.0,0.1,54172
41,B,20,9,255.0,0.1,54172
41,B,20,10,283.0,0.1,54172
41,B,20,11,303.0,0.1,54172
41,B,20,12,303.0,0.1,54172
41,B,20,13,,0.1,54172
41,B,20,14,437.0,0.1,54172
41,B,20,15,435.0,0.1,54172
41,B,20,16,476.0,0.1,54172
41,B,20,17,568.0,0.1,54172
41,B,20,18,586.0,0.1,54172
41,B,20,19,694.0,0.1,54172
41,B,20,20,725.0,0.1,54172
41,B,20,21,798.0,0.1,54172
41,B,20,22,833.0,0.1,54172
41,B,20,23,962.0,0.1,54172
41,B,20,24,1050.0,0.1,54172
41,B,20,25,1166.0,0.1,54172
41,B,20,26,1052.0,0.1,54172
41,B,20,27,1406.0,0.1,54172
41,B,20,28,1509.0,0.1,54172
41,B,20,29,1749.0,0.1,54172
41,B,20,30,1715.0,0.1,54172
41,B,20,31,2205.0,0.1,54172
41,B,20,32,2059.0,0.1,54172
41,B,20,33,2372.0,0.1,54172
41,B,20,34,2890.0,0.1,54172
41,B,20,35,2953.0,0.1,54172
41,B,20,36,3174.0,0.1,54172
41,B,20,37,3537.0,0.1,54172
41,B,20,38,3719.0,0.1,54172
41,B,20,39,4339.0,0.1,54172
41,B,20,40,4673.0,0.1,54172
41,B,20,41,5413.0,0.1,54172
41,B,20,42,5440.0,0.1,54172
41,B,20,43,5997.0,0.1,54172
41,B,20,44,6370.0,0.1,54172
41,B,20,45,6684.0,0.1,54172
41,B,20,46,7776.0,0.1,54172
41,B,20,47,8658.0,0.1,54172
41,B,20,48,9387.0,0.1,54172
42,C,20,0,107.0,0.05,69704
42,C,20,1,112.0,0.05,69704
42,C,20,2,112.0,0.05,69704
42,C,20,3,125.0,0.05,69704
42,C,20,4,128.0,0.05,69704
42,C,20,5,116.0,0.05,69704
42,C,20,6,132.0,0.05,69704
42,C,20,7,144.0,0.05,69704
42,C,20,8,157.0,0.05,69704
42,C,20,9,155.0,0.05,69704
42,C,20,10,178.0,0.05,69704
42,C,20,11,181.0,0.05,69704
42,C,20,12,188.0,0.05,69704
42,C,20,13,209.0,0.05,69704
42,C,20,14,197.0,0.05,69704
42,C,20,15,,0.05,69704
42,C,20,16,217.0,0.05,69704
42,C,20,17,231.0,0.05,69704
42,C,20,18,268.0,0.05,69704
42,C,20,19,261.0,0.05,69704
42,C,20,20,244.0,0.05,69704
42,C,20,21,284.0,0.05,69704
42,C,20,22,305.0,0.05,69704
42,C,20,23,316.0,0.05,69704
42,C,20,24,352.0,0.05,69704
42,C,20,25,344.0,0.05,69704
42,C,20,26,,0.05,69704
42,C,20,27,425.0,0.05,69704
42,C,20,28,449.0,0.05,69704
42,C,20,29,464.0,0.05,69704
42,C,20,30,444.0,0.05,69704
42,C,20,31,466.0,0.05,69704
42,C,20,32,467.0,0.05,69704
42,C,20,33,558.0,0.05,69704
42,C,20,34,557.0,0.05,69704
42,C,20,35,544.0,0.05,69704
42,C,20,36,626.0,0.05,69704
42,C,20,37,680.0,0.05,69704
42,C,20,38,634.0,0.05,69704
42,C,20,39,703.0,0.05,69704
42,C,20,40,705.0,0.05,69704
42,C,20,41,733.0,0.05,69704
42,C,20,42,771.0,0.05,69704
42,C,20,43,795.0,0.05,69704
42,C,20,44,862.0,0.05,69704
42,C,20,45,955.0,0.05,69704
42,C,20,46,1053.0,0.05,69704
42,C,20,47,997.0,0.05,69704
42,C,20,48,1028.0,0.05,69704
43,C,25,0,105.0,0.05,118104
43,C,25,1,116.0,0.05,118104
43,C,25,2,103.0,0.05,118104
43,C,25,3,120.0,0.05,118104
43,C,25,4,133.0,0.05,118104
43,C,25,5,131.0,0.05,118104
43,C,25,6,137.0,0.05,118104
43,C,25,7,147.0,0.05,118104
43,C,25,8,151.0,0.05,118104
43,C,25,9,152.0,0.05,118104
43,C,25,10,169.0,0.05,118104
43,C,25,11,182.0,0.05,118104
43,C,25,12,201.0,0.05,118104
43,C,25,13,215.0,0.05,118104
43,C,25,14,210.0,0.05,118104
43,C,25,15,213.0,0.05,118104
43,C,25,16,207.0,0.05,118104
43,C,25,17,257.0,0.05,118104
43,C,25,18,253.0,0.05,118104
43,C,25,19,272.0,0.05,118104
43,C,25,20,289.0,0.05,118104
43,C,25,21,298.0,0.05,118104
43,C,25,22,306.0,0.05,118104
43,C,25,23,323.0,0.05,118104
43,C,25,24,353.0,0.05,118104
43,C,25,25,328.0,0.05,118104
43,C,25,26,378.0,0.05,118104
43,C,25,27,399.0,0.05,118104
43,C,25,28,456.0,0.05,118104
43,C,25,29,,0.05,118104
43,C,25,30,438.0,0.05,118104
43,C,25,31,476.0,0.05,118104
43,C,25,32,517.0,0.05,118104
43,C,25,33,493.0,0.05,118104
43,C,25,34,575.0,0.05,118104
43,C,25,35,594.0,0.05,118104
43,C,25,36,555.0,0.05,118104
43,C,25,37,582.0,0.05,118104
43,C,25,38,709.0,0.05,118104
43,C,25,39,703.0,0.05,118104
43,C,25,40,799.0,0.05,118104
43,C,25,41,763.0,0.05,118104
43,C,25,42,736.0,0.05,118104
43,C,25,43,834.0,0.05,118104
43,C,25,44,859.0,0.05,118104
43,C,25,45,967.0,0.05,118104
43,C,25,46,971.0,0.05,118104
43,C,25,47,939.0,0.05,118104
43,C,25,48,993.0,0.05,118104
44,A,20,0,124.0,0.25,131783
44,A,20,1,146.0,0.25,131783
44,A,20,2,193.0,0.25,131783
44,A,20,3,229.0,0.25,131783
44,A,20,4,314.0,0.25,131783
44,A,20,5,382.0,0.25,131783
44,A,20,6,480.0,0.25,131783
44,A,20,7,565.0,0.25,131783
44,A,20,8,787.0,0.25,131783
44,A,20,9,861.0,0.25,131783
44,A,20,10,1152.0,0.25,131783
44,A,20,11,1377.0,0.25,131783
44,A,20,12,1884.0,0.25,131783
44,A,20,13,2296.0,0.25,131783
44,A,20,14,3014.0,0.25,131783
44,A,20,15,3763.0,0.25,131783
44,A,20,16,4234.0,0.25,131783
44,A,20,17,5603.0,0.25,131783
44,A,20,18,6706.0,0.25,131783
44,A,20,19,7973.0,0.25,131783
44,A,20,20,9388.0,0.25,131783
44,A,20,21,12267.0,0.25,131783
44,A,20,22,15239.0,0.25,131783
44,A,20,23,18991.0,0.25,131783
44,A,20,24,24279.0,0.25,131783
44,A,20,25,27185.0,0.25,131783
44,A,20,26,33453.0,0.25,131783
44,A,20,27,37983.0,0.25,131783
44,A,20,28,47908.0,0.25,131783
44,A,20,29,53085.0,0.25,131783
44,A,20,30,61628.0,0.25,131783
44,A,20,31,75302.0,0.25,131783
44,A,20,32,83299.0,0.25,131783
44,A,20,33,84172.0,0.25,131783
44,A,20,34,88541.0,0.25,131783
44,A,20,35,103312.0,0.25,131783
44,A,20,36,100773.0,0.25,131783
44,A,20,37,114228.0,0.25,131783
44,A,20,38,120251.0,0.25,131783
44,A,20,39,118645.0,0.25,131783
44,A,20,40,125280.0,0.25,131783
44,A,20,41,126881.0,0.25,131783
44,A,20,42,112895.0,0.25,131783
44,A,20,43,118965.0,0.25,131783
44,A,20,44,130222.0,0.25,131783
44,A,20,45,127896.0,0.25,131783
44,A,20,46,132788.0,0.25,131783
44,A,20,47,140616.0,0.25,131783
44,A,20,48,133754.0,0.25,131783
45,C,37,0,143.0,0.4,145359
45,C,37,1,205.0,0.4,145359
45,C,37,2,285.0,0.4,145359
45,C,37,3,416.0,0.4,145359
45,C,37,4,540.0,0.4,145359
45,C,37,5,752.0,0.4,145359
45,C,37,6,893.0,0.4,145359
45,C,37,7,1536.0,0.4,145359
45,C,37,8,2198.0,0.4,145359
45,C,37,9,2839.0,0.4,145359
45,C,37,10,3935.0,0.4,145359
45,C,37,11,5810.0,0.4,145359
45,C,37,12,7175.0,0.4,145359
45,C,37,13,10260.0,0.4,145359
45,C,37,14,13488.0,0.4,145359
45,C,37,15,21467.0,0.4,145359
45,C,37,16,27224.0,0.4,145359
45,C,37,17,33385.0,0.4,145359
45,C,37,18,47634.0,0.4,145359
45,C,37,19,58719.0,0.4,145359
45,C,37,20,73767.0,0.4,145359
45,C,37,21,96250.0,0.4,145359
45,C,37,22,97995.0,0.4,145359
45,C,37,23,125504.0,0.4,145359
45,C,37,24,115144.0,0.4,145359
45,C,37,25,128848.0,0.4,145359
45,C,37,26,136576.0,0.4,145359
45,C,37,27,134660.0,0.4,145359
45,C,37,28,137945.0,0.4,145359
45,C,37,29,151361.0,0.4,145359
45,C,37,30,141336.0,0.4,145359
45,C,37,31,148050.0,0.4,145359
45,C,37,32,144486.0,0.4,145359
45,C,37,33,148390.0,0.4,145359
45,C,37,34,146372.0,0.4,145359
45,C,37,35,139909.0,0.4,145359
45,C,37,36,147778.0,0.4,145359
45,C,37,37,151131.0,0.4,145359
45,C,37,38,147737.0,0.4,145359
45,C,37,39,157049.0,0.4,145359
45,C,37,40,154598.0,0.4,145359
45,C,37,41,134067.0,0.4,145359
45,C,37,42,135717.0,0.4,145359
45,C,37,43,125693.0,0.4,145359
45,C,37,44,136233.0,0.4,145359
45,C,37,45,146254.0,0.4,145359
45,C,37,46,135632.0,0.4,145359
45,C,37,47,132852.0,0.4,145359
45,C,37,48,138500.0,0.4,145359
46,C,20,0,110.0,0.05,130613
46,C,20,1,115.0,0.05,130613
46,C,20,2,111.0,0.05,130613
46,C,20,3,116.0,0.05,130613
46,C,20,4,121.0,0.05,130613
46,C,20,5,141.0,0.05,130613
46,C,20,6,146.0,0.05,130613
46,C,20,7,151.0,0.05,130613
46,C,20,8,151.0,0.05,130613
46,C,20,9,168.0,0.05,130613
46,C,20,10,173.0,0.05,130613
46,C,20,11,172.0,0.05,130613
46,C,20,12,215.0,0.05,130613
46,C,20,13,201.0,0.05,130613
46,C,20,14,212.0,0.05,130613
46,C,20,15,228.0,0.05,130613
46,C,20,16,236.0,0.05,130613
46,C,20,17,256.0,0.05,130613
46,C,20,18,247.0,0.05,130613
46,C,20,19,274.0,0.05,130613
46,C,20,20,261.0,0.05,130613
46,C,20,21,295.0,0.05,130613
46,C,20,22,338.0,0.05,130613
46,C,20,23,336.0,0.05,130613
46,C,20,24,374.0,0.05,130613
46,C,20,25,346.0,0.05,130613
46,C,20,26,359.0,0.05,130613
46,C,20,27,399.0,0.05,130613
46,C,20,28,382.0,0.05,130613
46,C,20,29,440.0,0.05,130613
46,C,20,30,471.0,0.05,130613
46,C,20,31,472.0,0.05,130613
46,C,20,32,508.0,0.05,130613
46,C,20,33,507.0,0.05,130613
46,C,20,34,560.0,0.05,130613
46,C,20,35,583.0,0.05,130613
46,C,20,36,623.0,0.05,130613
46,C,20,37,595.0,0.05,130613
46,C,20,38,610.0,0.05,130613
46,C,20,39,650.0,0.05,130613
46,C,20,40,729.0,0.05,130613
46,C,20,41,768.0,0.05,130613
46,C,20,42,851.0,0.05,130613
46,C,20,43,843.0,0.05,130613
46,C,20,44,876.0,0.05,130613
46,C,20,45,1028.0,0.05,130613
46,C,20,46,929.0,0.05,130613
46,C,20,47,1014.0,0.05,130613
46,C,20,48,1101.0,0.05,130613
47,A,20,0,130.0,0.25,65516
47,A,20,1,155.0,0.25,65516
47,A,20,2,204.0,0.25,65516
47,A,20,3,233.0,0.25,65516
47,A,20,4,296.0,0.25,65516
47,A,20,5,405.0,0.25,65516
47,A,20,6,508.0,0.25,65516
47,A,20,7,524.0,0.25,65516
47,A,20,8,777.0,0.25,65516
47,A,20,9,913.0,0.25,65516
47,A,20,10,1140.0,0.25,65516
47,A,20,11,1344.0,0.25,65516
47,A,20,12,1683.0,0.25,65516
47,A,20,13,2160.0,0.25,65516
47,A,20,14,2963.0,0.25,65516
47,A,20,15,3657.0,0.25,65516
47,A,20,16,4136.0,0.25,65516
47,A,20,17,5159.0,0.25,65516
47,A,20,18,6396.0,0.25,65516
47,A,20,19,8174.0,0.25,65516
47,A,20,20,,0.25,65516
47,A,20,21,10901.0,0.25,65516
47,A,20,22,13568.0,0.25,65516
47,A,20,23,15998.0,0.25,65516
47,A,20,24,20507.0,0.25,65516
47,A,20,25,25391.0,0.25,65516
47,A,20,26,26282.0,0.25,65516
47,A,20,27,28889.0,0.25,65516
47,A,20,28,33097.0,0.25,65516
47,A,20,29,40807.0,0.25,65516
47,A,20,30,38545.0,0.25,65516
47,A,20,31,46445.0,0.25,65516
47,A,20,32,50433.0,0.25,65516
47,A,20,33,52117.0,0.25,65516
47,A,20,34,56289.0,0.25,65516
47,A,20,35,59825.0,0.25,65516
47,A,20,36,56959.0,0.25,65516
47,A,20,37,57922.0,0.25,65516
47,A,20,38,65106.0,0.25,65516
47,A,20,39,61376.0,0.25,65516
47,A,20,40,60422.0,0.25,65516
47,A,20,41,62696.0,0.25,65516
47,A,20,42,60674.0,0.25,65516
47,A,20,43,68182.0,0.25,65516
47,A,20,44,70597.0,0.25,65516
47,A,20,45,,0.25,65516
47,A,20,46,,0.25,65516
47,A,20,47,59205.0,0.25,65516
47,A,20,48,60903.0,0.25,65516
48,A,37,0,107.0,0.05,87677
48,A,37,1,,0.05,87677
48,A,37,2,126.0,0.05,87677
48,A,37,3,115.0,0.05,87677
48,A,37,4,131.0,0.05,87677
48,A,37,5,143.0,0.05,87677
48,A,37,6,,0.05,87677
48,A,37,7,152.0,0.05,87677
48,A,37,8,161.0,0.05,87677
48,A,37,9,152.0,0.05,87677
48,A,37,10,166.0,0.05,87677
48,A,37,11,202.0,0.05,87677
48,A,37,12,167.0,0.05,87677
48,A,37,13,196.0,0.05,87677
48,A,37,14,193.0,0.05,87677
48,A,37,15,210.0,0.05,87677
48,A,37,16,246.0,0.05,87677
48,A,37,17,252.0,0.05,87677
48,A,37,18,269.0,0.05,87677
48,A,37,19,253.0,0.05,87677
48,A,37,20,277.0,0.05,87677
48,A,37,21,310.0,0.05,87677
48,A,37,22,312.0,0.05,87677
48,A,37,23,348.0,0.05,87677
48,A,37,24,335.0,0.05,87677
48,A,37,25,353.0,0.05,87677
48,A,37,26,345.0,0.05,87677
48,A,37,27,377.0,0.05,87677
48,A,37,28,385.0,0.05,87677
48,A,37,29,436.0,0.05,87677
48,A,37,30,444.0,0.05,87677
48,A,37,31,475.0,0.05,87677
48,A,37,32,488.0,0.05,87677
48,A,37,33,523.0,0.05,87677
48,A,37,34,531.0,0.05,87677
48,A,37,35,581.0,0.05,87677
48,A,37,36,600.0,0.05,87677
48,A,37,37,646.0,0.05,87677
48,A,37,38,622.0,0.05,87677
48,A,37,39,621.0,0.05,87677
48,A,37,40,761.0,0.05,87677
48,A,37,41,766.0,0.05,87677
48,A,37,42,768.0,0.05,87677
48,A,37,43,830.0,0.05,87677
48,A,37,44,873.0,0.05,87677
48,A,37,45,986.0,0.05,87677
48,A,37,46,966.0,0.05,87677
48,A,37,47,1063.0,0.05,87677
48,A,37,48,1154.0,0.05,87677
49,A,30,0,140.0,0.25,69579
49,A,30,1,161.0,0.25,69579
49,A,30,2,191.0,0.25,69579
49,A,30,3,261.0,0.25,69579
49,A,30,4,307.0,0.25,69579
49,A,30,5,372.0,0.25,69579
49,A,30,6,452.0,0.25,69579
49,A,30,7,673.0,0.25,69579
49,A,30,8,792.0,0.25,69579
49,A,30,9,915.0,0.25,69579
49,A,30,10,1164.0,0.25,69579
49,A,30,11,1523.0,0.25,69579
49,A,30,12,1717.0,0.25,69579
49,A,30,13,,0.25,69579
49,A,30,14,2615.0,0.25,69579
49,A,30,15,3227.0,0.25,69579
49,A,30,16,4265.0,0.25,69579
49,A,30,17,5253.0,0.25,69579
49,A,30,18,6252.0,0.25,69579
49,A,30,19,8149.0,0.25,69579
49,A,30,20,9679.0,0.25,69579
49,A,30,21,12282.0,0.25,69579
49,A,30,22,13972.0,0.25,69579
49,A,30,23,16788.0,0.25,69579
49,A,30,24,20084.0,0.25,69579
49,A,30,25,24914.0,0.25,69579
49,A,30,26,27109.0,0.25,69579
49,A,30,27,33639.0,0.25,69579
49,A,30,28,36998.0,0.25,69579
49,A,30,29,36232.0,0.25,69579
49,A,30,30,45818.0,0.25,69579
49,A,30,31,47433.0,0.25,69579
49,A,30,32,56654.0,0.25,69579
49,A,30,33,54099.0,0.25,69579
49,A,30,34,60957.0,0.25,69579
49,A,30,35,59566.0,0.25,69579
49,A,30,36,66528.0,0.25,69579
49,A,30,37,63032.0,0.25,69579
49,A,30,38,73971.0,0.25,69579
49,A,30,39,61980.0,0.25,69579
49,A,30,40,69483.0,0.25,69579
49,A,30,41,66007.0,0.25,69579
49,A,30,42,66981.0,0.25,69579
49,A,30,43,63672.0,0.25,69579
49,A,30,44,65357.0,0.25,69579
49,A,30,45,61167.0,0.25,69579
49,A,30,46,69114.0,0.25,69579
49,A,30,47,70886.0,0.25,69579
49,A,30,48,67922.0,0.25,69579
50,B,30,0,136.0,0.4,120092
50,B,30,1,197.0,0.4,120092
50,B,30,2,268.0,0.4,120092
50,B,30,3,383.0,0.4,120092
50,B,30,4,542.0,0.4,120092
50,B,30,5,791.0,0.4,120092
50,B,30,6,,0.4,120092
50,B,30,7,1664.0,0.4,120092
50,B,30,8,2063.0,0.4,120092
50,B,30,9,2899.0,0.4,120092
50,B,30,10,4055.0,0.4,120092
50,B,30,11,,0.4,120092
50,B,30,12,8448.0,0.4,120092
50,B,30,13,11158.0,0.4,120092
50,B,30,14,13565.0,0.4,120092
50,B,30,15,20011.0,0.4,120092
50,B,30,16,25522.0,0.4,120092
50,B,30,17,36398.0,0.4,120092
50,B,30,18,44468.0,0.4,120092
50,B,30,19,50734.0,0.4,120092
50,B,30,20,69119.0,0.4,120092
50,B,30,21,89434.0,0.4,120092
50,B,30,22,88782.0,0.4,120092
50,B,30,23,89085.0,0.4,120092
50,B,30,24,114876.0,0.4,120092
50,B,30,25,106845.0,0.4,120092
50,B,30,26,120778.0,0.4,120092
50,B,30,27,,0.4,120092
50,B,30,28,112817.0,0.4,120092
50,B,30,29,117438.0,0.4,120092
50,B,30,30,112559.0,0.4,120092
50,B,30,31,118174.0,0.4,120092
50,B,30,32,122601.0,0.4,120092
50,B,30,33,113369.0,0.4,120092
50,B,30,34,127594.0,0.4,120092
50,B,30,35,130908.0,0.4,120092
50,B,30,36,112354.0,0.4,120092
50,B,30,37,126925.0,0.4,120092
50,B,30,38,119798.0,0.4,120092
50,B,30,39,112722.0,0.4,120092
50,B,30,40,119304.0,0.4,120092
50,B,30,41,121264.0,0.4,120092
50,B,30,42,114755.0,0.4,120092
50,B,30,43,118086.0,0.4,120092
50,B,30,44,119014.0,0.4,120092
50,B,30,45,126748.0,0.4,120092
50,B,30,46,118858.0,0.4,120092
50,B,30,47,121900.0,0.4,120092
50,B,30,48,123451.0,0.4,120092
51,A,20,0,117.0,0.25,134271
51,A,20,1,157.0,0.25,134271
51,A,20,2,189.0,0.25,134271
51,A,20,3,248.0,0.25,134271
51,A,20,4,284.0,0.25,134271
51,A,20,5,378.0,0.25,134271
51,A,20,6,470.0,0.25,134271
51,A,20,7,619.0,0.25,134271
51,A,20,8,752.0,0.25,134271
51,A,20,9,933.0,0.25,134271
51,A,20,10,1211.0,0.25,134271
51,A,20,11,1423.0,0.25,134271
51,A,20,12,1777.0,0.25,134271
51,A,20,13,2258.0,0.25,134271
51,A,20,14,2940.0,0.25,134271
51,A,20,15,3654.0,0.25,134271
51,A,20,16,4447.0,0.25,134271
51,A,20,17,5349.0,0.25,134271
51,A,20,18,7109.0,0.25,134271
51,A,20,19,7732.0,0.25,134271
51,A,20,20,9524.0,0.25,134271
51,A,20,21,12401.0,0.25,134271
51,A,20,22,16590.0,0.25,134271
51,A,20,23,20399.0,0.25,134271
51,A,20,24,22985.0,0.25,134271
51,A,20,25,24864.0,0.25,134271
51,A,20,26,32616.0,0.25,134271
51,A,20,27,40407.0,0.25,134271
51,A,20,28,42896.0,0.25,134271
51,A,20,29,51423.0,0.25,134271
51,A,20,30,66584.0,0.25,134271
51,A,20,31,68433.0,0.25,134271
51,A,20,32,82127.0,0.25,134271
51,A,20,33,82035.0,0.25,134271
51,A,20,34,90617.0,0.25,134271
51,A,20,35,100023.0,0.25,134271
51,A,20,36,111119.0,0.25,134271
51,A,20,37,112068.0,0.25,134271
51,A,20,38,115944.0,0.25,134271
51,A,20,39,116420.0,0.25,134271
51,A,20,40,129769.0,0.25,134271
51,A,20,41,117667.0,0.25,134271
51,A,20,42,130101.0,0.25,134271
51,A,20,43,120509.0,0.25,134271
51,A,20,44,138740.0,0.25,134271
51,A,20,45,122523.0,0.25,134271
51,A,20,46,129599.0,0.25,134271
51,A,20,47,124131.0,0.25,134271
51,A,20,48,135806.0,0.25,134271
52,A,37,0,114.0,0.05,118920
52,A,37,1,107.0,0.05,118920
52,A,37,2,,0.05,118920
52,A,37,3,,0.05,118920
52,A,37,4,126.0,0.05,118920
52,A,37,5,143.0,0.05,118920
52,A,37,6,136.0,0.05,118920
52,A,37,7,147.0,0.05,118920
52,A,37,8,164.0,0.05,118920
52,A,37,9,153.0,0.05,118920
52,A,37,10,167.0,0.05,118920
52,A,37,11,168.0,0.05,118920
52,A,37,12,205.0,0.05,118920
52,A,37,13,187.0,0.05,118920
52,A,37,14,222.0,0.05,118920
52,A,37,15,209.0,0.05,118920
52,A,37,16,237.0,0.05,118920
52,A,37,17,246.0,0.05,118920
52,A,37,18,254.0,0.05,118920
52,A,37,19,279.0,0.05,118920
52,A,37,20,293.0,0.05,118920
52,A,37,21,301.0,0.05,118920
52,A,37,22,287.0,0.05,118920
52,A,37,23,298.0,0.05,118920
52,A,37,24,367.0,0.05,118920
52,A,37,25,378.0,0.05,118920
52,A,37,26,361.0,0.05,118920
52,A,37,27,409.0,0.05,118920
52,A,37,28,435.0,0.05,118920
52,A,37,29,442.0,0.05,118920
52,A,37,30,452.0,0.05,118920
52,A,37,31,484.0,0.05,118920
52,A,37,32,476.0,0.05,118920
52,A,37,33,518.0,0.05,118920
52,A,37,34,543.0,0.05,118920
52,A,37,35,526.0,0.05,118920
52,A,37,36,600.0,0.05,118920
52,A,37,37,651.0,0.05,118920
52,A,37,38,684.0,0.05,118920
52,A,37,39,738.0,0.05,118920
52,A,37,40,722.0,0.05,118920
52,A,37,41,745.0,0.05,118920
52,A,37,42,748.0,0.05,118920
52,A,37,43,849.0,0.05,118920
52,A,37,44,831.0,0.05,118920
52,A,37,45,879.0,0.05,118920
52,A,37,46,864.0,0.05,118920
52,A,37,47,1014.0,0.05,118920
52,A,37,48,1025.0,0.05,118920
53,A,30,0,123.0,0.25,134360
53,A,30,1,156.0,0.25,134360
53,A,30,2,191.0,0.25,134360
53,A,30,3,235.0,0.25,134360
53,A,30,4,299.0,0.25,134360
53,A,30,5,380.0,0.25,134360
53,A,30,6,486.0,0.25,134360
53,A,30,7,595.0,0.25,134360
53,A,30,8,731.0,0.25,134360
53,A,30,9,938.0,0.25,134360
53,A,30,10,1131.0,0.25,134360
53,A,30,11,1376.0,0.25,134360
53,A,30,12,1835.0,0.25,134360
53,A,30,13,2107.0,0.25,134360
53,A,30,14,2752.0,0.25,134360
53,A,30,15,3284.0,0.25,134360
53,A,30,16,4251.0,0.25,134360
53,A,30,17,5888.0,0.25,134360
53,A,30,18,6497.0,0.25,134360
53,A,30,19,8304.0,0.25,134360
53,A,30,20,10677.0,0.25,134360
53,A,30,21,12182.0,0.25,134360
53,A,30,22,16178.0,0.25,134360
53,A,30,23,18416.0,0.25,134360
53,A,30,24,22926.0,0.25,134360
53,A,30,25,24597.0,0.25,134360
53,A,30,26,33460.0,0.25,134360
53,A,30,27,39211.0,0.25,134360
53,A,30,28,47951.0,0.25,134360
53,A,30,29,51258.0,0.25,134360
53,A,30,30,58601.0,0.25,134360
53,A,30,31,71960.0,0.25,134360
53,A,30,32,85405.0,0.25,134360
53,A,30,33,82515.0,0.25,134360
53,A,30,34,92075.0,0.25,134360
53,A,30,35,109738.0,0.25,134360
53,A,30,36,106554.0,0.25,134360
53,A,30,37,,0.25,134360
53,A,30,38,122130.0,0.25,134360
53,A,30,39,123125.0,0.25,134360
53,A,30,40,126383.0,0.25,134360
53,A,30,41,116635.0,0.25,134360
53,A,30,42,130179.0,0.25,134360
53,A,30,43,130502.0,0.25,134360
53,A,30,44,123413.0,0.25,134360
53,A,30,45,114123.0,0.25,134360
53,A,30,46,145613.0,0.25,134360
53,A,30,47,138424.0,0.25,134360
53,A,30,48,121548.0,0.25,134360
54,A,37,0,103.0,0.05,59496
54,A,37,1,105.0,0.05,59496
54,A,37,2,125.0,0.05,59496
54,A,37,3,121.0,0.05,59496
54,A,37,4,125.0,0.05,59496
54,A,37,5,121.0,0.05,59496
54,A,37,6,139.0,0.05,59496
54,A,37,7,159.0,0.05,59496
54,A,37,8,143.0,0.05,59496
54,A,37,9,161.0,0.05,59496
54,A,37,10,149.0,0.05,59496
54,A,37,11,181.0,0.05,59496
54,A,37,12,201.0,0.05,59496
54,A,37,13,196.0,0.05,59496
54,A,37,14,220.0,0.05,59496
54,A,37,15,218.0,0.05,59496
54,A,37,16,,0.05,59496
54,A,37,17,229.0,0.05,59496
54,A,37,18,261.0,0.05,59496
54,A,37,19,281.0,0.05,59496
54,A,37,20,302.0,0.05,59496
54,A,37,21,307.0,0.05,59496
54,A,37,22,302.0,0.05,59496
54,A,37,23,313.0,0.05,59496
54,A,37,24,350.0,0.05,59496
54,A,37,25,351.0,0.05,59496
54,A,37,26,336.0,0.05,59496
54,A,37,27,406.0,0.05,59496
54,A,37,28,416.0,0.05,59496
54,A,37,29,443.0,0.05,59496
54,A,37,30,458.0,0.05,59496
54,A,37,31,22150.0,0.05,59496
54,A,37,32,518.0,0.05,59496
54,A,37,33,510.0,0.05,59496
54,A,37,34,516.0,0.05,59496
54,A,37,35,610.0,0.05,59496
54,A,37,36,591.0,0.05,59496
54,A,37,37,625.0,0.05,59496
54,A,37,38,701.0,0.05,59496
54,A,37,39,736.0,0.05,59496
54,A,37,40,691.0,0.05,59496
54,A,37,41,719.0,0.05,59496
54,A,37,42,833.0,0.05,59496
54,A,37,43,827.0,0.05,59496
54,A,37,44,904.0,0.05,59496
54,A,37,45,912.0,0.05,59496
54,A,37,46,953.0,0.05,59496
54,A,37,47,1079.0,0.05,59496
54,A,37,48,1062.0,0.05,59496
55,A,30,0,117.0,0.25,87331
55,A,30,1,144.0,0.25,87331
55,A,30,2,199.0,0.25,87331
55,A,30,3,222.0,0.25,87331
55,A,30,4,311.0,0.25,87331
55,A,30,5,393.0,0.25,87331
55,A,30,6,476.0,0.25,87331
55,A,30,7,601.0,0.25,87331
55,A,30,8,679.0,0.25,87331
55,A,30,9,897.0,0.25,87331
55,A,30,10,1263.0,0.25,87331
55,A,30,11,1278.0,0.25,87331
55,A,30,12,1626.0,0.25,87331
55,A,30,13,2218.0,0.25,87331
55,A,30,14,2632.0,0.25,87331
55,A,30,15,2819.0,0.25,87331
55,A,30,16,4465.0,0.25,87331
55,A,30,17,5297.0,0.25,87331
55,A,30,18,6439.0,0.25,87331
55,A,30,19,8364.0,0.25,87331
55,A,30,20,10299.0,0.25,87331
55,A,30,21,11793.0,0.25,87331
55,A,30,22,13843.0,0.25,87331
55,A,30,23,17490.0,0.25,87331
55,A,30,24,20443.0,0.25,87331
55,A,30,25,25432.0,0.25,87331
55,A,30,26,29130.0,0.25,87331
55,A,30,27,37220.0,0.25,87331
55,A,30,28,,0.25,87331
55,A,30,29,44768.0,0.25,87331
55,A,30,30,54043.0,0.25,87331
55,A,30,31,55024.0,0.25,87331
55,A,30,32,56857.0,0.25,87331
55,A,30,33,67565.0,0.25,87331
55,A,30,34,62731.0,0.25,87331
55,A,30,35,72486.0,0.25,87331
55,A,30,36,77049.0,0.25,87331
55,A,30,37,75671.0,0.25,87331
55,A,30,38,80465.0,0.25,87331
55,A,30,39,85985.0,0.25,87331
55,A,30,40,82978.0,0.25,87331
55,A,30,41,80194.0,0.25,87331
55,A,30,42,88509.0,0.25,87331
55,A,30,43,,0.25,87331
55,A,30,44,89799.0,0.25,87331
55,A,30,45,,0.25,87331
55,A,30,46,87208.0,0.25,87331
55,A,30,47,86022.0,0.25,87331
55,A,30,48,83041.0,0.25,87331
56,C,20,0,100.0,0.05,117718
56,C,20,1,107.0,0.05,117718
56,C,20,2,123.0,0.05,117718
56,C,20,3,121.0,0.05,117718
56,C,20,4,127.0,0.05,117718
56,C,20,5,118.0,0.05,117718
56,C,20,6,134.0,0.05,117718
56,C,20,7,132.0,0.05,117718
56,C,20,8,158.0,0.05,117718
56,C,20,9,179.0,0.05,117718
56,C,20,10,177.0,0.05,117718
56,C,20,11,183.0,0.05,117718
56,C,20,12,197.0,0.05,117718
56,C,20,13,202.0,0.05,117718
56,C,20,14,207.0,0.05,117718
56,C,20,15,214.0,0.05,117718
56,C,20,16,205.0,0.05,117718
56,C,20,17,246.0,0.05,117718
56,C,20,18,269.0,0.05,117718
56,C,20,19,250.0,0.05,117718
56,C,20,20,281.0,0.05,117718
56,C,20,21,288.0,0.05,117718
56,C,20,22,320.0,0.05,117718
56,C,20,23,319.0,0.05,117718
56,C,20,24,340.0,0.05,117718
56,C,20,25,383.0,0.05,117718
56,C,20,26,386.0,0.05,117718
56,C,20,27,364.0,0.05,117718
56,C,20,28,442.0,0.05,117718
56,C,20,29,415.0,0.05,117718
56,C,20,30,497.0,0.05,117718
56,C,20,31,502.0,0.05,117718
56,C,20,32,534.0,0.05,117718
56,C,20,33,471.0,0.05,117718
56,C,20,34,593.0,0.05,117718
56,C,20,35,577.0,0.05,117718
56,C,20,36,577.0,0.05,117718
56,C,20,37,615.0,0.05,117718
56,C,20,38,612.0,0.05,117718
56,C,20,39,640.0,0.05,117718
56,C,20,40,755.0,0.05,117718
56,C,20,41,783.0,0.05,117718
56,C,20,42,796.0,0.05,117718
56,C,20,43,907.0,0.05,117718
56,C,20,44,881.0,0.05,117718
56,C,20,45,926.0,0.05,117718
56,C,20,46,1073.0,0.05,117718
56,C,20,47,964.0,0.05,117718
56,C,20,48,1109.0,0.05,117718
57,B,37,0,117.0,0.19,72744
57,B,37,1,138.0,0.19,72744
57,B,37,2,163.0,0.19,72744
57,B,37,3,216.0,0.19,72744
57,B,37,4,241.0,0.19,72744
57,B,37,5,284.0,0.19,72744
57,B,37,6,342.0,0.19,72744
57,B,37,7,382.0,0.19,72744
57,B,37,8,470.0,0.19,72744
57,B,37,9,595.0,0.19,72744
57,B,37,10,719.0,0.19,72744
57,B,37,11,819.0,0.19,72744
57,B,37,12,993.0,0.19,72744
57,B,37,13,,0.19,72744
57,B,37,14,1303.0,0.19,72744
57,B,37,15,1528.0,0.19,72744
57,B,37,16,1818.0,0.19,72744
57,B,37,17,2171.0,0.19,72744
57,B,37,18,2949.0,0.19,72744
57,B,37,19,3132.0,0.19,72744
57,B,37,20,3515.0,0.19,72744
57,B,37,21,4271.0,0.19,72744
57,B,37,22,5604.0,0.19,72744
57,B,37,23,5838.0,0.19,72744
57,B,37,24,,0.19,72744
57,B,37,25,8300.0,0.19,72744
57,B,37,26,9515.0,0.19,72744
57,B,37,27,11686.0,0.19,72744
57,B,37,28,13671.0,0.19,72744
57,B,37,29,15591.0,0.19,72744
57,B,37,30,17620.0,0.19,72744
57,B,37,31,18785.0,0.19,72744
57,B,37,32,22106.0,0.19,72744
57,B,37,33,25895.0,0.19,72744
57,B,37,34,28064.0,0.19,72744
57,B,37,35,31389.0,0.19,72744
57,B,37,36,35007.0,0.19,72744
57,B,37,37,37184.0,0.19,72744
57,B,37,38,43539.0,0.19,72744
57,B,37,39,49394.0,0.19,72744
57,B,37,40,52503.0,0.19,72744
57,B,37,41,53027.0,0.19,72744
57,B,37,42,56400.0,0.19,72744
57,B,37,43,56113.0,0.19,72744
57,B,37,44,53235.0,0.19,72744
57,B,37,45,63093.0,0.19,72744
57,B,37,46,65666.0,0.19,72744
57,B,37,47,70055.0,0.19,72744
57,B,37,48,65495.0,0.19,72744
58,C,25,0,106.0,0.05,137409
58,C,25,1,115.0,0.05,137409
58,C,25,2,115.0,0.05,137409
58,C,25,3,120.0,0.05,137409
58,C,25,4,124.0,0.05,137409
58,C,25,5,130.0,0.05,137409
58,C,25,6,143.0,0.05,137409
58,C,25,7,134.0,0.05,137409
58,C,25,8,163.0,0.05,137409
58,C,25,9,168.0,0.05,137409
58,C,25,10,166.0,0.05,137409
58,C,25,11,173.0,0.05,137409
58,C,25,12,174.0,0.05,137409
58,C,25,13,207.0,0.05,137409
58,C,25,14,194.0,0.05,137409
58,C,25,15,217.0,0.05,137409
58,C,25,16,241.0,0.05,137409
58,C,25,17,236.0,0.05,137409
58,C,25,18,262.0,0.05,137409
58,C,25,19,275.0,0.05,137409
58,C,25,20,283.0,0.05,137409
58,C,25,21,302.0,0.05,137409
58,C,25,22,312.0,0.05,137409
58,C,25,23,317.0,0.05,137409
58,C,25,24,334.0,0.05,137409
58,C,25,25,357.0,0.05,137409
58,C,25,26,388.0,0.05,137409
58,C,25,27,391.0,0.05,137409
58,C,25,28,428.0,0.05,137409
58,C,25,29,408.0,0.05,137409
58,C,25,30,455.0,0.05,137409
58,C,25,31,435.0,0.05,137409
58,C,25,32,530.0,0.05,137409
58,C,25,33,551.0,0.05,137409
58,C,25,34,516.0,0.05,137409
58,C,25,35,565.0,0.05,137409
58,C,25,36,629.0,0.05,137409
58,C,25,37,591.0,0.05,137409
58,C,25,38,631.0,0.05,137409
58,C,25,39,627.0,0.05,137409
58,C,25,40,714.0,0.05,137409
58,C,25,41,815.0,0.05,137409
58,C,25,42,790.0,0.05,137409
58,C,25,43,855.0,0.05,137409
58,C,25,44,833.0,0.05,137409
58,C,25,45,845.0,0.05,137409
58,C,25,46,1001.0,0.05,137409
58,C,25,47,1047.0,0.05,137409
58,C,25,48,1048.0,0.05,137409
59,A,20,0,132.0,0.25,127366
59,A,20,1,154.0,0.25,127366
59,A,20,2,189.0,0.25,127366
59,A,20,3,230.0,0.25,127366
59,A,20,4,,0.25,127366
59,A,20,5,384.0,0.25,127366
59,A,20,6,501.0,0.25,127366
59,A,20,7,615.0,0.25,127366
59,A,20,8,646.0,0.25,127366
59,A,20,9,1010.0,0.25,127366
59,A,20,10,1089.0,0.25,127366
59,A,20,11,1436.0,0.25,127366
59,A,20,12,1858.0,0.25,127366
59,A,20,13,2290.0,0.25,127366
59,A,20,14,2883.0,0.25,127366
59,A,20,15,3368.0,0.25,127366
59,A,20,16,4310.0,0.25,127366
59,A,20,17,5183.0,0.25,127366
59,A,20,18,6287.0,0.25,127366
59,A,20,19,9082.0,0.25,127366
59,A,20,20,10923.0,0.25,127366
59,A,20,21,11841.0,0.25,127366
59,A,20,22,14827.0,0.25,127366
59,A,20,23,,0.25,127366
59,A,20,24,24578.0,0.25,127366
59,A,20,25,28379.0,0.25,127366
59,A,20,26,31054.0,0.25,127366
59,A,20,27,35042.0,0.25,127366
59,A,20,28,43749.0,0.25,127366
59,A,20,29,51496.0,0.25,127366
59,A,20,30,60612.0,0.25,127366
59,A,20,31,67270.0,0.25,127366
59,A,20,32,75234.0,0.25,127366
59,A,20,33,87780.0,0.25,127366
59,A,20,34,90393.0,0.25,127366
59,A,20,35,96360.0,0.25,127366
59,A,20,36,106233.0,0.25,127366
59,A,20,37,109582.0,0.25,127366
59,A,20,38,113680.0,0.25,127366
59,A,20,39,116023.0,0.25,127366
59,A,20,40,112489.0,0.25,127366
59,A,20,41,120336.0,0.25,127366
59,A,20,42,129864.0,0.25,127366
59,A,20,43,117688.0,0.25,127366
59,A,20,44,127232.0,0.25,127366
59,A,20,45,126828.0,0.25,127366
59,A,20,46,126886.0,0.25,127366
59,A,20,47,136400.0,0.25,127366
59,A,20,48,127713.0,0.25,127366
60,A,30,0,131.0,0.25,147336
60,A,30,1,156.0,0.25,147336
60,A,30,2,208.0,0.25,147336
60,A,30,3,225.0,0.25,147336
60,A,30,4,296.0,0.25,147336
60,A,30,5,377.0,0.25,147336
60,A,30,6,470.0,0.25,147336
60,A,30,7,614.0,0.25,147336
60,A,30,8,799.0,0.25,147336
60,A,30,9,993.0,0.25,147336
60,A,30,10,1043.0,0.25,147336
60,A,30,11,1373.0,0.25,147336
60,A,30,12,,0.25,147336
60,A,30,13,2109.0,0.25,147336
60,A,30,14,2807.0,0.25,147336
60,A,30,15,3811.0,0.25,147336
60,A,30,16,4135.0,0.25,147336
60,A,30,17,5677.0,0.25,147336
60,A,30,18,6565.0,0.25,147336
60,A,30,19,8125.0,0.25,147336
60,A,30,20,10381.0,0.25,147336
60,A,30,21,11443.0,0.25,147336
60,A,30,22,14415.0,0.25,147336
60,A,30,23,19836.0,0.25,147336
60,A,30,24,22713.0,0.25,147336
60,A,30,25,29927.0,0.25,147336
60,A,30,26,33388.0,0.25,147336
60,A,30,27,40072.0,0.25,147336
60,A,30,28,49014.0,0.25,147336
60,A,30,29,49793.0,0.25,147336
60,A,30,30,61840.0,0.25,147336
60,A,30,31,72363.0,0.25,147336
60,A,30,32,86456.0,0.25,147336
60,A,30,33,88358.0,0.25,147336
60,A,30,34,96364.0,0.25,147336
60,A,30,35,106730.0,0.25,147336
60,A,30,36,120729.0,0.25,147336
60,A,30,37,122730.0,0.25,147336
60,A,30,38,126945.0,0.25,147336
60,A,30,39,134425.0,0.25,147336
60,A,30,40,146799.0,0.25,147336
60,A,30,41,132071.0,0.25,147336
60,A,30,42,143859.0,0.25,147336
60,A,30,43,133299.0,0.25,147336
60,A,30,44,150120.0,0.25,147336
60,A,30,45,143124.0,0.25,147336
60,A,30,46,140912.0,0.25,147336
60,A,30,47,153401.0,0.25,147336
60,A,30,48,141787.0,0.25,147336
61,C,25,0,109.0,0.05,129168
61,C,25,1,115.0,0.05,129168
61,C,25,2,127.0,0.05,129168
61,C,25,3,119.0,0.05,129168
61,C,25,4,127.0,0.05,129168
61,C,25,5,139.0,0.05,129168
61,C,25,6,143.0,0.05,129168
61,C,25,7,139.0,0.05,129168
61,C,25,8,151.0,0.05,129168
61,C,25,9,161.0,0.05,129168
61,C,25,10,170.0,0.05,129168
61,C,25,11,189.0,0.05,129168
61,C,25,12,180.0,0.05,129168
61,C,25,13,210.0,0.05,129168
61,C,25,14,201.0,0.05,129168
61,C,25,15,224.0,0.05,129168
61,C,25,16,235.0,0.05,129168
61,C,25,17,241.0,0.05,129168
61,C,25,18,250.0,0.05,129168
61,C,25,19,268.0,0.05,129168
61,C,25,20,279.0,0.05,129168
61,C,25,21,261.0,0.05,129168
61,C,25,22,317.0,0.05,129168
61,C,25,23,313.0,0.05,129168
61,C,25,24,354.0,0.05,129168
61,C,25,25,364.0,0.05,129168
61,C,25,26,413.0,0.05,129168
61,C,25,27,368.0,0.05,129168
61,C,25,28,428.0,0.05,129168
61,C,25,29,413.0,0.05,129168
61,C,25,30,444.0,0.05,129168
61,C,25,31,,0.05,129168
61,C,25,32,507.0,0.05,129168
61,C,25,33,554.0,0.05,129168
61,C,25,34,527.0,0.05,129168
61,C,25,35,528.0,0.05,129168
61,C,25,36,563.0,0.05,129168
61,C,25,37,639.0,0.05,129168
61,C,25,38,691.0,0.05,129168
61,C,25,39,656.0,0.05,129168
61,C,25,40,712.0,0.05,129168
61,C,25,41,737.0,0.05,129168
61,C,25,42,865.0,0.05,129168
61,C,25,43,864.0,0.05,129168
61,C,25,44,894.0,0.05,129168
61,C,25,45,938.0,0.05,129168
61,C,25,46,1065.0,0.05,129168
61,C,25,47,990.0,0.05,129168
61,C,25,48,1177.0,0.05,129168
62,A,20,0,135.0,0.25,88822
62,A,20,1,152.0,0.25,88822
62,A,20,2,213.0,0.25,88822
62,A,20,3,228.0,0.25,88822
62,A,20,4,291.0,0.25,88822
62,A,20,5,,0.25,88822
62,A,20,6,462.0,0.25,88822
62,A,20,7,634.0,0.25,88822
62,A,20,8,633.0,0.25,88822
62,A,20,9,868.0,0.25,88822
62,A,20,10,1198.0,0.25,88822
62,A,20,11,1442.0,0.25,88822
62,A,20,12,1758.0,0.25,88822
62,A,20,13,2063.0,0.25,88822
62,A,20,14,2850.0,0.25,88822
62,A,20,15,3213.0,0.25,88822
62,A,20,16,4506.0,0.25,88822
62,A,20,17,5450.0,0.25,88822
62,A,20,18,6033.0,0.25,88822
62,A,20,19,8321.0,0.25,88822
62,A,20,20,9434.0,0.25,88822
62,A,20,21,12462.0,0.25,88822
62,A,20,22,15167.0,0.25,88822
62,A,20,23,17796.0,0.25,88822
62,A,20,24,22528.0,0.25,88822
62,A,20,25,26728.0,0.25,88822
62,A,20,26,32100.0,0.25,88822
62,A,20,27,32734.0,0.25,88822
62,A,20,28,44140.0,0.25,88822
62,A,20,29,43586.0,0.25,88822
62,A,20,30,51533.0,0.25,88822
62,A,20,31,58109.0,0.25,88822
62,A,20,32,59092.0,0.25,88822
62,A,20,33,67278.0,0.25,88822
62,A,20,34,70500.0,0.25,88822
62,A,20,35,78981.0,0.25,88822
62,A,20,36,76387.0,0.25,88822
62,A,20,37,74137.0,0.25,88822
62,A,20,38,81920.0,0.25,88822
62,A,20,39,85592.0,0.25,88822
62,A,20,40,88045.0,0.25,88822
62,A,20,41,84923.0,0.25,88822
62,A,20,42,83491.0,0.25,88822
62,A,20,43,95627.0,0.25,88822
62,A,20,44,94323.0,0.25,88822
62,A,20,45,91720.0,0.25,88822
62,A,20,46,87313.0,0.25,88822
62,A,20,47,85278.0,0.25,88822
62,A,20,48,83546.0,0.25,88822
63,B,30,0,146.0,0.4,73538
63,B,30,1,191.0,0.4,73538
63,B,30,2,281.0,0.4,73538
63,B,30,3,378.0,0.4,73538
63,B,30,4,532.0,0.4,73538
63,B,30,5,774.0,0.4,73538
63,B,30,6,1031.0,0.4,73538
63,B,30,7,1462.0,0.4,73538
63,B,30,8,2011.0,0.4,73538
63,B,30,9,2994.0,0.4,73538
63,B,30,10,4128.0,0.4,73538
63,B,30,11,5158.0,0.4,73538
63,B,30,12,7434.0,0.4,73538
63,B,30,13,10115.0,0.4,73538
63,B,30,14,11930.0,0.4,73538
63,B,30,15,17960.0,0.4,73538
63,B,30,16,25398.0,0.4,73538
63,B,30,17,29309.0,0.4,73538
63,B,30,18,36029.0,0.4,73538
63,B,30,19,45113.0,0.4,73538
63,B,30,20,53759.0,0.4,73538
63,B,30,21,58100.0,0.4,73538
63,B,30,22,59706.0,0.4,73538
63,B,30,23,64496.0,0.4,73538
63,B,30,24,65828.0,0.4,73538
63,B,30,25,77691.0,0.4,73538
63,B,30,26,70547.0,0.4,73538
63,B,30,27,69542.0,0.4,73538
63,B,30,28,71702.0,0.4,73538
63,B,30,29,79195.0,0.4,73538
63,B,30,30,72141.0,0.4,73538
63,B,30,31,71916.0,0.4,73538
63,B,30,32,74033.0,0.4,73538
63,B,30,33,75003.0,0.4,73538
63,B,30,34,71742.0,0.4,73538
63,B,30,35,71845.0,0.4,73538
63,B,30,36,69897.0,0.4,73538
63,B,30,37,71165.0,0.4,73538
63,B,30,38,79822.0,0.4,73538
63,B,30,39,69385.0,0.4,73538
63,B,30,40,71820.0,0.4,73538
63,B,30,41,76783.0,0.4,73538
63,B,30,42,68193.0,0.4,73538
63,B,30,43,73257.0,0.4,73538
63,B,30,44,76268.0,0.4,73538
63,B,30,45,78265.0,0.4,73538
63,B,30,46,77913.0,0.4,73538
63,B,30,47,66414.0,0.4,73538
63,B,30,48,75632.0,0.4,73538
64,B,37,0,114.0,0.19,61849
64,B,37,1,149.0,0.19,61849
64,B,37,2,177.0,0.19,61849
64,B,37,3,195.0,0.19,61849
64,B,37,4,216.0,0.19,61849
64,B,37,5,284.0,0.19,61849
64,B,37,6,372.0,0.19,61849
64,B,37,7,388.0,0.19,61849
64,B,37,8,505.0,0.19,61849
64,B,37,9,602.0,0.19,61849
64,B,37,10,681.0,0.19,61849
64,B,37,11,775.0,0.19,61849
64,B,37,12,925.0,0.19,61849
64,B,37,13,1126.0,0.19,61849
64,B,37,14,1297.0,0.19,61849
64,B,37,15,1657.0,0.19,61849
64,B,37,16,1933.0,0.19,61849
64,B,37,17,2433.0,0.19,61849
64,B,37,18,2589.0,0.19,61849
64,B,37,19,3272.0,0.19,61849
64,B,37,20,3569.0,0.19,61849
64,B,37,21,4215.0,0.19,61849
64,B,37,22,5648.0,0.19,61849
64,B,37,23,6377.0,0.19,61849
64,B,37,24,6852.0,0.19,61849
64,B,37,25,7460.0,0.19,61849
64,B,37,26,9170.0,0.19,61849
64,B,37,27,11291.0,0.19,61849
64,B,37,28,13258.0,0.19,61849
64,B,37,29,14668.0,0.19,61849
64,B,37,30,15925.0,0.19,61849
64,B,37,31,19281.0,0.19,61849
64,B,37,32,20403.0,0.19,61849
64,B,37,33,26106.0,0.19,61849
64,B,37,34,28898.0,0.19,61849
64,B,37,35,28921.0,0.19,61849
64,B,37,36,34127.0,0.19,61849
64,B,37,37,37430.0,0.19,61849
64,B,37,38,40569.0,0.19,61849
64,B,37,39,40409.0,0.19,61849
64,B,37,40,45882.0,0.19,61849
64,B,37,41,47583.0,0.19,61849
64,B,37,42,,0.19,61849
64,B,37,43,51139.0,0.19,61849
64,B,37,44,51049.0,0.19,61849
64,B,37,45,49432.0,0.19,61849
64,B,37,46,57535.0,0.19,61849
64,B,37,47,58418.0,0.19,61849
64,B,37,48,58961.0,0.19,61849
65,B,20,0,109.0,0.1,88363
65,B,20,1,125.0,0.1,88363
65,B,20,2,126.0,0.1,88363
65,B,20,3,147.0,0.1,88363
65,B,20,4,160.0,0.1,88363
65,B,20,5,168.0,0.1,88363
65,B,20,6,193.0,0.1,88363
65,B,20,7,210.0,0.1,88363
65,B,20,8,238.0,0.1,88363
65,B,20,9,237.0,0.1,88363
65,B,20,10,279.0,0.1,88363
65,B,20,11,322.0,0.1,88363
65,B,20,12,325.0,0.1,88363
65,B,20,13,362.0,0.1,88363
65,B,20,14,463.0,0.1,88363
65,B,20,15,458.0,0.1,88363
65,B,20,16,483.0,0.1,88363
65,B,20,17,522.0,0.1,88363
65,B,20,18,596.0,0.1,88363
65,B,20,19,631.0,0.1,88363
65,B,20,20,705.0,0.1,88363
65,B,20,21,709.0,0.1,88363
65,B,20,22,881.0,0.1,88363
65,B,20,23,984.0,0.1,88363
65,B,20,24,1088.0,0.1,88363
65,B,20,25,1157.0,0.1,88363
65,B,20,26,1193.0,0.1,88363
65,B,20,27,1433.0,0.1,88363
65,B,20,28,1623.0,0.1,88363
65,B,20,29,1636.0,0.1,88363
65,B,20,30,1817.0,0.1,88363
65,B,20,31,2005.0,0.1,88363
65,B,20,32,2409.0,0.1,88363
65,B,20,33,2536.0,0.1,88363
65,B,20,34,2718.0,0.1,88363
65,B,20,35,,0.1,88363
65,B,20,36,3602.0,0.1,88363
65,B,20,37,3406.0,0.1,88363
65,B,20,38,3843.0,0.1,88363
65,B,20,39,,0.1,88363
65,B,20,40,4381.0,0.1,88363
65,B,20,41,5568.0,0.1,88363
65,B,20,42,5692.0,0.1,88363
65,B,20,43,6330.0,0.1,88363
65,B,20,44,7029.0,0.1,88363
65,B,20,45,7155.0,0.1,88363
65,B,20,46,8138.0,0.1,88363
65,B,20,47,8893.0,0.1,88363
65,B,20,48,9141.0,0.1,88363
66,A,20,0,124.0,0.25,52184
66,A,20,1,149.0,0.25,52184
66,A,20,2,197.0,0.25,52184
66,A,20,3,239.0,0.25,52184
66,A,20,4,313.0,0.25,52184
66,A,20,5,391.0,0.25,52184
66,A,20,6,481.0,0.25,52184
66,A,20,7,629.0,0.25,52184
66,A,20,8,708.0,0.25,52184
66,A,20,9,939.0,0.25,52184
66,A,20,10,1188.0,0.25,52184
66,A,20,11,1414.0,0.25,52184
66,A,20,12,1903.0,0.25,52184
66,A,20,13,2323.0,0.25,52184
66,A,20,14,2521.0,0.25,52184
66,A,20,15,3198.0,0.25,52184
66,A,20,16,3924.0,0.25,52184
66,A,20,17,5222.0,0.25,52184
66,A,20,18,5595.0,0.25,52184
66,A,20,19,8196.0,0.25,52184
66,A,20,20,10257.0,0.25,52184
66,A,20,21,11162.0,0.25,52184
66,A,20,22,12773.0,0.25,52184
66,A,20,23,16388.0,0.25,52184
66,A,20,24,18088.0,0.25,52184
66,A,20,25,22107.0,0.25,52184
66,A,20,26,21394.0,0.25,52184
66,A,20,27,27603.0,0.25,52184
66,A,20,28,33359.0,0.25,52184
66,A,20,29,,0.25,52184
66,A,20,30,37141.0,0.25,52184
66,A,20,31,36722.0,0.25,52184
66,A,20,32,43625.0,0.25,52184
66,A,20,33,41101.0,0.25,52184
66,A,20,34,43302.0,0.25,52184
66,A,20,35,48924.0,0.25,52184
66,A,20,36,50835.0,0.25,52184
66,A,20,37,53339.0,0.25,52184
66,A,20,38,50973.0,0.25,52184
66,A,20,39,51275.0,0.25,52184
66,A,20,40,52670.0,0.25,52184
66,A,20,41,53866.0,0.25,52184
66,A,20,42,55067.0,0.25,52184
66,A,20,43,2623800.0,0.25,52184
66,A,20,44,52368.0,0.25,52184
66,A,20,45,51335.0,0.25,52184
66,A,20,46,50944.0,0.25,52184
66,A,20,47,54152.0,0.25,52184
66,A,20,48,53922.0,0.25,52184
67,B,30,0,132.0,0.4,90493
67,B,30,1,182.0,0.4,90493
67,B,30,2,268.0,0.4,90493
67,B,30,3,399.0,0.4,90493
67,B,30,4,564.0,0.4,90493
67,B,30,5,795.0,0.4,90493
67,B,30,6,1004.0,0.4,90493
67,B,30,7,1528.0,0.4,90493
67,B,30,8,1952.0,0.4,90493
67,B,30,9,2753.0,0.4,90493
67,B,30,10,3620.0,0.4,90493
67,B,30,11,5487.0,0.4,90493
67,B,30,12,8093.0,0.4,90493
67,B,30,13,9871.0,0.4,90493
67,B,30,14,13188.0,0.4,90493
67,B,30,15,19160.0,0.4,90493
67,B,30,16,23664.0,0.4,90493
67,B,30,17,31348.0,0.4,90493
67,B,30,18,39184.0,0.4,90493
67,B,30,19,45047.0,0.4,90493
67,B,30,20,56807.0,0.4,90493
67,B,30,21,66076.0,0.4,90493
67,B,30,22,73488.0,0.4,90493
67,B,30,23,74553.0,0.4,90493
67,B,30,24,80716.0,0.4,90493
67,B,30,25,79901.0,0.4,90493
67,B,30,26,93965.0,0.4,90493
67,B,30,27,94112.0,0.4,90493
67,B,30,28,89157.0,0.4,90493
67,B,30,29,101132.0,0.4,90493
67,B,30,30,83925.0,0.4,90493
67,B,30,31,96868.0,0.4,90493
67,B,30,32,86360.0,0.4,90493
67,B,30,33,91971.0,0.4,90493
67,B,30,34,93606.0,0.4,90493
67,B,30,35,91806.0,0.4,90493
67,B,30,36,94167.0,0.4,90493
67,B,30,37,87400.0,0.4,90493
67,B,30,38,92654.0,0.4,90493
67,B,30,39,89485.0,0.4,90493
67,B,30,40,100611.0,0.4,90493
67,B,30,41,79158.0,0.4,90493
67,B,30,42,93887.0,0.4,90493
67,B,30,43,93997.0,0.4,90493
67,B,30,44,89667.0,0.4,90493
67,B,30,45,90242.0,0.4,90493
67,B,30,46,92569.0,0.4,90493
67,B,30,47,96081.0,0.4,90493
67,B,30,48,91994.0,0.4,90493
68,C,30,0,116.0,0.19,135730
68,C,30,1,148.0,0.19,135730
68,C,30,2,174.0,0.19,135730
68,C,30,3,207.0,0.19,135730
68,C,30,4,230.0,0.19,135730
68,C,30,5,285.0,0.19,135730
68,C,30,6,351.0,0.19,135730
68,C,30,7,412.0,0.19,135730
68,C,30,8,475.0,0.19,135730
68,C,30,9,580.0,0.19,135730
68,C,30,10,627.0,0.19,135730
68,C,30,11,763.0,0.19,135730
68,C,30,12,1006.0,0.19,135730
68,C,30,13,989.0,0.19,135730
68,C,30,14,1391.0,0.19,135730
68,C,30,15,1638.0,0.19,135730
68,C,30,16,1848.0,0.19,135730
68,C,30,17,2284.0,0.19,135730
68,C,30,18,2602.0,0.19,135730
68,C,30,19,3158.0,0.19,135730
68,C,30,20,3927.0,0.19,135730
68,C,30,21,4508.0,0.19,135730
68,C,30,22,5621.0,0.19,135730
68,C,30,23,5974.0,0.19,135730
68,C,30,24,7930.0,0.19,135730
68,C,30,25,8855.0,0.19,135730
68,C,30,26,11057.0,0.19,135730
68,C,30,27,12232.0,0.19,135730
68,C,30,28,13345.0,0.19,135730
68,C,30,29,16446.0,0.19,135730
68,C,30,30,22060.0,0.19,135730
68,C,30,31,22678.0,0.19,135730
68,C,30,32,25367.0,0.19,135730
68,C,30,33,30881.0,0.19,135730
68,C,30,34,36398.0,0.19,135730
68,C,30,35,39845.0,0.19,135730
68,C,30,36,44566.0,0.19,135730
68,C,30,37,49018.0,0.19,135730
68,C,30,38,58410.0,0.19,135730
68,C,30,39,58622.0,0.19,135730
68,C,30,40,68218.0,0.19,135730
68,C,30,41,73857.0,0.19,135730
68,C,30,42,80613.0,0.19,135730
68,C,30,43,94474.0,0.19,135730
68,C,30,44,85914.0,0.19,135730
68,C,30,45,106156.0,0.19,135730
68,C,30,46,101654.0,0.19,135730
68,C,30,47,118431.0,0.19,135730
68,C,30,48,119315.0,0.19,135730
69,B,20,0,108.0,0.1,71877
69,B,20,1,126.0,0.1,71877
69,B,20,2,137.0,0.1,71877
69,B,20,3,140.0,0.1,71877
69,B,20,4,158.0,0.1,71877
69,B,20,5,185.0,0.1,71877
69,B,20,6,183.0,0.1,71877
69,B,20,7,198.0,0.1,71877
69,B,20,8,215.0,0.1,71877
69,B,20,9,276.0,0.1,71877
69,B,20,10,274.0,0.1,71877
69,B,20,11,310.0,0.1,71877
69,B,20,12,340.0,0.1,71877
69,B,20,13,398.0,0.1,71877
69,B,20,14,410.0,0.1,71877
69,B,20,15,465.0,0.1,71877
69,B,20,16,547.0,0.1,71877
69,B,20,17,,0.1,71877
69,B,20,18,672.0,0.1,71877
69,B,20,19,697.0,0.1,71877
69,B,20,20,708.0,0.1,71877
69,B,20,21,784.0,0.1,71877
69,B,20,22,897.0,0.1,71877
69,B,20,23,904.0,0.1,71877
69,B,20,24,997.0,0.1,71877
69,B,20,25,1224.0,0.1,71877
69,B,20,26,1276.0,0.1,71877
69,B,20,27,1414.0,0.1,71877
69,B,20,28,1618.0,0.1,71877
69,B,20,29,1734.0,0.1,71877
69,B,20,30,1937.0,0.1,71877
69,B,20,31,2276.0,0.1,71877
69,B,20,32,2185.0,0.1,71877
69,B,20,33,2751.0,0.1,71877
69,B,20,34,2762.0,0.1,71877
69,B,20,35,2992.0,0.1,71877
69,B,20,36,3231.0,0.1,71877
69,B,20,37,3719.0,0.1,71877
69,B,20,38,3694.0,0.1,71877
69,B,20,39,4603.0,0.1,71877
69,B,20,40,4949.0,0.1,71877
69,B,20,41,4766.0,0.1,71877
69,B,20,42,5397.0,0.1,71877
69,B,20,43,6188.0,0.1,71877
69,B,20,44,6684.0,0.1,71877
69,B,20,45,7713.0,0.1,71877
69,B,20,46,8060.0,0.1,71877
69,B,20,47,9687.0,0.1,71877
69,B,20,48,9334.0,0.1,71877
70,B,30,0,137.0,0.4,102780
70,B,30,1,191.0,0.4,102780
70,B,30,2,283.0,0.4,102780
70,B,30,3,414.0,0.4,102780
70,B,30,4,543.0,0.4,102780
70,B,30,5,747.0,0.4,102780
70,B,30,6,1020.0,0.4,102780
70,B,30,7,1447.0,0.4,102780
70,B,30,8,1988.0,0.4,102780
70,B,30,9,2919.0,0.4,102780
70,B,30,10,4020.0,0.4,102780
70,B,30,11,5180.0,0.4,102780
70,B,30,12,7497.0,0.4,102780
70,B,30,13,10991.0,0.4,102780
70,B,30,14,14060.0,0.4,102780
70,B,30,15,20773.0,0.4,102780
70,B,30,16,24174.0,0.4,102780
70,B,30,17,34839.0,0.4,102780
70,B,30,18,40154.0,0.4,102780
70,B,30,19,50409.0,0.4,102780
70,B,30,20,58250.0,0.4,102780
70,B,30,21,71700.0,0.4,102780
70,B,30,22,86785.0,0.4,102780
70,B,30,23,76678.0,0.4,102780
70,B,30,24,85095.0,0.4,102780
70,B,30,25,102480.0,0.4,102780
70,B,30,26,99276.0,0.4,102780
70,B,30,27,90154.0,0.4,102780
70,B,30,28,105248.0,0.4,102780
70,B,30,29,95036.0,0.4,102780
70,B,30,30,101750.0,0.4,102780
70,B,30,31,98551.0,0.4,102780
70,B,30,32,114312.0,0.4,102780
70,B,30,33,102370.0,0.4,102780
70,B,30,34,101929.0,0.4,102780
70,B,30,35,89741.0,0.4,102780
70,B,30,36,94436.0,0.4,102780
70,B,30,37,95244.0,0.4,102780
70,B,30,38,106215.0,0.4,102780
70,B,30,39,108124.0,0.4,102780
70,B,30,40,100381.0,0.4,102780
70,B,30,41,112172.0,0.4,102780
70,B,30,42,98610.0,0.4,102780
70,B,30,43,100186.0,0.4,102780
70,B,30,44,97353.0,0.4,102780
70,B,30,45,105830.0,0.4,102780
70,B,30,46,101329.0,0.4,102780
70,B,30,47,104580.0,0.4,102780
70,B,30,48,87855.0,0.4,102780
71,A,25,0,,0.4,65356
71,A,25,1,188.0,0.4,65356
71,A,25,2,275.0,0.4,65356
71,A,25,3,395.0,0.4,65356
71,A,25,4,552.0,0.4,65356
71,A,25,5,774.0,0.4,65356
71,A,25,6,991.0,0.4,65356
71,A,25,7,1474.0,0.4,65356
71,A,25,8,2064.0,0.4,65356
71,A,25,9,2953.0,0.4,65356
71,A,25,10,3983.0,0.4,65356
71,A,25,11,5158.0,0.4,65356
71,A,25,12,7633.0,0.4,65356
71,A,25,13,9218.0,0.4,65356
71,A,25,14,13035.0,0.4,65356
71,A,25,15,17107.0,0.4,65356
71,A,25,16,23024.0,0.4,65356
71,A,25,17,28105.0,0.4,65356
71,A,25,18,34933.0,0.4,65356
71,A,25,19,46522.0,0.4,65356
71,A,25,20,46332.0,0.4,65356
71,A,25,21,54975.0,0.4,65356
71,A,25,22,55520.0,0.4,65356
71,A,25,23,60041.0,0.4,65356
71,A,25,24,61771.0,0.4,65356
71,A,25,25,59819.0,0.4,65356
71,A,25,26,63894.0,0.4,65356
71,A,25,27,58144.0,0.4,65356
71,A,25,28,64601.0,0.4,65356
71,A,25,29,60815.0,0.4,65356
71,A,25,30,67584.0,0.4,65356
71,A,25,31,59373.0,0.4,65356
71,A,25,32,62878.0,0.4,65356
71,A,25,33,62468.0,0.4,65356
71,A,25,34,59463.0,0.4,65356
71,A,25,35,65070.0,0.4,65356
71,A,25,36,65830.0,0.4,65356
71,A,25,37,64870.0,0.4,65356
71,A,25,38,,0.4,65356
71,A,25,39,62700.0,0.4,65356
71,A,25,40,63552.0,0.4,65356
71,A,25,41,67358.0,0.4,65356
71,A,25,42,64236.0,0.4,65356
71,A,25,43,,0.4,65356
71,A,25,44,63256.0,0.4,65356
71,A,25,45,61481.0,0.4,65356
71,A,25,46,69433.0,0.4,65356
71,A,25,47,60576.0,0.4,65356
71,A,25,48,65387.0,0.4,65356
72,A,20,0,125.0,0.25,128762
72,A,20,1,150.0,0.25,128762
72,A,20,2,205.0,0.25,128762
72,A,20,3,255.0,0.25,128762
72,A,20,4,292.0,0.25,128762
72,A,20,5,359.0,0.25,128762
72,A,20,6,478.0,0.25,128762
72,A,20,7,563.0,0.25,128762
72,A,20,8,768.0,0.25,128762
72,A,20,9,894.0,0.25,128762
72,A,20,10,1063.0,0.25,128762
72,A,20,11,1420.0,0.25,128762
72,A,20,12,1796.0,0.25,128762
72,A,20,13,2393.0,0.25,128762
72,A,20,14,2812.0,0.25,128762
72,A,20,15,3514.0,0.25,128762
72,A,20,16,4486.0,0.25,128762
72,A,20,17,5165.0,0.25,128762
72,A,20,18,,0.25,128762
72,A,20,19,7728.0,0.25,128762
72,A,20,20,10000.0,0.25,128762
72,A,20,21,13540.0,0.25,128762
72,A,20,22,15933.0,0.25,128762
72,A,20,23,18794.0,0.25,128762
72,A,20,24,22481.0,0.25,128762
72,A,20,25,26407.0,0.25,128762
72,A,20,26,33765.0,0.25,128762
72,A,20,27,39071.0,0.25,128762
72,A,20,28,45615.0,0.25,128762
72,A,20,29,52611.0,0.25,128762
72,A,20,30,64304.0,0.25,128762
72,A,20,31,73806.0,0.25,128762
72,A,20,32,75674.0,0.25,128762
72,A,20,33,,0.25,128762
72,A,20,34,92994.0,0.25,128762
72,A,20,35,101114.0,0.25,128762
72,A,20,36,104427.0,0.25,128762
72,A,20,37,110513.0,0.25,128762
72,A,20,38,110878.0,0.25,128762
72,A,20,39,112705.0,0.25,128762
72,A,20,40,113067.0,0.25,128762
72,A,20,41,111110.0,0.25,128762
72,A,20,42,119436.0,0.25,128762
72,A,20,43,114001.0,0.25,128762
72,A,20,44,131475.0,0.25,128762
72,A,20,45,138779.0,0.25,128762
72,A,20,46,131811.0,0.25,128762
72,A,20,47,136061.0,0.25,128762
72,A,20,48,121100.0,0.25,128762
73,C,30,0,121.0,0.19,108519
73,C,30,1,143.0,0.19,108519
73,C,30,2,176.0,0.19,108519
73,C,30,3,195.0,0.19,108519
73,C,30,4,237.0,0.19,108519
73,C,30,5,278.0,0.19,108519
73,C,30,6,349.0,0.19,108519
73,C,30,7,392.0,0.19,108519
73,C,30,8,435.0,0.19,108519
73,C,30,9,558.0,0.19,108519
73,C,30,10,613.0,0.19,108519
73,C,30,11,772.0,0.19,108519
73,C,30,12,941.0,0.19,108519
73,C,30,13,1078.0,0.19,108519
73,C,30,14,1400.0,0.19,108519
73,C,30,15,1474.0,0.19,108519
73,C,30,16,1877.0,0.19,108519
73,C,30,17,2257.0,0.19,108519
73,C,30,18,2716.0,0.19,108519
73,C,30,19,3136.0,0.19,108519
73,C,30,20,4073.0,0.19,108519
73,C,30,21,4321.0,0.19,108519
73,C,30,22,5511.0,0.19,108519
73,C,30,23,5929.0,0.19,108519
73,C,30,24,7522.0,0.19,108519
73,C,30,25,8718.0,0.19,108519
73,C,30,26,10529.0,0.19,108519
73,C,30,27,11882.0,0.19,108519
73,C,30,28,13444.0,0.19,108519
73,C,30,29,16249.0,0.19,108519
73,C,30,30,18432.0,0.19,108519
73,C,30,31,21665.0,0.19,108519
73,C,30,32,24908.0,0.19,108519
73,C,30,33,28749.0,0.19,108519
73,C,30,34,33938.0,0.19,108519
73,C,30,35,36232.0,0.19,108519
73,C,30,36,39474.0,0.19,108519
73,C,30,37,45480.0,0.19,108519
73,C,30,38,54992.0,0.19,108519
73,C,30,39,56815.0,0.19,108519
73,C,30,40,58408.0,0.19,108519
73,C,30,41,65367.0,0.19,108519
73,C,30,42,72379.0,0.19,108519
73,C,30,43,80434.0,0.19,108519
73,C,30,44,81665.0,0.19,108519
73,C,30,45,88534.0,0.19,108519
73,C,30,46,92205.0,0.19,108519
73,C,30,47,88123.0,0.19,108519
73,C,30,48,96818.0,0.19,108519
74,B,25,0,114.0,0.25,127567
74,B,25,1,156.0,0.25,127567
74,B,25,2,190.0,0.25,127567
74,B,25,3,255.0,0.25,127567
74,B,25,4,288.0,0.25,127567
74,B,25,5,397.0,0.25,127567
74,B,25,6,448.0,0.25,127567
74,B,25,7,587.0,0.25,127567
74,B,25,8,747.0,0.25,127567
74,B,25,9,917.0,0.25,127567
74,B,25,10,1148.0,0.25,127567
74,B,25,11,1291.0,0.25,127567
74,B,25,12,1642.0,0.25,127567
74,B,25,13,2273.0,0.25,127567
74,B,25,14,2644.0,0.25,127567
74,B,25,15,3313.0,0.25,127567
74,B,25,16,4206.0,0.25,127567
74,B,25,17,5658.0,0.25,127567
74,B,25,18,6401.0,0.25,127567
74,B,25,19,8306.0,0.25,127567
74,B,25,20,10156.0,0.25,127567
74,B,25,21,13021.0,0.25,127567
74,B,25,22,14446.0,0.25,127567
74,B,25,23,19331.0,0.25,127567
74,B,25,24,23141.0,0.25,127567
74,B,25,25,26130.0,0.25,127567
74,B,25,26,31677.0,0.25,127567
74,B,25,27,35731.0,0.25,127567
74,B,25,28,43958.0,0.25,127567
74,B,25,29,51016.0,0.25,127567
74,B,25,30,60080.0,0.25,127567
74,B,25,31,63945.0,0.25,127567
74,B,25,32,73897.0,0.25,127567
74,B,25,33,77498.0,0.25,127567
74,B,25,34,97587.0,0.25,127567
74,B,25,35,91763.0,0.25,127567
74,B,25,36,110377.0,0.25,127567
74,B,25,37,112432.0,0.25,127567
74,B,25,38,117435.0,0.25,127567
74,B,25,39,111593.0,0.25,127567
74,B,25,40,124461.0,0.25,127567
74,B,25,41,117363.0,0.25,127567
74,B,25,42,125824.0,0.25,127567
74,B,25,43,119119.0,0.25,127567
74,B,25,44,120632.0,0.25,127567
74,B,25,45,124630.0,0.25,127567
74,B,25,46,125672.0,0.25,127567
74,B,25,47,119875.0,0.25,127567
74,B,25,48,133652.0,0.25,127567
75,B,30,0,131.0,0.4,96193
75,B,30,1,180.0,0.4,96193
75,B,30,2,267.0,0.4,96193
75,B,30,3,399.0,0.4,96193
75,B,30,4,538.0,0.4,96193
75,B,30,5,769.0,0.4,96193
75,B,30,6,1083.0,0.4,96193
75,B,30,7,1569.0,0.4,96193
75,B,30,8,1984.0,0.4,96193
75,B,30,9,2976.0,0.4,96193
75,B,30,10,3647.0,0.4,96193
75,B,30,11,5972.0,0.4,96193
75,B,30,12,7241.0,0.4,96193
75,B,30,13,9492.0,0.4,96193
75,B,30,14,13638.0,0.4,96193
75,B,30,15,17946.0,0.4,96193
75,B,30,16,24458.0,0.4,96193
75,B,30,17,31496.0,0.4,96193
75,B,30,18,38941.0,0.4,96193
75,B,30,19,51155.0,0.4,96193
75,B,30,20,56957.0,0.4,96193
75,B,30,21,68775.0,0.4,96193
75,B,30,22,78499.0,0.4,96193
75,B,30,23,81760.0,0.4,96193
75,B,30,24,87951.0,0.4,96193
75,B,30,25,89086.0,0.4,96193
75,B,30,26,93677.0,0.4,96193
75,B,30,27,97748.0,0.4,96193
75,B,30,28,92289.0,0.4,96193
75,B,30,29,102943.0,0.4,96193
75,B,30,30,98333.0,0.4,96193
75,B,30,31,,0.4,96193
75,B,30,32,100220.0,0.4,96193
75,B,30,33,100042.0,0.4,96193
75,B,30,34,102033.0,0.4,96193
75,B,30,35,96308.0,0.4,96193
75,B,30,36,88807.0,0.4,96193
75,B,30,37,97547.0,0.4,96193
75,B,30,38,101669.0,0.4,96193
75,B,30,39,103907.0,0.4,96193
75,B,30,40,93730.0,0.4,96193
75,B,30,41,109328.0,0.4,96193
75,B,30,42,98363.0,0.4,96193
75,B,30,43,98733.0,0.4,96193
75,B,30,44,89070.0,0.4,96193
75,B,30,45,105663.0,0.4,96193
75,B,30,46,87322.0,0.4,96193
75,B,30,47,101789.0,0.4,96193
75,B,30,48,101673.0,0.4,96193
76,A,37,0,111.0,0.05,82422
76,A,37,1,108.0,0.05,82422
76,A,37,2,119.0,0.05,82422
76,A,37,3,127.0,0.05,82422
76,A,37,4,124.0,0.05,82422
76,A,37,5,132.0,0.05,82422
76,A,37,6,130.0,0.05,82422
76,A,37,7,160.0,0.05,82422
76,A,37,8,156.0,0.05,82422
76,A,37,9,157.0,0.05,82422
76,A,37,10,160.0,0.05,82422
76,A,37,11,170.0,0.05,82422
76,A,37,12,207.0,0.05,82422
76,A,37,13,198.0,0.05,82422
76,A,37,14,213.0,0.05,82422
76,A,37,15,208.0,0.05,82422
76,A,37,16,,0.05,82422
76,A,37,17,241.0,0.05,82422
76,A,37,18,247.0,0.05,82422
76,A,37,19,266.0,0.05,82422
76,A,37,20,275.0,0.05,82422
76,A,37,21,315.0,0.05,82422
76,A,37,22,297.0,0.05,82422
76,A,37,23,301.0,0.05,82422
76,A,37,24,320.0,0.05,82422
76,A,37,25,368.0,0.05,82422
76,A,37,26,371.0,0.05,82422
76,A,37,27,388.0,0.05,82422
76,A,37,28,386.0,0.05,82422
76,A,37,29,444.0,0.05,82422
76,A,37,30,456.0,0.05,82422
76,A,37,31,511.0,0.05,82422
76,A,37,32,461.0,0.05,82422
76,A,37,33,577.0,0.05,82422
76,A,37,34,576.0,0.05,82422
76,A,37,35,589.0,0.05,82422
76,A,37,36,583.0,0.05,82422
76,A,37,37,693.0,0.05,82422
76,A,37,38,626.0,0.05,82422
76,A,37,39,649.0,0.05,82422
76,A,37,40,750.0,0.05,82422
76,A,37,41,806.0,0.05,82422
76,A,37,42,845.0,0.05,82422
76,A,37,43,845.0,0.05,82422
76,A,37,44,998.0,0.05,82422
76,A,37,45,932.0,0.05,82422
76,A,37,46,1022.0,0.05,82422
76,A,37,47,1033.0,0.05,82422
76,A,37,48,1006.0,0.05,82422
77,A,37,0,113.0,0.05,109212
77,A,37,1,118.0,0.05,109212
77,A,37,2,121.0,0.05,109212
77,A,37,3,108.0,0.05,109212
77,A,37,4,117.0,0.05,109212
77,A,37,5,135.0,0.05,109212
77,A,37,6,143.0,0.05,109212
77,A,37,7,149.0,0.05,109212
77,A,37,8,151.0,0.05,109212
77,A,37,9,161.0,0.05,109212
77,A,37,10,,0.05,109212
77,A,37,11,177.0,0.05,109212
77,A,37,12,196.0,0.05,109212
77,A,37,13,216.0,0.05,109212
77,A,37,14,212.0,0.05,109212
77,A,37,15,216.0,0.05,109212
77,A,37,16,210.0,0.05,109212
77,A,37,17,217.0,0.05,109212
77,A,37,18,244.0,0.05,109212
77,A,37,19,264.0,0.05,109212
77,A,37,20,274.0,0.05,109212
77,A,37,21,315.0,0.05,109212
77,A,37,22,307.0,0.05,109212
77,A,37,23,327.0,0.05,109212
77,A,37,24,355.0,0.05,109212
77,A,37,25,348.0,0.05,109212
77,A,37,26,395.0,0.05,109212
77,A,37,27,386.0,0.05,109212
77,A,37,28,436.0,0.05,109212
77,A,37,29,455.0,0.05,109212
77,A,37,30,472.0,0.05,109212
77,A,37,31,489.0,0.05,109212
77,A,37,32,527.0,0.05,109212
77,A,37,33,526.0,0.05,109212
77,A,37,34,585.0,0.05,109212
77,A,37,35,606.0,0.05,109212
77,A,37,36,590.0,0.05,109212
77,A,37,37,660.0,0.05,109212
77,A,37,38,674.0,0.05,109212
77,A,37,39,774.0,0.05,109212
77,A,37,40,735.0,0.05,109212
77,A,37,41,775.0,0.05,109212
77,A,37,42,913.0,0.05,109212
77,A,37,43,765.0,0.05,109212
77,A,37,44,959.0,0.05,109212
77,A,37,45,918.0,0.05,109212
77,A,37,46,880.0,0.05,109212
77,A,37,47,1158.0,0.05,109212
77,A,37,48,1128.0,0.05,109212
78,B,30,0,137.0,0.4,125654
78,B,30,1,196.0,0.4,125654
78,B,30,2,289.0,0.4,125654
78,B,30,3,372.0,0.4,125654
78,B,30,4,538.0,0.4,125654
78,B,30,5,738.0,0.4,125654
78,B,30,6,1144.0,0.4,125654
78,B,30,7,1462.0,0.4,125654
78,B,30,8,1902.0,0.4,125654
78,B,30,9,3171.0,0.4,125654
78,B,30,10,3592.0,0.4,125654
78,B,30,11,5308.0,0.4,125654
78,B,30,12,7136.0,0.4,125654
78,B,30,13,10817.0,0.4,125654
78,B,30,14,13179.0,0.4,125654
78,B,30,15,19274.0,0.4,125654
78,B,30,16,25561.0,0.4,125654
78,B,30,17,35342.0,0.4,125654
78,B,30,18,44386.0,0.4,125654
78,B,30,19,58447.0,0.4,125654
78,B,30,20,72802.0,0.4,125654
78,B,30,21,81886.0,0.4,125654
78,B,30,22,88029.0,0.4,125654
78,B,30,23,101587.0,0.4,125654
78,B,30,24,107158.0,0.4,125654
78,B,30,25,112773.0,0.4,125654
78,B,30,26,122551.0,0.4,125654
78,B,30,27,129197.0,0.4,125654
78,B,30,28,123392.0,0.4,125654
78,B,30,29,126838.0,0.4,125654
78,B,30,30,115116.0,0.4,125654
78,B,30,31,119960.0,0.4,125654
78,B,30,32,127073.0,0.4,125654
78,B,30,33,129030.0,0.4,125654
78,B,30,34,129793.0,0.4,125654
78,B,30,35,130257.0,0.4,125654
78,B,30,36,120375.0,0.4,125654
78,B,30,37,130267.0,0.4,125654
78,B,30,38,138785.0,0.4,125654
78,B,30,39,124683.0,0.4,125654
78,B,30,40,120293.0,0.4,125654
78,B,30,41,141843.0,0.4,125654
78,B,30,42,117158.0,0.4,125654
78,B,30,43,121613.0,0.4,125654
78,B,30,44,123907.0,0.4,125654
78,B,30,45,133845.0,0.4,125654
78,B,30,46,120947.0,0.4,125654
78,B,30,47,115431.0,0.4,125654
78,B,30,48,113474.0,0.4,125654
79,B,30,0,150.0,0.4,128311
79,B,30,1,217.0,0.4,128311
79,B,30,2,267.0,0.4,128311
79,B,30,3,372.0,0.4,128311
79,B,30,4,572.0,0.4,128311
79,B,30,5,803.0,0.4,128311
79,B,30,6,1066.0,0.4,128311
79,B,30,7,1495.0,0.4,128311
79,B,30,8,2187.0,0.4,128311
79,B,30,9,2665.0,0.4,128311
79,B,30,10,3729.0,0.4,128311
79,B,30,11,5534.0,0.4,128311
79,B,30,12,7586.0,0.4,128311
79,B,30,13,9832.0,0.4,128311
79,B,30,14,15168.0,0.4,128311
79,B,30,15,20947.0,0.4,128311
79,B,30,16,26660.0,0.4,128311
79,B,30,17,36416.0,0.4,128311
79,B,30,18,44533.0,0.4,128311
79,B,30,19,56259.0,0.4,128311
79,B,30,20,69541.0,0.4,128311
79,B,30,21,83683.0,0.4,128311
79,B,30,22,97888.0,0.4,128311
79,B,30,23,111106.0,0.4,128311
79,B,30,24,113801.0,0.4,128311
79,B,30,25,122427.0,0.4,128311
79,B,30,26,127120.0,0.4,128311
79,B,30,27,123867.0,0.4,128311
79,B,30,28,122216.0,0.4,128311
79,B,30,29,128997.0,0.4,128311
79,B,30,30,128992.0,0.4,128311
79,B,30,31,120857.0,0.4,128311
79,B,30,32,124104.0,0.4,128311
79,B,30,33,121908.0,0.4,128311
79,B,30,34,131891.0,0.4,128311
79,B,30,35,136361.0,0.4,128311
79,B,30,36,116599.0,0.4,128311
79,B,30,37,126660.0,0.4,128311
79,B,30,38,125863.0,0.4,128311
79,B,30,39,133389.0,0.4,128311
79,B,30,40,134147.0,0.4,128311
79,B,30,41,117711.0,0.4,128311
79,B,30,42,122285.0,0.4,128311
79,B,30,43,120131.0,0.4,128311
79,B,30,44,121273.0,0.4,128311
79,B,30,45,131270.0,0.4,128311
79,B,30,46,121812.0,0.4,128311
79,B,30,47,128985.0,0.4,128311
79,B,30,48,125740.0,0.4,128311
80,C,20,0,104.0,0.05,102004
80,C,20,1,119.0,0.05,102004
80,C,20,2,111.0,0.05,102004
80,C,20,3,123.0,0.05,102004
80,C,20,4,131.0,0.05,102004
80,C,20,5,137.0,0.05,102004
80,C,20,6,145.0,0.05,102004
80,C,20,7,141.0,0.05,102004
80,C,20,8,155.0,0.05,102004
80,C,20,9,155.0,0.05,102004
80,C,20,10,183.0,0.05,102004
80,C,20,11,172.0,0.05,102004
80,C,20,12,185.0,0.05,102004
80,C,20,13,,0.05,102004
80,C,20,14,183.0,0.05,102004
80,C,20,15,219.0,0.05,102004
80,C,20,16,226.0,0.05,102004
80,C,20,17,266.0,0.05,102004
80,C,20,18,255.0,0.05,102004
80,C,20,19,279.0,0.05,102004
80,C,20,20,290.0,0.05,102004
80,C,20,21,307.0,0.05,102004
80,C,20,22,285.0,0.05,102004
80,C,20,23,341.0,0.05,102004
80,C,20,24,342.0,0.05,102004
80,C,20,25,341.0,0.05,102004
80,C,20,26,378.0,0.05,102004
80,C,20,27,383.0,0.05,102004
80,C,20,28,428.0,0.05,102004
80,C,20,29,416.0,0.05,102004
80,C,20,30,476.0,0.05,102004
80,C,20,31,461.0,0.05,102004
80,C,20,32,485.0,0.05,102004
80,C,20,33,485.0,0.05,102004
80,C,20,34,557.0,0.05,102004
80,C,20,35,588.0,0.05,102004
80,C,20,36,580.0,0.05,102004
80,C,20,37,651.0,0.05,102004
80,C,20,38,662.0,0.05,102004
80,C,20,39,696.0,0.05,102004
80,C,20,40,741.0,0.05,102004
80,C,20,41,680.0,0.05,102004
80,C,20,42,826.0,0.05,102004
80,C,20,43,735.0,0.05,102004
80,C,20,44,847.0,0.05,102004
80,C,20,45,888.0,0.05,102004
80,C,20,46,973.0,0.05,102004
80,C,20,47,1048.0,0.05,102004
80,C,20,48,1085.0,0.05,102004
81,C,25,0,106.0,0.05,108847
81,C,25,1,116.0,0.05,108847
81,C,25,2,110.0,0.05,108847
81,C,25,3,126.0,0.05,108847
81,C,25,4,131.0,0.05,108847
81,C,25,5,117.0,0.05,108847
81,C,25,6,146.0,0.05,108847
81,C,25,7,137.0,0.05,108847
81,C,25,8,137.0,0.05,108847
81,C,25,9,162.0,0.05,108847
81,C,25,10,183.0,0.05,108847
81,C,25,11,186.0,0.05,108847
81,C,25,12,181.0,0.05,108847
81,C,25,13,193.0,0.05,108847
81,C,25,14,216.0,0.05,108847
81,C,25,15,212.0,0.05,108847
81,C,25,16,227.0,0.05,108847
81,C,25,17,242.0,0.05,108847
81,C,25,18,247.0,0.05,108847
81,C,25,19,260.0,0.05,108847
81,C,25,20,,0.05,108847
81,C,25,21,291.0,0.05,108847
81,C,25,22,307.0,0.05,108847
81,C,25,23,327.0,0.05,108847
81,C,25,24,345.0,0.05,108847
81,C,25,25,364.0,0.05,108847
81,C,25,26,340.0,0.05,108847
81,C,25,27,404.0,0.05,108847
81,C,25,28,424.0,0.05,108847
81,C,25,29,447.0,0.05,108847
81,C,25,30,467.0,0.05,108847
81,C,25,31,481.0,0.05,108847
81,C,25,32,486.0,0.05,108847
81,C,25,33,546.0,0.05,108847
81,C,25,34,569.0,0.05,108847
81,C,25,35,610.0,0.05,108847
81,C,25,36,641.0,0.05,108847
81,C,25,37,627.0,0.05,108847
81,C,25,38,695.0,0.05,108847
81,C,25,39,676.0,0.05,108847
81,C,25,40,730.0,0.05,108847
81,C,25,41,822.0,0.05,108847
81,C,25,42,761.0,0.05,108847
81,C,25,43,885.0,0.05,108847
81,C,25,44,854.0,0.05,108847
81,C,25,45,880.0,0.05,108847
81,C,25,46,1011.0,0.05,108847
81,C,25,47,1082.0,0.05,108847
81,C,25,48,1043.0,0.05,108847
82,C,37,0,,0.4,73142
82,C,37,1,193.0,0.4,73142
82,C,37,2,262.0,0.4,73142
82,C,37,3,345.0,0.4,73142
82,C,37,4,517.0,0.4,73142
82,C,37,5,756.0,0.4,73142
82,C,37,6,1104.0,0.4,73142
82,C,37,7,1367.0,0.4,73142
82,C,37,8,2062.0,0.4,73142
82,C,37,9,2854.0,0.4,73142
82,C,37,10,3862.0,0.4,73142
82,C,37,11,5166.0,0.4,73142
82,C,37,12,7036.0,0.4,73142
82,C,37,13,9786.0,0.4,73142
82,C,37,14,13548.0,0.4,73142
82,C,37,15,18798.0,0.4,73142
82,C,37,16,22935.0,0.4,73142
82,C,37,17,28979.0,0.4,73142
82,C,37,18,33788.0,0.4,73142
82,C,37,19,42814.0,0.4,73142
82,C,37,20,47467.0,0.4,73142
82,C,37,21,56571.0,0.4,73142
82,C,37,22,61059.0,0.4,73142
82,C,37,23,64674.0,0.4,73142
82,C,37,24,61670.0,0.4,73142
82,C,37,25,74469.0,0.4,73142
82,C,37,26,74995.0,0.4,73142
82,C,37,27,69825.0,0.4,73142
82,C,37,28,76317.0,0.4,73142
82,C,37,29,68042.0,0.4,73142
82,C,37,30,74660.0,0.4,73142
82,C,37,31,72639.0,0.4,73142
82,C,37,32,70491.0,0.4,73142
82,C,37,33,69022.0,0.4,73142
82,C,37,34,75873.0,0.4,73142
82,C,37,35,73696.0,0.4,73142
82,C,37,36,81037.0,0.4,73142
82,C,37,37,74952.0,0.4,73142
82,C,37,38,74483.0,0.4,73142
82,C,37,39,75343.0,0.4,73142
82,C,37,40,70006.0,0.4,73142
82,C,37,41,75378.0,0.4,73142
82,C,37,42,72011.0,0.4,73142
82,C,37,43,75134.0,0.4,73142
82,C,37,44,77942.0,0.4,73142
82,C,37,45,69233.0,0.4,73142
82,C,37,46,71019.0,0.4,73142
82,C,37,47,77146.0,0.4,73142
82,C,37,48,72199.0,0.4,73142
83,B,25,0,136.0,0.25,54948
83,B,25,1,152.0,0.25,54948
83,B,25,2,194.0,0.25,54948
83,B,25,3,279.0,0.25,54948
83,B,25,4,272.0,0.25,54948
83,B,25,5,390.0,0.25,54948
83,B,25,6,488.0,0.25,54948
83,B,25,7,634.0,0.25,54948
83,B,25,8,755.0,0.25,54948
83,B,25,9,917.0,0.25,54948
83,B,25,10,1203.0,0.25,54948
83,B,25,11,1345.0,0.25,54948
83,B,25,12,1773.0,0.25,54948
83,B,25,13,2021.0,0.25,54948
83,B,25,14,2624.0,0.25,54948
83,B,25,15,3068.0,0.25,54948
83,B,25,16,4204.0,0.25,54948
83,B,25,17,5081.0,0.25,54948
83,B,25,18,6622.0,0.25,54948
83,B,25,19,7675.0,0.25,54948
83,B,25,20,9511.0,0.25,54948
83,B,25,21,11457.0,0.25,54948
83,B,25,22,,0.25,54948
83,B,25,23,16045.0,0.25,54948
83,B,25,24,18536.0,0.25,54948
83,B,25,25,22547.0,0.25,54948
83,B,25,26,25766.0,0.25,54948
83,B,25,27,29537.0,0.25,54948
83,B,25,28,31242.0,0.25,54948
83,B,25,29,33764.0,0.25,54948
83,B,25,30,40900.0,0.25,54948
83,B,25,31,40058.0,0.25,54948
83,B,25,32,43282.0,0.25,54948
83,B,25,33,47172.0,0.25,54948
83,B,25,34,49869.0,0.25,54948
83,B,25,35,47049.0,0.25,54948
83,B,25,36,54857.0,0.25,54948
83,B,25,37,48507.0,0.25,54948
83,B,25,38,51591.0,0.25,54948
83,B,25,39,58049.0,0.25,54948
83,B,25,40,51628.0,0.25,54948
83,B,25,41,52794.0,0.25,54948
83,B,25,42,53435.0,0.25,54948
83,B,25,43,55780.0,0.25,54948
83,B,25,44,53612.0,0.25,54948
83,B,25,45,57901.0,0.25,54948
83,B,25,46,54678.0,0.25,54948
83,B,25,47,54487.0,0.25,54948
83,B,25,48,55288.0,0.25,54948
84,C,30,0,118.0,0.19,88815
84,C,30,1,143.0,0.19,88815
84,C,30,2,158.0,0.19,88815
84,C,30,3,196.0,0.19,88815
84,C,30,4,258.0,0.19,88815
84,C,30,5,277.0,0.19,88815
84,C,30,6,328.0,0.19,88815
84,C,30,7,383.0,0.19,88815
84,C,30,8,483.0,0.19,88815
84,C,30,9,584.0,0.19,88815
84,C,30,10,637.0,0.19,88815
84,C,30,11,802.0,0.19,88815
84,C,30,12,950.0,0.19,88815
84,C,30,13,1190.0,0.19,88815
84,C,30,14,,0.19,88815
84,C,30,15,1810.0,0.19,88815
84,C,30,16,1900.0,0.19,88815
84,C,30,17,2170.0,0.19,88815
84,C,30,18,2698.0,0.19,88815
84,C,30,19,3214.0,0.19,88815
84,C,30,20,3453.0,0.19,88815
84,C,30,21,4539.0,0.19,88815
84,C,30,22,4924.0,0.19,88815
84,C,30,23,5751.0,0.19,88815
84,C,30,24,,0.19,88815
84,C,30,25,9533.0,0.19,88815
84,C,30,26,10624.0,0.19,88815
84,C,30,27,11116.0,0.19,88815
84,C,30,28,15116.0,0.19,88815
84,C,30,29,15035.0,0.19,88815
84,C,30,30,16447.0,0.19,88815
84,C,30,31,21496.0,0.19,88815
84,C,30,32,24818.0,0.19,88815
84,C,30,33,23798.0,0.19,88815
84,C,30,34,28942.0,0.19,88815
84,C,30,35,33935.0,0.19,88815
84,C,30,36,38253.0,0.19,88815
84,C,30,37,40975.0,0.19,88815
84,C,30,38,46936.0,0.19,88815
84,C,30,39,46964.0,0.19,88815
84,C,30,40,56799.0,0.19,88815
84,C,30,41,64947.0,0.19,88815
84,C,30,42,64028.0,0.19,88815
84,C,30,43,65697.0,0.19,88815
84,C,30,44,74586.0,0.19,88815
84,C,30,45,74131.0,0.19,88815
84,C,30,46,84696.0,0.19,88815
84,C,30,47,80862.0,0.19,88815
84,C,30,48,80835.0,0.19,88815
85,A,25,0,142.0,0.4,84660
85,A,25,1,192.0,0.4,84660
85,A,25,2,260.0,0.4,84660
85,A,25,3,370.0,0.4,84660
85,A,25,4,516.0,0.4,84660
85,A,25,5,786.0,0.4,84660
85,A,25,6,1075.0,0.4,84660
85,A,25,7,1364.0,0.4,84660
85,A,25,8,1905.0,0.4,84660
85,A,25,9,2821.0,0.4,84660
85,A,25,10,4074.0,0.4,84660
85,A,25,11,5190.0,0.4,84660
85,A,25,12,7711.0,0.4,84660
85,A,25,13,9982.0,0.4,84660
85,A,25,14,14963.0,0.4,84660
85,A,25,15,17464.0,0.4,84660
85,A,25,16,26507.0,0.4,84660
85,A,25,17,29358.0,0.4,84660
85,A,25,18,37707.0,0.4,84660
85,A,25,19,44904.0,0.4,84660
85,A,25,20,52569.0,0.4,84660
85,A,25,21,67764.0,0.4,84660
85,A,25,22,72840.0,0.4,84660
85,A,25,23,82344.0,0.4,84660
85,A,25,24,73627.0,0.4,84660
85,A,25,25,84364.0,0.4,84660
85,A,25,26,84405.0,0.4,84660
85,A,25,27,,0.4,84660
85,A,25,28,81079.0,0.4,84660
85,A,25,29,86144.0,0.4,84660
85,A,25,30,87950.0,0.4,84660
85,A,25,31,87857.0,0.4,84660
85,A,25,32,78506.0,0.4,84660
85,A,25,33,85964.0,0.4,84660
85,A,25,34,83371.0,0.4,84660
85,A,25,35,88596.0,0.4,84660
85,A,25,36,84485.0,0.4,84660
85,A,25,37,83249.0,0.4,84660
85,A,25,38,88977.0,0.4,84660
85,A,25,39,88365.0,0.4,84660
85,A,25,40,88511.0,0.4,84660
85,A,25,41,85921.0,0.4,84660
85,A,25,42,78507.0,0.4,84660
85,A,25,43,90412.0,0.4,84660
85,A,25,44,88540.0,0.4,84660
85,A,25,45,84830.0,0.4,84660
85,A,25,46,85000.0,0.4,84660
85,A,25,47,89838.0,0.4,84660
85,A,25,48,90891.0,0.4,84660
86,C,30,0,112.0,0.19,67910
86,C,30,1,129.0,0.19,67910
86,C,30,2,170.0,0.19,67910
86,C,30,3,189.0,0.19,67910
86,C,30,4,233.0,0.19,67910
86,C,30,5,304.0,0.19,67910
86,C,30,6,328.0,0.19,67910
86,C,30,7,373.0,0.19,67910
86,C,30,8,418.0,0.19,67910
86,C,30,9,627.0,0.19,67910
86,C,30,10,657.0,0.19,67910
86,C,30,11,772.0,0.19,67910
86,C,30,12,1000.0,0.19,67910
86,C,30,13,1179.0,0.19,67910
86,C,30,14,1253.0,0.19,67910
86,C,30,15,1453.0,0.19,67910
86,C,30,16,1835.0,0.19,67910
86,C,30,17,2230.0,0.19,67910
86,C,30,18,2671.0,0.19,67910
86,C,30,19,3016.0,0.19,67910
86,C,30,20,3776.0,0.19,67910
86,C,30,21,4916.0,0.19,67910
86,C,30,22,5022.0,0.19,67910
86,C,30,23,5755.0,0.19,67910
86,C,30,24,7143.0,0.19,67910
86,C,30,25,8533.0,0.19,67910
86,C,30,26,9315.0,0.19,67910
86,C,30,27,11571.0,0.19,67910
86,C,30,28,12274.0,0.19,67910
86,C,30,29,14486.0,0.19,67910
86,C,30,30,17900.0,0.19,67910
86,C,30,31,18100.0,0.19,67910
86,C,30,32,20972.0,0.19,67910
86,C,30,33,26096.0,0.19,67910
86,C,30,34,,0.19,67910
86,C,30,35,29066.0,0.19,67910
86,C,30,36,33508.0,0.19,67910
86,C,30,37,35275.0,0.19,67910
86,C,30,38,42998.0,0.19,67910
86,C,30,39,44398.0,0.19,67910
86,C,30,40,45298.0,0.19,67910
86,C,30,41,51682.0,0.19,67910
86,C,30,42,51152.0,0.19,67910
86,C,30,43,54917.0,0.19,67910
86,C,30,44,55637.0,0.19,67910
86,C,30,45,62619.0,0.19,67910
86,C,30,46,62929.0,0.19,67910
86,C,30,47,59290.0,0.19,67910
86,C,30,48,63512.0,0.19,67910
87,A,37,0,109.0,0.05,74069
87,A,37,1,110.0,0.05,74069
87,A,37,2,124.0,0.05,74069
87,A,37,3,118.0,0.05,74069
87,A,37,4,129.0,0.05,74069
87,A,37,5,136.0,0.05,74069
87,A,37,6,132.0,0.05,74069
87,A,37,7,147.0,0.05,74069
87,A,37,8,151.0,0.05,74069
87,A,37,9,142.0,0.05,74069
87,A,37,10,169.0,0.05,74069
87,A,37,11,161.0,0.05,74069
87,A,37,12,175.0,0.05,74069
87,A,37,13,218.0,0.05,74069
87,A,37,14,213.0,0.05,74069
87,A,37,15,225.0,0.05,74069
87,A,37,16,222.0,0.05,74069
87,A,37,17,238.0,0.05,74069
87,A,37,18,236.0,0.05,74069
87,A,37,19,263.0,0.05,74069
87,A,37,20,292.0,0.05,74069
87,A,37,21,293.0,0.05,74069
87,A,37,22,310.0,0.05,74069
87,A,37,23,305.0,0.05,74069
87,A,37,24,342.0,0.05,74069
87,A,37,25,320.0,0.05,74069
87,A,37,26,370.0,0.05,74069
87,A,37,27,384.0,0.05,74069
87,A,37,28,400.0,0.05,74069
87,A,37,29,414.0,0.05,74069
87,A,37,30,462.0,0.05,74069
87,A,37,31,448.0,0.05,74069
87,A,37,32,452.0,0.05,74069
87,A,37,33,477.0,0.05,74069
87,A,37,34,537.0,0.05,74069
87,A,37,35,591.0,0.05,74069
87,A,37,36,593.0,0.05,74069
87,A,37,37,608.0,0.05,74069
87,A,37,38,645.0,0.05,74069
87,A,37,39,727.0,0.05,74069
87,A,37,40,717.0,0.05,74069
87,A,37,41,796.0,0.05,74069
87,A,37,42,725.0,0.05,74069
87,A,37,43,845.0,0.05,74069
87,A,37,44,897.0,0.05,74069
87,A,37,45,929.0,0.05,74069
87,A,37,46,988.0,0.05,74069
87,A,37,47,996.0,0.05,74069
87,A,37,48,927.0,0.05,74069
88,B,30,0,140.0,0.4,94135
88,B,30,1,194.0,0.4,94135
88,B,30,2,292.0,0.4,94135
88,B,30,3,389.0,0.4,94135
88,B,30,4,489.0,0.4,94135
88,B,30,5,762.0,0.4,94135
88,B,30,6,1053.0,0.4,94135
88,B,30,7,1323.0,0.4,94135
88,B,30,8,1864.0,0.4,94135
88,B,30,9,2851.0,0.4,94135
88,B,30,10,3796.0,0.4,94135
88,B,30,11,5720.0,0.4,94135
88,B,30,12,7531.0,0.4,94135
88,B,30,13,10365.0,0.4,94135
88,B,30,14,14254.0,0.4,94135
88,B,30,15,17277.0,0.4,94135
88,B,30,16,27077.0,0.4,94135
88,B,30,17,32750.0,0.4,94135
88,B,30,18,40305.0,0.4,94135
88,B,30,19,48960.0,0.4,94135
88,B,30,20,52037.0,0.4,94135
88,B,30,21,69054.0,0.4,94135
88,B,30,22,72255.0,0.4,94135
88,B,30,23,76856.0,0.4,94135
88,B,30,24,79786.0,0.4,94135
88,B,30,25,87538.0,0.4,94135
88,B,30,26,92252.0,0.4,94135
88,B,30,27,94857.0,0.4,94135
88,B,30,28,82871.0,0.4,94135
88,B,30,29,91596.0,0.4,94135
88,B,30,30,96404.0,0.4,94135
88,B,30,31,95081.0,0.4,94135
88,B,30,32,91018.0,0.4,94135
88,B,30,33,86479.0,0.4,94135
88,B,30,34,90678.0,0.4,94135
88,B,30,35,96077.0,0.4,94135
88,B,30,36,96300.0,0.4,94135
88,B,30,37,104166.0,0.4,94135
88,B,30,38,89119.0,0.4,94135
88,B,30,39,100695.0,0.4,94135
88,B,30,40,86584.0,0.4,94135
88,B,30,41,86515.0,0.4,94135
88,B,30,42,96284.0,0.4,94135
88,B,30,43,90907.0,0.4,94135
88,B,30,44,89950.0,0.4,94135
88,B,30,45,86691.0,0.4,94135
88,B,30,46,94303.0,0.4,94135
88,B,30,47,89272.0,0.4,94135
88,B,30,48,92193.0,0.4,94135
89,C,37,0,146.0,0.4,119394
89,C,37,1,196.0,0.4,119394
89,C,37,2,265.0,0.4,119394
89,C,37,3,396.0,0.4,119394
89,C,37,4,508.0,0.4,119394
89,C,37,5,788.0,0.4,119394
89,C,37,6,1036.0,0.4,119394
89,C,37,7,1466.0,0.4,119394
89,C,37,8,2087.0,0.4,119394
89,C,37,9,2901.0,0.4,119394
89,C,37,10,4130.0,0.4,119394
89,C,37,11,5644.0,0.4,119394
89,C,37,12,7333.0,0.4,119394
89,C,37,13,9857.0,0.4,119394
89,C,37,14,13731.0,0.4,119394
89,C,37,15,21147.0,0.4,119394
89,C,37,16,23865.0,0.4,119394
89,C,37,17,32932.0,0.4,119394
89,C,37,18,41023.0,0.4,119394
89,C,37,19,57797.0,0.4,119394
89,C,37,20,64230.0,0.4,119394
89,C,37,21,79032.0,0.4,119394
89,C,37,22,93973.0,0.4,119394
89,C,37,23,101707.0,0.4,119394
89,C,37,24,97692.0,0.4,119394
89,C,37,25,109638.0,0.4,119394
89,C,37,26,121014.0,0.4,119394
89,C,37,27,115308.0,0.4,119394
89,C,37,28,114533.0,0.4,119394
89,C,37,29,123979.0,0.4,119394
89,C,37,30,118523.0,0.4,119394
89,C,37,31,116918.0,0.4,119394
89,C,37,32,123194.0,0.4,119394
89,C,37,33,116831.0,0.4,119394
89,C,37,34,108309.0,0.4,119394
89,C,37,35,129311.0,0.4,119394
89,C,37,36,121205.0,0.4,119394
89,C,37,37,124302.0,0.4,119394
89,C,37,38,122336.0,0.4,119394
89,C,37,39,122519.0,0.4,119394
89,C,37,40,121404.0,0.4,119394
89,C,37,41,116104.0,0.4,119394
89,C,37,42,120779.0,0.4,119394
89,C,37,43,121555.0,0.4,119394
89,C,37,44,117909.0,0.4,119394
89,C,37,45,113139.0,0.4,119394
89,C,37,46,126032.0,0.4,119394
89,C,37,47,127257.0,0.4,119394
89,C,37,48,121636.0,0.4,119394
90,B,30,0,136.0,0.4,138889
90,B,30,1,200.0,0.4,138889
90,B,30,2,267.0,0.4,138889
90,B,30,3,393.0,0.4,138889
90,B,30,4,542.0,0.4,138889
90,B,30,5,675.0,0.4,138889
90,B,30,6,1016.0,0.4,138889
90,B,30,7,1392.0,0.4,138889
90,B,30,8,1958.0,0.4,138889
90,B,30,9,2820.0,0.4,138889
90,B,30,10,3794.0,0.4,138889
90,B,30,11,6276.0,0.4,138889
90,B,30,12,7637.0,0.4,138889
90,B,30,13,10294.0,0.4,138889
90,B,30,14,12738.0,0.4,138889
90,B,30,15,19475.0,0.4,138889
90,B,30,16,26313.0,0.4,138889
90,B,30,17,35652.0,0.4,138889
90,B,30,18,46142.0,0.4,138889
90,B,30,19,62147.0,0.4,138889
90,B,30,20,74952.0,0.4,138889
90,B,30,21,89223.0,0.4,138889
90,B,30,22,89790.0,0.4,138889
90,B,30,23,105174.0,0.4,138889
90,B,30,24,121380.0,0.4,138889
90,B,30,25,120271.0,0.4,138889
90,B,30,26,127974.0,0.4,138889
90,B,30,27,132264.0,0.4,138889
90,B,30,28,116813.0,0.4,138889
90,B,30,29,133406.0,0.4,138889
90,B,30,30,128770.0,0.4,138889
90,B,30,31,140275.0,0.4,138889
90,B,30,32,131143.0,0.4,138889
90,B,30,33,148609.0,0.4,138889
90,B,30,34,125145.0,0.4,138889
90,B,30,35,130669.0,0.4,138889
90,B,30,36,131990.0,0.4,138889
90,B,30,37,138064.0,0.4,138889
90,B,30,38,141197.0,0.4,138889
90,B,30,39,143092.0,0.4,138889
90,B,30,40,137985.0,0.4,138889
90,B,30,41,138688.0,0.4,138889
90,B,30,42,142134.0,0.4,138889
90,B,30,43,144040.0,0.4,138889
90,B,30,44,142617.0,0.4,138889
90,B,30,45,153968.0,0.4,138889
90,B,30,46,130768.0,0.4,138889
90,B,30,47,139613.0,0.4,138889
90,B,30,48,153485.0,0.4,138889
91,C,37,0,125.0,0.4,116607
91,C,37,1,187.0,0.4,116607
91,C,37,2,261.0,0.4,116607
91,C,37,3,378.0,0.4,116607
91,C,37,4,518.0,0.4,116607
91,C,37,5,736.0,0.4,116607
91,C,37,6,1067.0,0.4,116607
91,C,37,7,1437.0,0.4,116607
91,C,37,8,2053.0,0.4,116607
91,C,37,9,2992.0,0.4,116607
91,C,37,10,4079.0,0.4,116607
91,C,37,11,5598.0,0.4,116607
91,C,37,12,7184.0,0.4,116607
91,C,37,13,11475.0,0.4,116607
91,C,37,14,14003.0,0.4,116607
91,C,37,15,19089.0,0.4,116607
91,C,37,16,24037.0,0.4,116607
91,C,37,17,33043.0,0.4,116607
91,C,37,18,43004.0,0.4,116607
91,C,37,19,56402.0,0.4,116607
91,C,37,20,67744.0,0.4,116607
91,C,37,21,72997.0,0.4,116607
91,C,37,22,86730.0,0.4,116607
91,C,37,23,102660.0,0.4,116607
91,C,37,24,106800.0,0.4,116607
91,C,37,25,111865.0,0.4,116607
91,C,37,26,113545.0,0.4,116607
91,C,37,27,117167.0,0.4,116607
91,C,37,28,114896.0,0.4,116607
91,C,37,29,,0.4,116607
91,C,37,30,129149.0,0.4,116607
91,C,37,31,125108.0,0.4,116607
91,C,37,32,121080.0,0.4,116607
91,C,37,33,118498.0,0.4,116607
91,C,37,34,113290.0,0.4,116607
91,C,37,35,,0.4,116607
91,C,37,36,124566.0,0.4,116607
91,C,37,37,112326.0,0.4,116607
91,C,37,38,118303.0,0.4,116607
91,C,37,39,111746.0,0.4,116607
91,C,37,40,120922.0,0.4,116607
91,C,37,41,120634.0,0.4,116607
91,C,37,42,107254.0,0.4,116607
91,C,37,43,119493.0,0.4,116607
91,C,37,44,121064.0,0.4,116607
91,C,37,45,108126.0,0.4,116607
91,C,37,46,120993.0,0.4,116607
91,C,37,47,117334.0,0.4,116607
91,C,37,48,110277.0,0.4,116607
92,A,25,0,142.0,0.4,61053
92,A,25,1,188.0,0.4,61053
92,A,25,2,258.0,0.4,61053
92,A,25,3,385.0,0.4,61053
92,A,25,4,599.0,0.4,61053
92,A,25,5,869.0,0.4,61053
92,A,25,6,998.0,0.4,61053
92,A,25,7,1476.0,0.4,61053
92,A,25,8,2109.0,0.4,61053
92,A,25,9,2727.0,0.4,61053
92,A,25,10,3859.0,0.4,61053
92,A,25,11,4936.0,0.4,61053
92,A,25,12,6783.0,0.4,61053
92,A,25,13,,0.4,61053
92,A,25,14,12770.0,0.4,61053
92,A,25,15,16232.0,0.4,61053
92,A,25,16,21544.0,0.4,61053
92,A,25,17,28680.0,0.4,61053
92,A,25,18,35289.0,0.4,61053
92,A,25,19,38321.0,0.4,61053
92,A,25,20,,0.4,61053
92,A,25,21,53068.0,0.4,61053
92,A,25,22,48234.0,0.4,61053
92,A,25,23,58370.0,0.4,61053
92,A,25,24,58470.0,0.4,61053
92,A,25,25,53822.0,0.4,61053
92,A,25,26,60327.0,0.4,61053
92,A,25,27,62585.0,0.4,61053
92,A,25,28,61752.0,0.4,61053
92,A,25,29,57076.0,0.4,61053
92,A,25,30,60278.0,0.4,61053
92,A,25,31,61547.0,0.4,61053
92,A,25,32,64749.0,0.4,61053
92,A,25,33,64862.0,0.4,61053
92,A,25,34,63310.0,0.4,61053
92,A,25,35,54672.0,0.4,61053
92,A,25,36,60544.0,0.4,61053
92,A,25,37,67131.0,0.4,61053
92,A,25,38,56798.0,0.4,61053
92,A,25,39,68837.0,0.4,61053
92,A,25,40,57043.0,0.4,61053
92,A,25,41,60080.0,0.4,61053
92,A,25,42,60180.0,0.4,61053
92,A,25,43,56615.0,0.4,61053
92,A,25,44,58421.0,0.4,61053
92,A,25,45,61240.0,0.4,61053
92,A,25,46,61087.0,0.4,61053
92,A,25,47,59128.0,0.4,61053
92,A,25,48,60960.0,0.4,61053
93,C,25,0,107.0,0.05,129302
93,C,25,1,106.0,0.05,129302
93,C,25,2,122.0,0.05,129302
93,C,25,3,119.0,0.05,129302
93,C,25,4,121.0,0.05,129302
93,C,25,5,133.0,0.05,129302
93,C,25,6,149.0,0.05,129302
93,C,25,7,163.0,0.05,129302
93,C,25,8,158.0,0.05,129302
93,C,25,9,164.0,0.05,129302
93,C,25,10,175.0,0.05,129302
93,C,25,11,188.0,0.05,129302
93,C,25,12,180.0,0.05,129302
93,C,25,13,196.0,0.05,129302
93,C,25,14,221.0,0.05,129302
93,C,25,15,219.0,0.05,129302
93,C,25,16,240.0,0.05,129302
93,C,25,17,252.0,0.05,129302
93,C,25,18,234.0,0.05,129302
93,C,25,19,260.0,0.05,129302
93,C,25,20,283.0,0.05,129302
93,C,25,21,294.0,0.05,129302
93,C,25,22,326.0,0.05,129302
93,C,25,23,321.0,0.05,129302
93,C,25,24,346.0,0.05,129302
93,C,25,25,344.0,0.05,129302
93,C,25,26,397.0,0.05,129302
93,C,25,27,391.0,0.05,129302
93,C,25,28,418.0,0.05,129302
93,C,25,29,457.0,0.05,129302
93,C,25,30,447.0,0.05,129302
93,C,25,31,490.0,0.05,129302
93,C,25,32,529.0,0.05,129302
93,C,25,33,521.0,0.05,129302
93,C,25,34,516.0,0.05,129302
93,C,25,35,625.0,0.05,129302
93,C,25,36,,0.05,129302
93,C,25,37,635.0,0.05,129302
93,C,25,38,656.0,0.05,129302
93,C,25,39,719.0,0.05,129302
93,C,25,40,,0.05,129302
93,C,25,41,,0.05,129302
93,C,25,42,757.0,0.05,129302
93,C,25,43,877.0,0.05,129302
93,C,25,44,908.0,0.05,129302
93,C,25,45,917.0,0.05,129302
93,C,25,46,983.0,0.05,129302
93,C,25,47,1112.0,0.05,129302
93,C,25,48,1123.0,0.05,129302
94,A,20,0,120.0,0.25,139613
94,A,20,1,146.0,0.25,139613
94,A,20,2,191.0,0.25,139613
94,A,20,3,245.0,0.25,139613
94,A,20,4,304.0,0.25,139613
94,A,20,5,386.0,0.25,139613
94,A,20,6,502.0,0.25,139613
94,A,20,7,564.0,0.25,139613
94,A,20,8,709.0,0.25,139613
94,A,20,9,943.0,0.25,139613
94,A,20,10,1092.0,0.25,139613
94,A,20,11,1341.0,0.25,139613
94,A,20,12,1719.0,0.25,139613
94,A,20,13,2241.0,0.25,139613
94,A,20,14,2781.0,0.25,139613
94,A,20,15,3062.0,0.25,139613
94,A,20,16,4306.0,0.25,139613
94,A,20,17,5660.0,0.25,139613
94,A,20,18,7089.0,0.25,139613
94,A,20,19,8231.0,0.25,139613
94,A,20,20,9198.0,0.25,139613
94,A,20,21,12901.0,0.25,139613
94,A,20,22,13908.0,0.25,139613
94,A,20,23,19212.0,0.25,139613
94,A,20,24,24638.0,0.25,139613
94,A,20,25,25620.0,0.25,139613
94,A,20,26,32215.0,0.25,139613
94,A,20,27,35959.0,0.25,139613
94,A,20,28,47944.0,0.25,139613
94,A,20,29,52208.0,0.25,139613
94,A,20,30,64660.0,0.25,139613
94,A,20,31,72928.0,0.25,139613
94,A,20,32,78729.0,0.25,139613
94,A,20,33,88494.0,0.25,139613
94,A,20,34,101084.0,0.25,139613
94,A,20,35,106313.0,0.25,139613
94,A,20,36,105280.0,0.25,139613
94,A,20,37,111905.0,0.25,139613
94,A,20,38,121523.0,0.25,139613
94,A,20,39,117374.0,0.25,139613
94,A,20,40,138223.0,0.25,139613
94,A,20,41,141289.0,0.25,139613
94,A,20,42,136330.0,0.25,139613
94,A,20,43,139940.0,0.25,139613
94,A,20,44,154784.0,0.25,139613
94,A,20,45,133345.0,0.25,139613
94,A,20,46,134597.0,0.25,139613
94,A,20,47,133984.0,0.25,139613
94,A,20,48,145363.0,0.25,139613
95,B,20,0,110.0,0.1,148759
95,B,20,1,111.0,0.1,148759
95,B,20,2,132.0,0.1,148759
95,B,20,3,147.0,0.1,148759
95,B,20,4,163.0,0.1,148759
95,B,20,5,183.0,0.1,148759
95,B,20,6,187.0,0.1,148759
95,B,20,7,216.0,0.1,148759
95,B,20,8,243.0,0.1,148759
95,B,20,9,269.0,0.1,148759
95,B,20,10,270.0,0.1,148759
95,B,20,11,300.0,0.1,148759
95,B,20,12,343.0,0.1,148759
95,B,20,13,345.0,0.1,148759
95,B,20,14,400.0,0.1,148759
95,B,20,15,479.0,0.1,148759
95,B,20,16,512.0,0.1,148759
95,B,20,17,545.0,0.1,148759
95,B,20,18,671.0,0.1,148759
95,B,20,19,689.0,0.1,148759
95,B,20,20,710.0,0.1,148759
95,B,20,21,842.0,0.1,148759
95,B,20,22,832.0,0.1,148759
95,B,20,23,1036.0,0.1,148759
95,B,20,24,1090.0,0.1,148759
95,B,20,25,1092.0,0.1,148759
95,B,20,26,1388.0,0.1,148759
95,B,20,27,1336.0,0.1,148759
95,B,20,28,1538.0,0.1,148759
95,B,20,29,1655.0,0.1,148759
95,B,20,30,1907.0,0.1,148759
95,B,20,31,1899.0,0.1,148759
95,B,20,32,2453.0,0.1,148759
95,B,20,33,2567.0,0.1,148759
95,B,20,34,2738.0,0.1,148759
95,B,20,35,2922.0,0.1,148759
95,B,20,36,3344.0,0.1,148759
95,B,20,37,3879.0,0.1,148759
95,B,20,38,4170.0,0.1,148759
95,B,20,39,4200.0,0.1,148759
95,B,20,40,4470.0,0.1,148759
95,B,20,41,5362.0,0.1,148759
95,B,20,42,5720.0,0.1,148759
95,B,20,43,6624.0,0.1,148759
95,B,20,44,7076.0,0.1,148759
95,B,20,45,7875.0,0.1,148759
95,B,20,46,8232.0,0.1,148759
95,B,20,47,8926.0,0.1,148759
95,B,20,48,9709.0,0.1,148759
96,C,30,0,126.0,0.19,102363
96,C,30,1,139.0,0.19,102363
96,C,30,2,171.0,0.19,102363
96,C,30,3,190.0,0.19,102363
96,C,30,4,224.0,0.19,102363
96,C,30,5,276.0,0.19,102363
96,C,30,6,349.0,0.19,102363
96,C,30,7,407.0,0.19,102363
96,C,30,8,498.0,0.19,102363
96,C,30,9,533.0,0.19,102363
96,C,30,10,660.0,0.19,102363
96,C,30,11,823.0,0.19,102363
96,C,30,12,977.0,0.19,102363
96,C,30,13,,0.19,102363
96,C,30,14,1288.0,0.19,102363
96,C,30,15,1471.0,0.19,102363
96,C,30,16,1825.0,0.19,102363
96,C,30,17,2061.0,0.19,102363
96,C,30,18,2573.0,0.19,102363
96,C,30,19,2956.0,0.19,102363
96,C,30,20,4037.0,0.19,102363
96,C,30,21,4096.0,0.19,102363
96,C,30,22,5007.0,0.19,102363
96,C,30,23,5921.0,0.19,102363
96,C,30,24,6976.0,0.19,102363
96,C,30,25,8693.0,0.19,102363
96,C,30,26,10036.0,0.19,102363
96,C,30,27,11153.0,0.19,102363
96,C,30,28,13710.0,0.19,102363
96,C,30,29,16026.0,0.19,102363
96,C,30,30,20012.0,0.19,102363
96,C,30,31,22378.0,0.19,102363
96,C,30,32,24183.0,0.19,102363
96,C,30,33,29754.0,0.19,102363
96,C,30,34,33632.0,0.19,102363
96,C,30,35,36756.0,0.19,102363
96,C,30,36,42800.0,0.19,102363
96,C,30,37,47330.0,0.19,102363
96,C,30,38,44835.0,0.19,102363
96,C,30,39,57693.0,0.19,102363
96,C,30,40,56156.0,0.19,102363
96,C,30,41,61041.0,0.19,102363
96,C,30,42,75986.0,0.19,102363
96,C,30,43,70258.0,0.19,102363
96,C,30,44,75727.0,0.19,102363
96,C,30,45,94645.0,0.19,102363
96,C,30,46,84422.0,0.19,102363
96,C,30,47,86092.0,0.19,102363
96,C,30,48,,0.19,102363
97,C,20,0,113.0,0.05,122792
97,C,20,1,107.0,0.05,122792
97,C,20,2,127.0,0.05,122792
97,C,20,3,117.0,0.05,122792
97,C,20,4,131.0,0.05,122792
97,C,20,5,142.0,0.05,122792
97,C,20,6,152.0,0.05,122792
97,C,20,7,147.0,0.05,122792
97,C,20,8,167.0,0.05,122792
97,C,20,9,164.0,0.05,122792
97,C,20,10,186.0,0.05,122792
97,C,20,11,172.0,0.05,122792
97,C,20,12,198.0,0.05,122792
97,C,20,13,191.0,0.05,122792
97,C,20,14,205.0,0.05,122792
97,C,20,15,223.0,0.05,122792
97,C,20,16,221.0,0.05,122792
97,C,20,17,240.0,0.05,122792
97,C,20,18,249.0,0.05,122792
97,C,20,19,268.0,0.05,122792
97,C,20,20,293.0,0.05,122792
97,C,20,21,300.0,0.05,122792
97,C,20,22,286.0,0.05,122792
97,C,20,23,332.0,0.05,122792
97,C,20,24,324.0,0.05,122792
97,C,20,25,350.0,0.05,122792
97,C,20,26,368.0,0.05,122792
97,C,20,27,402.0,0.05,122792
97,C,20,28,462.0,0.05,122792
97,C,20,29,441.0,0.05,122792
97,C,20,30,485.0,0.05,122792
97,C,20,31,455.0,0.05,122792
97,C,20,32,505.0,0.05,122792
97,C,20,33,516.0,0.05,122792
97,C,20,34,558.0,0.05,122792
97,C,20,35,583.0,0.05,122792
97,C,20,36,591.0,0.05,122792
97,C,20,37,587.0,0.05,122792
97,C,20,38,675.0,0.05,122792
97,C,20,39,658.0,0.05,122792
97,C,20,40,775.0,0.05,122792
97,C,20,41,795.0,0.05,122792
97,C,20,42,880.0,0.05,122792
97,C,20,43,852.0,0.05,122792
97,C,20,44,894.0,0.05,122792
97,C,20,45,965.0,0.05,122792
97,C,20,46,905.0,0.05,122792
97,C,20,47,1147.0,0.05,122792
97,C,20,48,1028.0,0.05,122792
98,C,37,0,146.0,0.4,132546
98,C,37,1,,0.4,132546
98,C,37,2,263.0,0.4,132546
98,C,37,3,379.0,0.4,132546
98,C,37,4,,0.4,132546
98,C,37,5,771.0,0.4,132546
98,C,37,6,1072.0,0.4,132546
98,C,37,7,1447.0,0.4,132546
98,C,37,8,2063.0,0.4,132546
98,C,37,9,2535.0,0.4,132546
98,C,37,10,4131.0,0.4,132546
98,C,37,11,5276.0,0.4,132546
98,C,37,12,7533.0,0.4,132546
98,C,37,13,11268.0,0.4,132546
98,C,37,14,14558.0,0.4,132546
98,C,37,15,17087.0,0.4,132546
98,C,37,16,27320.0,0.4,132546
98,C,37,17,31713.0,0.4,132546
98,C,37,18,42526.0,0.4,132546
98,C,37,19,53765.0,0.4,132546
98,C,37,20,63059.0,0.4,132546
98,C,37,21,82414.0,0.4,132546
98,C,37,22,88772.0,0.4,132546
98,C,37,23,114663.0,0.4,132546
98,C,37,24,111880.0,0.4,132546
98,C,37,25,119120.0,0.4,132546
98,C,37,26,136681.0,0.4,132546
98,C,37,27,132606.0,0.4,132546
98,C,37,28,123729.0,0.4,132546
98,C,37,29,129424.0,0.4,132546
98,C,37,30,133800.0,0.4,132546
98,C,37,31,138062.0,0.4,132546
98,C,37,32,126756.0,0.4,132546
98,C,37,33,144455.0,0.4,132546
98,C,37,34,140284.0,0.4,132546
98,C,37,35,133848.0,0.4,132546
98,C,37,36,141706.0,0.4,132546
98,C,37,37,115612.0,0.4,132546
98,C,37,38,142838.0,0.4,132546
98,C,37,39,136197.0,0.4,132546
98,C,37,40,131167.0,0.4,132546
98,C,37,41,123544.0,0.4,132546
98,C,37,42,,0.4,132546
98,C,37,43,143453.0,0.4,132546
98,C,37,44,127971.0,0.4,132546
98,C,37,45,131934.0,0.4,132546
98,C,37,46,122001.0,0.4,132546
98,C,37,47,130031.0,0.4,132546
98,C,37,48,128218.0,0.4,132546
99,A,37,0,108.0,0.05,67170
99,A,37,1,115.0,0.05,67170
99,A,37,2,111.0,0.05,67170
99,A,37,3,131.0,0.05,67170
99,A,37,4,132.0,0.05,67170
99,A,37,5,127.0,0.05,67170
99,A,37,6,137.0,0.05,67170
99,A,37,7,152.0,0.05,67170
99,A,37,8,170.0,0.05,67170
99,A,37,9,170.0,0.05,67170
99,A,37,10,159.0,0.05,67170
99,A,37,11,177.0,0.05,67170
99,A,37,12,198.0,0.05,67170
99,A,37,13,180.0,0.05,67170
99,A,37,14,,0.05,67170
99,A,37,15,215.0,0.05,67170
99,A,37,16,230.0,0.05,67170
99,A,37,17,248.0,0.05,67170
99,A,37,18,251.0,0.05,67170
99,A,37,19,259.0,0.05,67170
99,A,37,20,284.0,0.05,67170
99,A,37,21,267.0,0.05,67170
99,A,37,22,275.0,0.05,67170
99,A,37,23,358.0,0.05,67170
99,A,37,24,375.0,0.05,67170
99,A,37,25,364.0,0.05,67170
99,A,37,26,389.0,0.05,67170
99,A,37,27,394.0,0.05,67170
99,A,37,28,418.0,0.05,67170
99,A,37,29,438.0,0.05,67170
99,A,37,30,418.0,0.05,67170
99,A,37,31,505.0,0.05,67170
99,A,37,32,505.0,0.05,67170
99,A,37,33,520.0,0.05,67170
99,A,37,34,575.0,0.05,67170
99,A,37,35,533.0,0.05,67170
99,A,37,36,620.0,0.05,67170
99,A,37,37,622.0,0.05,67170
99,A,37,38,625.0,0.05,67170
99,A,37,39,745.0,0.05,67170
99,A,37,40,777.0,0.05,67170
99,A,37,41,773.0,0.05,67170
99,A,37,42,852.0,0.05,67170
99,A,37,43,863.0,0.05,67170
99,A,37,44,871.0,0.05,67170
99,A,37,45,908.0,0.05,67170
99,A,37,46,947.0,0.05,67170
99,A,37,47,1076.0,0.05,67170
99,A,37,48,1211.0,0.05,67170
100,C,37,0,143.0,0.4,70945
100,C,37,1,204.0,0.4,70945
100,C,37,2,272.0,0.4,70945
100,C,37,3,389.0,0.4,70945
100,C,37,4,472.0,0.4,70945
100,C,37,5,655.0,0.4,70945
100,C,37,6,1097.0,0.4,70945
100,C,37,7,1600.0,0.4,70945
100,C,37,8,2161.0,0.4,70945
100,C,37,9,2983.0,0.4,70945
100,C,37,10,3876.0,0.4,70945
100,C,37,11,5654.0,0.4,70945
100,C,37,12,7250.0,0.4,70945
100,C,37,13,10337.0,0.4,70945
100,C,37,14,13899.0,0.4,70945
100,C,37,15,17161.0,0.4,70945
100,C,37,16,20878.0,0.4,70945
100,C,37,17,26431.0,0.4,70945
100,C,37,18,39176.0,0.4,70945
100,C,37,19,41983.0,0.4,70945
100,C,37,20,48784.0,0.4,70945
100,C,37,21,50932.0,0.4,70945
100,C,37,22,61531.0,0.4,70945
100,C,37,23,65347.0,0.4,70945
100,C,37,24,75195.0,0.4,70945
100,C,37,25,66138.0,0.4,70945
100,C,37,26,63023.0,0.4,70945
100,C,37,27,65212.0,0.4,70945
100,C,37,28,70363.0,0.4,70945
100,C,37,29,78218.0,0.4,70945
100,C,37,30,76116.0,0.4,70945
100,C,37,31,72895.0,0.4,70945
100,C,37,32,70071.0,0.4,70945
100,C,37,33,69515.0,0.4,70945
100,C,37,34,68123.0,0.4,70945
100,C,37,35,72528.0,0.4,70945
100,C,37,36,76660.0,0.4,70945
100,C,37,37,3386850.0,0.4,70945
100,C,37,38,73856.0,0.4,70945
100,C,37,39,67466.0,0.4,70945
100,C,37,40,,0.4,70945
100,C,37,41,79892.0,0.4,70945
100,C,37,42,68434.0,0.4,70945
100,C,37,43,74122.0,0.4,70945
100,C,37,44,71621.0,0.4,70945
100,C,37,45,68003.0,0.4,70945
100,C,37,46,72517.0,0.4,70945
100,C,37,47,72880.0,0.4,70945
100,C,37,48,64391.0,0.4,70945
68,C,30,22,5621.0,0.19,135730
47,A,20,11,1344.0,0.25,65516
31,C,37,15,20284.0,0.4,147379
12,A,25,35,111857.0,0.4,105850
75,B,30,15,17946.0,0.4,96193
58,C,25,39,627.0,0.05,137409
73,C,30,22,5511.0,0.19,108519
51,A,20,2,189.0,0.25,134271
71,A,25,5,774.0,0.4,65356
92,A,25,5,869.0,0.4,61053
89,C,37,1,196.0,0.4,119394
27,B,30,17,32956.0,0.4,123573
35,A,30,35,93707.0,0.25,122719
21,A,25,9,,0.4,72722
39,C,20,23,342.0,0.05,73005
29,B,25,10,1178.0,0.25,59059
89,C,37,20,64230.0,0.4,119394
50,B,30,14,13565.0,0.4,120092
12,A,25,47,93728.0,0.4,105850
95,B,20,0,110.0,0.1,148759
92,A,25,39,68837.0,0.4,61053
42,C,20,30,444.0,0.05,69704
96,C,30,33,29754.0,0.19,102363
75,B,30,30,98333.0,0.4,96193
82,C,37,2,262.0,0.4,73142
64,B,37,44,51049.0,0.19,61849
23,C,37,17,34498.0,0.4,148213
82,C,37,48,72199.0,0.4,73142
90,B,30,16,26313.0,0.4,138889
77,A,37,44,959.0,0.05,109212
33,A,25,27,76861.0,0.4,87104
89,C,37,40,121404.0,0.4,119394
89,C,37,12,7333.0,0.4,119394
55,A,30,1,144.0,0.25,87331
98,C,37,34,140284.0,0.4,132546
95,B,20,7,216.0,0.1,148759
27,B,30,33,124396.0,0.4,123573
29,B,25,18,6220.0,0.25,59059
52,A,37,18,254.0,0.05,118920
85,A,25,17,29358.0,0.4,84660
15,B,30,1,204.0,0.4,103897
27,B,30,16,27403.0,0.4,123573
72,A,20,12,1796.0,0.25,128762
30,A,37,26,355.0,0.05,57998
68,C,30,41,73857.0,0.19,135730
83,B,25,47,54487.0,0.25,54948
92,A,25,44,58421.0,0.4,61053
63,B,30,0,146.0,0.4,73538
61,C,25,8,151.0,0.05,129168
